,Unnamed: 0,Name,All-Star Year,Age,Team,League,Position,Games Played,Games Started,MPG,FG,FGA,FG%,3P,3PA,3P%,2P,2PA,2P%,eFG%,FT,FTA,FT%,ORB,DRB,TRB,AST,STL,BLK,TOV,PF,PTS,Previous Times All-Star,First Appearance
0,0,Jayson Tatum,2023,24,BOS,NBA,SF,74,74,36.9,9.8,21.1,0.466,3.2,9.3,.350,6.6,11.8,0.5579999999999999,0.5429999999999999,7.2,8.4,0.8540000000000001,1.1,7.7,8.8,4.6,1.1,0.7,2.9,2.2,30.1,3,False
1,1,Donovan Mitchell,2023,26,CLE,NBA,SG,68,68,35.8,10.0,20.6,0.484,3.6,9.3,.386,6.4,11.3,0.5660000000000001,0.5720000000000001,4.7,5.4,0.867,0.9,3.3,4.3,4.4,1.5,0.4,2.6,2.5,28.3,2,False
2,2,Lauri Markkanen,2023,25,UTA,NBA,PF,66,66,34.4,8.7,17.3,0.499,3.0,7.7,.391,5.6,9.6,0.585,0.586,5.3,6.0,0.875,2.0,6.7,8.6,1.9,0.6,0.6,1.9,2.1,25.6,0,True
3,3,Ja Morant,2023,23,MEM,NBA,PG,61,59,31.9,9.3,19.9,0.466,1.5,4.9,.307,7.8,15.0,0.519,0.504,6.1,8.1,0.748,1.0,4.9,5.9,8.1,1.1,0.3,3.4,1.6,26.2,1,False
4,4,Giannis Antetokounmpo,2023,28,MIL,NBA,PF,63,63,32.1,11.2,20.3,0.5529999999999999,0.7,2.7,.275,10.5,17.6,0.596,0.5720000000000001,7.9,12.3,0.645,2.2,9.6,11.8,5.7,0.8,0.8,3.9,3.1,31.1,6,False
5,5,Bam Adebayo,2023,25,MIA,NBA,C,75,75,34.6,8.0,14.9,0.54,0.0,0.2,.083,8.0,14.7,0.545,0.541,4.3,5.4,0.8059999999999999,2.5,6.7,9.2,3.2,1.2,0.8,2.5,2.8,20.4,1,False
6,6,Damian Lillard,2023,32,POR,NBA,PG,58,58,36.3,9.6,20.7,0.46299999999999997,4.2,11.3,.371,5.4,9.4,0.574,0.564,8.8,9.6,0.914,0.8,4.0,4.8,7.3,0.9,0.3,3.3,1.9,32.2,5,False
7,7,DeMar DeRozan,2023,33,CHI,NBA,SF,74,74,36.2,8.9,17.6,0.504,0.6,1.9,.324,8.3,15.7,0.526,0.522,6.2,7.1,0.872,0.5,4.2,4.6,5.1,1.1,0.5,2.1,2.5,24.5,5,False
8,8,Pascal Siakam,2023,28,TOR,NBA,PF,71,71,37.4,8.9,18.5,0.48,1.3,4.0,.324,7.6,14.5,0.523,0.515,5.2,6.7,0.774,1.8,6.0,7.8,5.8,0.9,0.5,2.4,3.2,24.2,1,False
9,9,Domantas Sabonis,2023,26,SAC,NBA,C,79,79,34.6,7.3,11.9,0.615,0.4,1.1,.373,6.9,10.8,0.639,0.632,4.1,5.5,0.742,3.2,9.1,12.3,7.3,0.8,0.5,2.9,3.5,19.1,2,False
10,10,Shai Gilgeous-Alexander,2023,24,OKC,NBA,PG,68,68,35.5,10.4,20.3,0.51,0.9,2.5,.345,9.5,17.8,0.5329999999999999,0.531,9.8,10.9,0.905,0.9,4.0,4.8,5.5,1.6,1.0,2.8,2.8,31.4,0,True
11,11,Jrue Holiday,2023,32,MIL,NBA,PG,67,65,32.6,7.3,15.3,0.479,2.4,6.1,.384,5.0,9.1,0.542,0.556,2.3,2.6,0.8590000000000001,1.2,3.9,5.1,7.4,1.2,0.4,2.9,1.7,19.3,1,False
12,12,Kyrie Irving,2023,30,TOT,NBA,"PG,SG",60,60,37.4,9.9,20.1,0.494,3.1,8.3,.379,6.8,11.8,0.574,0.5720000000000001,4.1,4.6,0.905,1.0,4.1,5.1,5.5,1.1,0.8,2.1,2.8,27.1,7,False
13,13,Joel Embiid,2023,28,PHI,NBA,C,66,66,34.6,11.0,20.1,0.5479999999999999,1.0,3.0,.330,10.0,17.1,0.5870000000000001,0.573,10.0,11.7,0.857,1.7,8.4,10.2,4.2,1.0,1.7,3.4,3.1,33.1,4,False
14,14,Nikola Jokić,2023,27,DEN,NBA,C,69,69,33.7,9.4,14.8,0.632,0.8,2.2,.383,8.5,12.7,0.675,0.66,4.9,6.0,0.8220000000000001,2.4,9.4,11.8,9.8,1.3,0.7,3.6,2.5,24.5,4,False
15,15,Luka Dončić,2023,23,DAL,NBA,PG,66,66,36.2,10.9,22.0,0.496,2.8,8.2,.342,8.1,13.8,0.588,0.56,7.8,10.5,0.742,0.8,7.8,8.6,8.0,1.4,0.5,3.6,2.5,32.4,3,False
16,16,LeBron James,2023,38,LAL,NBA,PF,55,54,35.5,11.1,22.2,0.5,2.2,6.9,.321,8.9,15.3,0.58,0.5489999999999999,4.6,5.9,0.768,1.2,7.1,8.3,6.8,0.9,0.6,3.2,1.6,28.9,18,False
17,17,Jaylen Brown,2023,26,BOS,NBA,SF,67,67,35.9,10.1,20.6,0.491,2.4,7.3,.335,7.7,13.4,0.5760000000000001,0.55,3.9,5.1,0.765,1.2,5.7,6.9,3.5,1.1,0.4,2.9,2.6,26.6,1,False
18,18,Julius Randle,2023,28,NYK,NBA,PF,77,77,35.5,8.5,18.6,0.45899999999999996,2.8,8.3,.343,5.7,10.3,0.5529999999999999,0.536,5.2,6.9,0.757,1.8,8.1,10.0,4.1,0.6,0.3,2.8,3.0,25.1,1,False
19,19,Paul George,2023,32,LAC,NBA,SF,56,56,34.6,8.2,17.9,0.457,2.8,7.6,.371,5.4,10.3,0.521,0.536,4.6,5.3,0.871,0.8,5.3,6.1,5.1,1.5,0.4,3.1,2.8,23.8,7,False
20,20,Anthony Edwards,2023,21,MIN,NBA,SG,79,79,36.0,8.9,19.5,0.45899999999999996,2.7,7.3,.369,6.3,12.2,0.513,0.528,4.0,5.3,0.7559999999999999,0.6,5.2,5.8,4.4,1.6,0.7,3.3,2.4,24.6,0,True
21,21,Tyrese Haliburton,2023,22,IND,NBA,PG,56,56,33.6,7.4,15.0,0.49,2.9,7.2,.400,4.5,7.8,0.5720000000000001,0.586,3.1,3.6,0.871,0.6,3.1,3.7,10.4,1.6,0.4,2.5,1.2,20.7,0,True
22,22,De'Aaron Fox,2023,25,SAC,NBA,PG,73,73,33.4,9.3,18.2,0.512,1.6,5.0,.324,7.7,13.2,0.584,0.557,4.7,6.0,0.78,0.5,3.6,4.2,6.1,1.1,0.3,2.5,2.4,25.0,0,True
23,23,Jaren Jackson Jr.,2023,23,MEM,NBA,C,63,63,28.4,6.6,13.0,0.506,1.6,4.5,.355,5.0,8.6,0.585,0.5670000000000001,3.8,4.9,0.7879999999999999,1.7,5.0,6.8,1.0,1.0,3.0,1.7,3.6,18.6,0,True
24,24,Stephen Curry,2022,33,GSW,NBA,PG,64,64,34.5,8.4,19.1,0.43700000000000006,4.5,11.7,.380,3.9,7.4,0.527,0.5539999999999999,4.3,4.7,0.9229999999999999,0.5,4.7,5.2,6.3,1.3,0.4,3.2,2.0,25.5,7,False
25,25,LeBron James,2022,37,LAL,NBA,C,56,56,37.2,11.4,21.8,0.524,2.9,8.0,.359,8.6,13.8,0.62,0.59,4.5,6.0,0.7559999999999999,1.1,7.1,8.2,6.2,1.3,1.1,3.5,2.2,30.3,17,False
26,26,Giannis Antetokounmpo,2022,27,MIL,NBA,PF,67,67,32.9,10.3,18.6,0.5529999999999999,1.1,3.6,.293,9.2,15.0,0.616,0.5820000000000001,8.3,11.4,0.722,2.0,9.6,11.6,5.8,1.1,1.4,3.3,3.2,29.9,5,False
27,27,DeMar DeRozan,2022,32,CHI,NBA,PF,76,76,36.1,10.2,20.2,0.504,0.7,1.9,.352,9.5,18.3,0.52,0.521,6.8,7.8,0.877,0.7,4.4,5.2,4.9,0.9,0.3,2.4,2.3,27.9,4,False
28,28,Nikola Jokić,2022,26,DEN,NBA,C,74,74,33.5,10.3,17.7,0.583,1.3,3.9,.337,9.0,13.8,0.652,0.62,5.1,6.3,0.81,2.8,11.0,13.8,7.9,1.5,0.9,3.8,2.6,27.1,3,False
29,29,Luka Dončić,2022,22,DAL,NBA,PG,65,65,35.4,9.9,21.6,0.457,3.1,8.8,.353,6.8,12.8,0.528,0.529,5.6,7.5,0.7440000000000001,0.9,8.3,9.1,8.7,1.2,0.6,4.5,2.2,28.4,2,False
30,30,Darius Garland,2022,22,CLE,NBA,PG,68,68,35.7,8.0,17.3,0.462,2.6,6.7,.383,5.4,10.6,0.512,0.536,3.2,3.5,0.892,0.6,2.7,3.3,8.6,1.3,0.1,3.6,1.7,21.7,0,True
31,31,Jarrett Allen,2022,23,CLE,NBA,C,56,56,32.3,6.6,9.7,0.677,0.0,0.2,.100,6.6,9.6,0.688,0.6779999999999999,2.9,4.2,0.708,3.4,7.3,10.8,1.6,0.8,1.3,1.7,1.7,16.1,0,True
32,32,Fred VanVleet,2022,27,TOR,NBA,PG,65,65,37.9,6.8,16.9,0.40299999999999997,3.7,9.9,.377,3.1,7.0,0.44,0.513,3.0,3.4,0.8740000000000001,0.7,3.8,4.4,6.7,1.7,0.5,2.6,2.5,20.3,0,True
33,33,Jimmy Butler,2022,32,MIA,NBA,SF,57,57,33.9,7.0,14.5,0.48,0.5,2.0,.233,6.5,12.5,0.52,0.496,6.9,8.0,0.87,1.8,4.1,5.9,5.5,1.6,0.5,2.1,1.5,21.4,3,False
34,34,Chris Paul,2022,36,PHO,NBA,PG,65,65,32.9,5.6,11.3,0.493,1.0,3.1,.317,4.6,8.3,0.5589999999999999,0.536,2.6,3.1,0.8370000000000001,0.3,4.0,4.4,10.8,1.9,0.3,2.4,2.1,14.7,10,False
35,35,Joel Embiid,2022,27,PHI,NBA,C,68,68,33.8,9.8,19.6,0.499,1.4,3.7,.371,8.4,15.9,0.529,0.534,9.6,11.8,0.8140000000000001,2.1,9.6,11.7,4.2,1.1,1.5,3.1,2.7,30.6,3,False
36,36,Jayson Tatum,2022,23,BOS,NBA,SF,76,76,35.9,9.3,20.6,0.45299999999999996,3.0,8.6,.353,6.3,12.0,0.524,0.526,5.3,6.2,0.853,1.1,6.9,8.0,4.4,1.0,0.6,2.9,2.3,26.9,2,False
37,37,Trae Young,2022,23,ATL,NBA,PG,76,76,34.9,9.4,20.3,0.46,3.1,8.0,.382,6.3,12.3,0.512,0.536,6.6,7.3,0.904,0.7,3.1,3.7,9.7,0.9,0.1,4.0,1.7,28.4,1,False
38,38,Ja Morant,2022,22,MEM,NBA,PG,57,57,33.1,10.2,20.6,0.493,1.5,4.5,.344,8.6,16.2,0.534,0.53,5.5,7.3,0.7609999999999999,1.4,4.4,5.7,6.7,1.2,0.4,3.4,1.5,27.4,0,True
39,39,Andrew Wiggins,2022,26,GSW,NBA,SF,73,73,31.9,6.5,14.0,0.466,2.2,5.5,.393,4.4,8.5,0.513,0.5429999999999999,2.0,3.2,0.634,1.2,3.3,4.5,2.2,1.0,0.7,1.5,2.2,17.2,0,True
40,40,Devin Booker,2022,25,PHO,NBA,SG,68,68,34.5,9.7,20.9,0.466,2.7,7.0,.383,7.0,13.9,0.508,0.53,4.6,5.3,0.868,0.7,4.4,5.0,4.8,1.1,0.4,2.4,2.6,26.8,1,False
41,41,Dejounte Murray,2022,25,SAS,NBA,PG,68,68,34.8,8.4,18.3,0.462,1.4,4.3,.327,7.0,13.9,0.504,0.5,2.9,3.6,0.794,1.2,7.1,8.3,9.2,2.0,0.3,2.6,2.0,21.1,0,True
42,42,LaMelo Ball,2022,20,CHO,NBA,PG,75,75,32.3,7.2,16.7,0.429,2.9,7.5,.389,4.2,9.2,0.462,0.517,2.8,3.2,0.872,1.4,5.2,6.7,7.6,1.6,0.4,3.3,3.2,20.1,0,True
43,43,Khris Middleton,2022,30,MIL,NBA,SF,66,66,32.4,6.8,15.5,0.44299999999999995,2.5,6.6,.373,4.4,8.9,0.494,0.522,3.9,4.4,0.89,0.6,4.8,5.4,5.4,1.2,0.3,2.9,2.4,20.1,2,False
44,44,Karl-Anthony Towns,2022,26,MIN,NBA,C,74,74,33.5,8.7,16.4,0.529,2.0,4.9,.410,6.6,11.5,0.58,0.591,5.2,6.3,0.8220000000000001,2.6,7.2,9.8,3.6,1.0,1.1,3.1,3.6,24.6,2,False
45,45,Rudy Gobert,2022,29,UTA,NBA,C,66,66,32.1,5.5,7.7,0.713,0.0,0.1,.000,5.5,7.6,0.718,0.713,4.6,6.7,0.69,3.7,11.0,14.7,1.1,0.7,2.1,1.8,2.7,15.6,2,False
46,46,Zach LaVine,2022,26,CHI,NBA,SG,67,67,34.7,8.4,17.7,0.47600000000000003,2.8,7.1,.389,5.7,10.6,0.534,0.5539999999999999,4.8,5.6,0.853,0.3,4.3,4.6,4.5,0.6,0.3,2.6,1.8,24.4,1,False
47,47,Luka Dončić,2021,21,DAL,NBA,PG,66,66,34.3,9.8,20.5,0.479,2.9,8.3,.350,6.9,12.2,0.5670000000000001,0.55,5.2,7.1,0.73,0.8,7.2,8.0,8.6,1.0,0.5,4.3,2.3,27.7,1,False
48,48,Stephen Curry,2021,32,GSW,NBA,PG,63,63,34.2,10.4,21.7,0.48200000000000004,5.3,12.7,.421,5.1,9.0,0.569,0.605,5.7,6.3,0.9159999999999999,0.5,5.0,5.5,5.8,1.2,0.1,3.4,1.9,32.0,6,False
49,49,Giannis Antetokounmpo,2021,26,MIL,NBA,PF,61,61,33.0,10.3,18.0,0.569,1.1,3.6,.303,9.2,14.4,0.636,0.6,6.5,9.5,0.685,1.6,9.4,11.0,5.9,1.2,1.2,3.4,2.8,28.1,4,False
50,50,Nikola Jokić,2021,25,DEN,NBA,C,72,72,34.6,10.2,18.0,0.5660000000000001,1.3,3.3,.388,8.9,14.7,0.606,0.602,4.8,5.5,0.868,2.8,8.0,10.8,8.3,1.3,0.7,3.1,2.7,26.4,2,False
51,51,LeBron James,2021,36,LAL,NBA,PG,45,45,33.4,9.4,18.3,0.513,2.3,6.3,.365,7.1,12.0,0.591,0.5760000000000001,4.0,5.7,0.698,0.6,7.0,7.7,7.8,1.1,0.6,3.7,1.6,25.0,16,False
52,52,Chris Paul,2021,35,PHO,NBA,PG,70,70,31.4,6.3,12.6,0.499,1.5,3.7,.395,4.8,8.9,0.5429999999999999,0.557,2.4,2.6,0.934,0.4,4.1,4.5,8.9,1.4,0.3,2.2,2.4,16.4,9,False
53,53,Jaylen Brown,2021,24,BOS,NBA,SG,58,58,34.5,9.3,19.2,0.484,2.8,7.1,.397,6.5,12.1,0.536,0.5579999999999999,3.3,4.3,0.764,1.2,4.8,6.0,3.4,1.2,0.6,2.7,2.9,24.7,0,True
54,54,Paul George,2021,30,LAC,NBA,SF,54,54,33.7,8.2,17.6,0.467,3.2,7.7,.411,5.1,9.9,0.51,0.557,3.7,4.2,0.868,0.8,5.8,6.6,5.2,1.1,0.4,3.3,2.4,23.3,6,False
55,55,Damian Lillard,2021,30,POR,NBA,PG,67,67,35.8,9.0,19.9,0.451,4.1,10.5,.391,4.9,9.4,0.519,0.5539999999999999,6.7,7.2,0.9279999999999999,0.5,3.7,4.2,7.5,0.9,0.3,3.0,1.5,28.8,4,False
56,56,Domantas Sabonis,2021,24,IND,NBA,PF,62,62,36.0,7.8,14.6,0.535,0.8,2.6,.321,7.0,12.0,0.5820000000000001,0.564,3.9,5.3,0.732,2.4,9.5,12.0,6.7,1.2,0.5,3.4,3.3,20.3,1,False
57,57,Rudy Gobert,2021,28,UTA,NBA,C,71,71,30.8,5.5,8.2,0.675,0.0,0.1,.000,5.5,8.1,0.68,0.675,3.3,5.3,0.623,3.4,10.1,13.5,1.3,0.6,2.7,1.7,2.3,14.3,1,False
58,58,Kyrie Irving,2021,28,BRK,NBA,PG,54,54,34.9,10.2,20.1,0.506,2.8,7.0,.402,7.4,13.1,0.561,0.5760000000000001,3.7,4.0,0.922,1.0,3.8,4.8,6.0,1.4,0.7,2.4,2.6,26.9,6,False
59,59,Bradley Beal,2021,27,WAS,NBA,SG,60,60,35.8,11.2,23.0,0.485,2.2,6.2,.349,9.0,16.8,0.535,0.532,6.8,7.7,0.889,1.2,3.5,4.7,4.4,1.2,0.4,3.1,2.3,31.3,2,False
60,60,Kawhi Leonard,2021,29,LAC,NBA,SF,52,52,34.1,8.9,17.5,0.512,1.9,4.9,.398,7.0,12.6,0.557,0.568,5.0,5.7,0.885,1.1,5.4,6.5,5.2,1.6,0.4,2.0,1.6,24.8,4,False
61,61,Jayson Tatum,2021,22,BOS,NBA,SF,64,64,35.8,9.5,20.6,0.45899999999999996,2.9,7.6,.386,6.5,13.0,0.502,0.53,4.6,5.3,0.868,0.8,6.6,7.4,4.3,1.2,0.5,2.7,1.9,26.4,1,False
62,62,Zion Williamson,2021,20,NOP,NBA,PF,61,61,33.2,10.4,17.0,0.611,0.2,0.6,.294,10.2,16.4,0.622,0.616,6.0,8.7,0.698,2.7,4.5,7.2,3.7,0.9,0.6,2.7,2.2,27.0,0,True
63,63,James Harden,2021,31,TOT,NBA,PG,44,43,36.6,7.8,16.7,0.466,2.8,7.6,.362,5.0,9.1,0.5529999999999999,0.5479999999999999,6.3,7.3,0.861,0.8,7.1,7.9,10.8,1.2,0.8,4.0,2.3,24.6,8,False
64,64,Donovan Mitchell,2021,24,UTA,NBA,PG,53,53,33.4,9.0,20.6,0.43799999999999994,3.4,8.7,.386,5.7,11.9,0.47600000000000003,0.52,5.0,6.0,0.845,0.9,3.5,4.4,5.2,1.0,0.3,2.8,2.2,26.4,1,False
65,65,Zach LaVine,2021,25,CHI,NBA,SG,58,58,35.1,9.8,19.4,0.507,3.4,8.2,.419,6.4,11.1,0.5710000000000001,0.596,4.4,5.1,0.8490000000000001,0.6,4.4,5.0,4.9,0.8,0.5,3.5,2.4,27.4,0,True
66,66,Nikola Vučević,2021,30,TOT,NBA,C,70,70,33.5,9.5,19.9,0.47700000000000004,2.5,6.3,.400,7.0,13.7,0.513,0.54,1.9,2.2,0.84,2.1,9.6,11.7,3.8,0.9,0.7,1.8,2.0,23.4,1,False
67,67,Julius Randle,2021,26,NYK,NBA,PF,71,71,37.6,8.5,18.6,0.456,2.3,5.5,.411,6.2,13.1,0.474,0.516,4.9,6.0,0.8109999999999999,1.2,9.0,10.2,6.0,0.9,0.3,3.4,3.2,24.1,0,True
68,68,Mike Conley,2021,33,UTA,NBA,PG,51,51,29.4,5.6,12.5,0.444,2.7,6.6,.412,2.9,6.0,0.479,0.552,2.4,2.8,0.852,0.7,2.8,3.5,6.0,1.4,0.2,1.9,1.9,16.2,0,True
69,69,Kawhi Leonard,2020,28,LAC,NBA,SF,57,57,32.4,9.3,19.9,0.47,2.2,5.7,.378,7.2,14.2,0.506,0.524,6.2,7.1,0.8859999999999999,0.9,6.1,7.1,4.9,1.8,0.6,2.6,2.0,27.1,3,False
70,70,Anthony Davis,2020,26,LAL,NBA,PF,62,62,34.4,8.9,17.7,0.503,1.2,3.5,.330,7.7,14.2,0.546,0.536,7.2,8.5,0.846,2.3,7.0,9.3,3.2,1.5,2.3,2.5,2.5,26.1,5,False
71,71,LeBron James,2020,35,LAL,NBA,PG,67,67,34.6,9.6,19.4,0.493,2.2,6.3,.348,7.4,13.1,0.564,0.55,3.9,5.7,0.693,1.0,6.9,7.8,10.2,1.2,0.5,3.9,1.8,25.3,15,False
72,72,James Harden,2020,30,HOU,NBA,SG,68,68,36.5,9.9,22.3,0.444,4.4,12.4,.355,5.5,9.9,0.556,0.5429999999999999,10.2,11.8,0.865,1.0,5.5,6.6,7.5,1.8,0.9,4.5,3.3,34.3,7,False
73,73,Luka Dončić,2020,20,DAL,NBA,PG,61,61,33.6,9.5,20.6,0.46299999999999997,2.8,8.9,.316,6.7,11.7,0.574,0.531,7.0,9.2,0.758,1.3,8.1,9.4,8.8,1.0,0.2,4.3,2.5,28.8,0,True
74,74,Ben Simmons,2020,23,PHI,NBA,PG,57,57,35.4,6.6,11.4,0.58,0.0,0.1,.286,6.5,11.2,0.583,0.581,3.2,5.2,0.621,2.0,5.8,7.8,8.0,2.1,0.6,3.5,3.3,16.4,1,False
75,75,Russell Westbrook,2020,31,HOU,NBA,PG,57,57,35.9,10.6,22.5,0.47200000000000003,1.0,3.7,.258,9.6,18.7,0.514,0.493,5.1,6.7,0.763,1.8,6.2,7.9,7.0,1.6,0.4,4.5,3.5,27.2,8,False
76,76,Chris Paul,2020,34,OKC,NBA,PG,70,70,31.5,6.2,12.7,0.489,1.6,4.3,.365,4.6,8.3,0.5539999999999999,0.552,3.6,4.0,0.907,0.4,4.6,5.0,6.7,1.6,0.2,2.3,2.3,17.6,8,False
77,77,Devin Booker,2020,23,PHO,NBA,SG,70,70,35.9,9.0,18.3,0.489,2.0,5.7,.354,6.9,12.6,0.5489999999999999,0.544,6.7,7.3,0.919,0.4,3.8,4.2,6.5,0.7,0.3,3.8,3.0,26.6,0,True
78,78,Domantas Sabonis,2020,23,IND,NBA,PF,62,62,34.8,7.4,13.7,0.54,0.3,1.1,.254,7.1,12.6,0.565,0.55,3.5,4.8,0.723,3.0,9.4,12.4,5.0,0.8,0.5,2.7,3.1,18.5,0,True
79,79,Jayson Tatum,2020,21,BOS,NBA,PF,66,66,34.3,8.4,18.6,0.45,2.9,7.1,.403,5.5,11.5,0.48,0.527,3.8,4.7,0.812,1.0,6.0,7.0,3.0,1.4,0.9,2.3,2.1,23.4,0,True
80,80,Nikola Jokić,2020,24,DEN,NBA,C,73,73,32.0,7.7,14.7,0.528,1.1,3.5,.314,6.6,11.2,0.594,0.565,3.4,4.1,0.8170000000000001,2.3,7.5,9.7,7.0,1.2,0.6,3.1,3.0,19.9,1,False
81,81,Giannis Antetokounmpo,2020,25,MIL,NBA,PF,63,63,30.4,10.9,19.7,0.5529999999999999,1.4,4.7,.304,9.5,15.0,0.631,0.589,6.3,10.0,0.633,2.2,11.4,13.6,5.6,1.0,1.0,3.7,3.1,29.5,3,False
82,82,Kemba Walker,2020,29,BOS,NBA,PG,56,56,31.1,6.8,15.9,0.425,3.2,8.4,.381,3.5,7.4,0.47600000000000003,0.526,3.7,4.3,0.8640000000000001,0.6,3.2,3.9,4.8,0.9,0.5,2.1,1.6,20.4,3,False
83,83,Joel Embiid,2020,25,PHI,NBA,C,51,51,29.5,7.5,15.7,0.47700000000000004,1.1,3.4,.331,6.4,12.3,0.517,0.512,6.9,8.5,0.807,2.8,8.9,11.6,3.0,0.9,1.3,3.1,3.4,23.0,2,False
84,84,Pascal Siakam,2020,25,TOR,NBA,PF,60,60,35.2,8.3,18.4,0.45299999999999996,2.2,6.1,.359,6.2,12.3,0.499,0.512,4.0,5.1,0.792,1.1,6.3,7.3,3.5,1.0,0.9,2.5,2.8,22.9,0,True
85,85,Trae Young,2020,21,ATL,NBA,PG,60,60,35.3,9.1,20.8,0.43700000000000006,3.4,9.5,.361,5.7,11.4,0.501,0.519,8.0,9.3,0.86,0.5,3.7,4.3,9.3,1.1,0.1,4.8,1.7,29.6,0,True
86,86,Kyle Lowry,2020,33,TOR,NBA,PG,58,58,36.2,5.8,13.8,0.41600000000000004,2.8,8.0,.352,2.9,5.8,0.504,0.518,5.1,5.9,0.857,0.6,4.5,5.0,7.5,1.4,0.4,3.1,3.3,19.4,5,False
87,87,Khris Middleton,2020,28,MIL,NBA,SF,62,59,29.9,7.6,15.3,0.49700000000000005,2.4,5.7,.415,5.2,9.6,0.546,0.575,3.4,3.7,0.9159999999999999,0.7,5.5,6.2,4.3,0.9,0.1,2.2,2.3,20.9,1,False
88,88,Rudy Gobert,2020,27,UTA,NBA,C,68,68,34.3,5.7,8.2,0.693,0.0,0.0,None,5.7,8.2,0.693,0.693,3.7,5.9,0.63,3.4,10.1,13.5,1.5,0.8,2.0,1.9,3.2,15.1,0,True
89,89,Donovan Mitchell,2020,23,UTA,NBA,SG,69,69,34.3,8.7,19.4,0.449,2.5,6.9,.366,6.2,12.6,0.494,0.513,4.0,4.7,0.863,0.8,3.6,4.4,4.3,1.0,0.2,2.7,2.5,24.0,0,True
90,90,Jimmy Butler,2020,30,MIA,NBA,SF,58,58,33.8,5.9,13.1,0.455,0.5,2.1,.244,5.4,11.0,0.495,0.474,7.6,9.1,0.8340000000000001,1.8,4.8,6.7,6.0,1.8,0.6,2.2,1.4,19.9,2,False
91,91,Bam Adebayo,2020,22,MIA,NBA,PF,72,72,33.6,6.1,11.0,0.557,0.0,0.2,.143,6.1,10.8,0.564,0.5579999999999999,3.7,5.3,0.691,2.4,7.8,10.2,5.1,1.1,1.3,2.8,2.5,15.9,0,True
92,92,Brandon Ingram,2020,22,NOP,NBA,PF,62,62,33.9,8.2,17.7,0.46299999999999997,2.4,6.2,.391,5.8,11.5,0.501,0.531,5.0,5.9,0.851,0.8,5.3,6.1,4.2,1.0,0.6,3.0,2.9,23.8,0,True
93,93,LeBron James,2019,34,LAL,NBA,SF,55,55,35.2,10.1,19.9,0.51,2.0,5.9,.339,8.1,14.0,0.5820000000000001,0.56,5.1,7.6,0.665,1.0,7.4,8.5,8.3,1.3,0.6,3.6,1.7,27.4,14,False
94,94,James Harden,2019,29,HOU,NBA,PG,78,78,36.8,10.8,24.5,0.442,4.8,13.2,.368,6.0,11.3,0.528,0.541,9.7,11.0,0.879,0.8,5.8,6.6,7.5,2.0,0.7,5.0,3.1,36.1,6,False
95,95,Kevin Durant,2019,30,GSW,NBA,SF,78,78,34.6,9.2,17.7,0.521,1.8,5.0,.353,7.5,12.8,0.5870000000000001,0.5710000000000001,5.7,6.5,0.885,0.4,5.9,6.4,5.9,0.7,1.1,2.9,2.0,26.0,9,False
96,96,Kyrie Irving,2019,26,BOS,NBA,PG,67,67,33.0,9.0,18.5,0.48700000000000004,2.6,6.5,.401,6.4,12.0,0.5329999999999999,0.557,3.2,3.7,0.873,1.1,3.9,5.0,6.9,1.5,0.5,2.6,2.5,23.8,5,False
97,97,Kawhi Leonard,2019,27,TOR,NBA,SF,60,60,34.0,9.3,18.8,0.496,1.9,5.0,.371,7.5,13.8,0.542,0.546,6.1,7.1,0.8540000000000001,1.3,6.0,7.3,3.3,1.8,0.4,2.0,1.5,26.6,2,False
98,98,Damian Lillard,2019,28,POR,NBA,PG,80,80,35.5,8.5,19.2,0.444,3.0,8.0,.369,5.6,11.1,0.499,0.522,5.9,6.4,0.912,0.9,3.8,4.6,6.9,1.1,0.4,2.7,1.9,25.8,3,False
99,99,Klay Thompson,2019,28,GSW,NBA,SG,78,78,34.0,8.4,18.0,0.467,3.1,7.7,.402,5.3,10.3,0.516,0.5529999999999999,1.7,2.0,0.816,0.5,3.4,3.8,2.4,1.1,0.6,1.5,2.0,21.5,4,False
100,100,Bradley Beal,2019,25,WAS,NBA,SG,82,82,36.9,9.3,19.6,0.475,2.5,7.3,.351,6.8,12.4,0.5479999999999999,0.54,4.4,5.5,0.8079999999999999,1.1,3.9,5.0,5.5,1.5,0.7,2.7,2.8,25.6,1,False
101,101,Ben Simmons,2019,22,PHI,NBA,PG,79,79,34.2,6.8,12.2,0.563,0.0,0.1,.000,6.8,12.1,0.5660000000000001,0.563,3.3,5.4,0.6,2.2,6.6,8.8,7.7,1.4,0.8,3.5,2.6,16.9,0,True
102,102,Karl-Anthony Towns,2019,23,MIN,NBA,C,77,77,33.1,8.8,17.1,0.518,1.8,4.6,.400,7.0,12.5,0.562,0.5720000000000001,4.9,5.8,0.836,3.4,9.0,12.4,3.4,0.9,1.6,3.1,3.8,24.4,1,False
103,103,LaMarcus Aldridge,2019,33,SAS,NBA,C,81,81,33.2,8.4,16.3,0.519,0.1,0.5,.238,8.3,15.8,0.528,0.522,4.3,5.1,0.847,3.1,6.1,9.2,2.4,0.5,1.3,1.8,2.2,21.3,6,False
104,104,Dwyane Wade,2019,37,MIA,NBA,SG,72,2,26.2,5.8,13.3,0.433,1.2,3.6,.330,4.6,9.7,0.47200000000000003,0.478,2.3,3.2,0.708,1.0,3.0,4.0,4.2,0.8,0.5,2.3,1.6,15.0,11,False
105,105,Anthony Davis,2019,25,NOP,NBA,C,56,56,33.0,9.5,18.3,0.517,0.9,2.6,.331,8.6,15.7,0.547,0.54,6.1,7.7,0.794,3.1,8.9,12.0,3.9,1.6,2.4,2.0,2.4,25.9,4,False
106,106,Stephen Curry,2019,30,GSW,NBA,PG,69,69,33.8,9.2,19.4,0.47200000000000003,5.1,11.7,.437,4.0,7.7,0.525,0.604,3.8,4.2,0.9159999999999999,0.7,4.7,5.3,5.2,1.3,0.4,2.8,2.4,27.3,5,False
107,107,Giannis Antetokounmpo,2019,24,MIL,NBA,PF,72,72,32.8,10.0,17.3,0.578,0.7,2.8,.256,9.3,14.5,0.6409999999999999,0.599,6.9,9.5,0.7290000000000001,2.2,10.3,12.5,5.9,1.3,1.5,3.7,3.2,27.7,2,False
108,108,Paul George,2019,28,OKC,NBA,SF,77,77,36.9,9.2,21.0,0.43799999999999994,3.8,9.8,.386,5.4,11.1,0.484,0.529,5.9,7.0,0.8390000000000001,1.4,6.8,8.2,4.1,2.2,0.4,2.7,2.8,28.0,5,False
109,109,Joel Embiid,2019,24,PHI,NBA,C,64,64,33.7,9.1,18.7,0.484,1.2,4.1,.300,7.8,14.6,0.535,0.517,8.2,10.1,0.804,2.5,11.1,13.6,3.7,0.7,1.9,3.5,3.3,27.5,1,False
110,110,Kemba Walker,2019,28,CHO,NBA,PG,82,82,34.9,8.9,20.5,0.434,3.2,8.9,.356,5.7,11.6,0.494,0.511,4.6,5.5,0.8440000000000001,0.6,3.8,4.4,5.9,1.2,0.4,2.6,1.6,25.6,2,False
111,111,Khris Middleton,2019,27,MIL,NBA,SF,77,77,31.1,6.6,14.9,0.441,2.3,6.2,.378,4.2,8.8,0.485,0.519,2.8,3.4,0.8370000000000001,0.6,5.3,6.0,4.3,1.0,0.1,2.3,2.2,18.3,0,True
112,112,Blake Griffin,2019,29,DET,NBA,PF,75,75,35.0,8.3,17.9,0.462,2.5,7.0,.362,5.7,10.9,0.525,0.532,5.5,7.3,0.753,1.3,6.2,7.5,5.4,0.7,0.4,3.4,2.7,24.5,4,False
113,113,Russell Westbrook,2019,30,OKC,NBA,PG,73,73,36.0,8.6,20.2,0.428,1.6,5.6,.290,7.0,14.5,0.48100000000000004,0.46799999999999997,4.1,6.2,0.6559999999999999,1.5,9.6,11.1,10.7,1.9,0.5,4.5,3.4,22.9,7,False
114,114,Nikola Jokić,2019,23,DEN,NBA,C,80,80,31.3,7.7,15.1,0.511,1.0,3.4,.307,6.7,11.7,0.569,0.545,3.6,4.4,0.821,2.9,8.0,10.8,7.3,1.4,0.7,3.1,2.9,20.1,0,True
115,115,Kyle Lowry,2019,32,TOR,NBA,PG,65,65,34.0,4.7,11.4,0.41100000000000003,2.4,7.0,.347,2.3,4.4,0.514,0.518,2.5,3.0,0.83,0.6,4.2,4.8,8.7,1.4,0.5,2.8,2.6,14.2,4,False
116,116,D'Angelo Russell,2019,22,BRK,NBA,PG,81,81,30.2,8.1,18.7,0.434,2.9,7.8,.369,5.2,10.9,0.48200000000000004,0.512,2.0,2.5,0.78,0.7,3.2,3.9,7.0,1.2,0.2,3.1,1.7,21.1,0,True
117,117,Nikola Vučević,2019,28,ORL,NBA,C,80,80,31.4,8.8,16.9,0.518,1.1,2.9,.364,7.7,14.0,0.5489999999999999,0.5489999999999999,2.2,2.8,0.789,2.8,9.2,12.0,3.8,1.0,1.1,2.0,2.0,20.8,0,True
118,118,Dirk Nowitzki,2019,40,DAL,NBA,PF,51,20,15.6,2.6,7.4,0.359,1.3,4.0,.312,1.4,3.4,0.415,0.444,0.8,1.0,0.78,0.1,3.0,3.1,0.7,0.2,0.4,0.4,1.5,7.3,13,False
119,119,LeBron James,2018,33,CLE,NBA,PF,82,82,36.9,10.5,19.3,0.542,1.8,5.0,.367,8.6,14.3,0.603,0.59,4.7,6.5,0.731,1.2,7.5,8.6,9.1,1.4,0.9,4.2,1.7,27.5,13,False
120,120,Kevin Durant,2018,29,GSW,NBA,SF,68,68,34.2,9.3,18.0,0.516,2.5,6.1,.419,6.7,11.9,0.565,0.586,5.3,5.9,0.889,0.5,6.4,6.8,5.4,0.7,1.8,3.0,2.0,26.4,8,False
121,121,Russell Westbrook,2018,29,OKC,NBA,PG,80,80,36.4,9.5,21.1,0.449,1.2,4.1,.298,8.3,17.0,0.485,0.47700000000000004,5.2,7.1,0.737,1.9,8.2,10.1,10.3,1.8,0.3,4.8,2.5,25.4,6,False
122,122,Kyrie Irving,2018,25,BOS,NBA,PG,60,60,32.2,8.9,18.1,0.491,2.8,6.8,.408,6.1,11.3,0.541,0.568,3.9,4.4,0.889,0.6,3.2,3.8,5.1,1.1,0.3,2.3,2.0,24.4,4,False
123,123,Anthony Davis,2018,24,NOP,NBA,PF,75,75,36.4,10.4,19.5,0.534,0.7,2.2,.340,9.7,17.3,0.5579999999999999,0.552,6.6,8.0,0.828,2.5,8.6,11.1,2.3,1.5,2.6,2.2,2.1,28.1,3,False
124,124,Paul George,2018,27,OKC,NBA,SF,79,79,36.6,7.3,17.0,0.43,3.1,7.7,.401,4.2,9.3,0.45399999999999996,0.521,4.3,5.2,0.8220000000000001,0.9,4.7,5.7,3.3,2.0,0.5,2.7,2.9,21.9,4,False
125,125,Andre Drummond,2018,24,DET,NBA,C,78,78,33.7,6.0,11.3,0.529,0.0,0.1,.000,6.0,11.2,0.536,0.529,3.1,5.1,0.605,5.1,10.9,16.0,3.0,1.5,1.6,2.6,3.2,15.0,1,False
126,126,Bradley Beal,2018,24,WAS,NBA,SG,82,82,36.3,8.3,18.1,0.46,2.4,6.5,.375,5.9,11.6,0.507,0.527,3.6,4.5,0.7909999999999999,0.7,3.7,4.4,4.5,1.2,0.4,2.6,2.0,22.6,0,True
127,127,Victor Oladipo,2018,25,IND,NBA,SG,75,75,34.0,8.5,17.9,0.47700000000000004,2.1,5.8,.371,6.4,12.1,0.528,0.537,3.9,4.9,0.799,0.6,4.6,5.2,4.3,2.4,0.8,2.9,2.3,23.1,0,True
128,128,Kemba Walker,2018,27,CHO,NBA,PG,80,80,34.2,7.4,17.0,0.431,2.9,7.5,.384,4.5,9.5,0.469,0.516,4.5,5.3,0.8640000000000001,0.4,2.7,3.1,5.6,1.1,0.3,2.2,1.2,22.1,1,False
129,129,Goran Dragić,2018,31,MIA,NBA,PG,75,75,31.7,6.5,14.3,0.45,1.5,4.0,.370,5.0,10.3,0.48100000000000004,0.502,2.9,3.6,0.8009999999999999,0.7,3.4,4.1,4.8,0.8,0.2,2.2,2.4,17.3,0,True
130,130,LaMarcus Aldridge,2018,32,SAS,NBA,C,75,75,33.5,9.2,18.0,0.51,0.4,1.2,.293,8.8,16.7,0.526,0.52,4.5,5.3,0.8370000000000001,3.3,5.2,8.5,2.0,0.6,1.2,1.5,2.1,23.1,5,False
131,131,James Harden,2018,28,HOU,NBA,SG,72,72,35.4,9.0,20.1,0.449,3.7,10.0,.367,5.4,10.1,0.531,0.541,8.7,10.1,0.858,0.6,4.8,5.4,8.8,1.8,0.7,4.4,2.3,30.4,5,False
132,132,DeMar DeRozan,2018,28,TOR,NBA,SG,80,80,33.9,8.1,17.7,0.456,1.1,3.6,.310,7.0,14.1,0.494,0.488,5.8,7.0,0.825,0.7,3.2,3.9,5.2,1.1,0.3,2.2,1.9,23.0,3,False
133,133,Stephen Curry,2018,29,GSW,NBA,PG,51,51,32.0,8.4,16.9,0.495,4.2,9.8,.423,4.2,7.1,0.595,0.618,5.5,5.9,0.9209999999999999,0.7,4.4,5.1,6.1,1.6,0.2,3.0,2.2,26.4,4,False
134,134,Giannis Antetokounmpo,2018,23,MIL,NBA,PF,75,75,36.7,9.9,18.7,0.529,0.6,1.9,.307,9.3,16.8,0.5539999999999999,0.545,6.5,8.5,0.76,2.1,8.0,10.0,4.8,1.5,1.4,3.0,3.1,26.9,1,False
135,135,Joel Embiid,2018,23,PHI,NBA,C,63,63,30.3,8.1,16.8,0.483,1.0,3.4,.308,7.0,13.4,0.527,0.514,5.7,7.4,0.769,2.3,8.7,11.0,3.2,0.6,1.8,3.7,3.3,22.9,0,True
136,136,Kyle Lowry,2018,31,TOR,NBA,PG,78,78,32.2,5.2,12.1,0.42700000000000005,3.1,7.6,.399,2.1,4.5,0.474,0.5529999999999999,2.9,3.3,0.8540000000000001,0.8,4.7,5.6,6.9,1.1,0.2,2.3,2.5,16.2,3,False
137,137,Klay Thompson,2018,27,GSW,NBA,SG,73,73,34.3,7.9,16.2,0.488,3.1,7.1,.440,4.7,9.0,0.526,0.585,1.1,1.3,0.8370000000000001,0.4,3.4,3.8,2.5,0.8,0.5,1.8,1.6,20.0,3,False
138,138,Damian Lillard,2018,27,POR,NBA,PG,73,73,36.6,8.5,19.4,0.439,3.1,8.6,.361,5.4,10.8,0.501,0.519,6.8,7.4,0.9159999999999999,0.8,3.6,4.5,6.6,1.1,0.4,2.8,1.6,26.9,2,False
139,139,Draymond Green,2018,27,GSW,NBA,PF,70,70,32.7,4.0,8.8,0.45399999999999996,1.1,3.7,.301,2.9,5.2,0.562,0.516,1.9,2.5,0.775,1.1,6.6,7.6,7.3,1.4,1.3,2.9,2.6,11.0,2,False
140,140,Karl-Anthony Towns,2018,22,MIN,NBA,C,82,82,35.6,7.8,14.3,0.545,1.5,3.5,.421,6.3,10.8,0.585,0.596,4.2,4.9,0.858,2.9,9.4,12.3,2.4,0.8,1.4,1.9,3.5,21.3,0,True
141,141,Al Horford,2018,31,BOS,NBA,C,72,72,31.6,5.1,10.5,0.489,1.3,3.1,.429,3.8,7.3,0.514,0.5529999999999999,1.3,1.7,0.7829999999999999,1.4,5.9,7.4,4.7,0.6,1.1,1.8,1.9,12.9,4,False
142,142,Anthony Davis,2017,23,NOP,NBA,C,75,75,36.1,10.3,20.3,0.505,0.5,1.8,.299,9.7,18.6,0.524,0.518,6.9,8.6,0.802,2.3,9.5,11.8,2.1,1.3,2.2,2.4,2.2,28.0,2,False
143,143,James Harden,2017,27,HOU,NBA,PG,81,81,36.4,8.3,18.9,0.44,3.2,9.3,.347,5.1,9.6,0.53,0.525,9.2,10.9,0.847,1.2,7.0,8.1,11.2,1.5,0.5,5.7,2.7,29.1,4,False
144,144,Stephen Curry,2017,28,GSW,NBA,PG,79,79,33.4,8.5,18.3,0.46799999999999997,4.1,10.0,.411,4.4,8.3,0.537,0.58,4.1,4.6,0.898,0.8,3.7,4.5,6.6,1.8,0.2,3.0,2.3,25.3,3,False
145,145,Kevin Durant,2017,28,GSW,NBA,PF,62,62,33.4,8.9,16.5,0.537,1.9,5.0,.375,7.0,11.5,0.608,0.594,5.4,6.2,0.875,0.6,7.6,8.3,4.8,1.1,1.6,2.2,1.9,25.1,7,False
146,146,Kawhi Leonard,2017,25,SAS,NBA,SF,74,74,33.4,8.6,17.7,0.485,2.0,5.2,.380,6.6,12.5,0.529,0.541,6.3,7.2,0.88,1.1,4.7,5.8,3.5,1.8,0.7,2.1,1.6,25.5,1,False
147,147,Marc Gasol,2017,32,MEM,NBA,C,74,74,34.2,7.2,15.7,0.45899999999999996,1.4,3.6,.388,5.8,12.1,0.48,0.503,3.8,4.5,0.8370000000000001,0.8,5.5,6.3,4.6,0.9,1.3,2.2,2.3,19.5,2,False
148,148,Russell Westbrook,2017,28,OKC,NBA,PG,81,81,34.6,10.2,24.0,0.425,2.5,7.2,.343,7.7,16.8,0.45899999999999996,0.47600000000000003,8.8,10.4,0.845,1.7,9.0,10.7,10.4,1.6,0.4,5.4,2.3,31.6,5,False
149,149,Klay Thompson,2017,26,GSW,NBA,SG,78,78,34.0,8.3,17.6,0.46799999999999997,3.4,8.3,.414,4.8,9.3,0.516,0.565,2.4,2.8,0.853,0.6,3.0,3.7,2.1,0.8,0.5,1.6,1.8,22.3,2,False
150,150,Gordon Hayward,2017,26,UTA,NBA,SF,73,73,34.5,7.5,15.8,0.47100000000000003,2.0,5.1,.398,5.4,10.7,0.506,0.536,5.0,5.9,0.8440000000000001,0.7,4.7,5.4,3.5,1.0,0.3,1.9,1.6,21.9,0,True
151,151,Draymond Green,2017,26,GSW,NBA,PF,76,76,32.5,3.6,8.6,0.418,1.1,3.5,.308,2.5,5.1,0.494,0.48100000000000004,2.0,2.8,0.7090000000000001,1.3,6.6,7.9,7.0,2.0,1.4,2.4,2.9,10.2,1,False
152,152,DeAndre Jordan,2017,28,LAC,NBA,C,81,81,31.7,5.1,7.1,0.7140000000000001,0.0,0.0,.000,5.1,7.1,0.7170000000000001,0.7140000000000001,2.5,5.2,0.48200000000000004,3.7,10.1,13.8,1.2,0.6,1.7,1.4,2.6,12.7,0,True
153,153,DeMarcus Cousins,2017,26,TOT,NBA,C,72,72,34.2,9.0,19.9,0.452,1.8,5.0,.361,7.2,14.8,0.483,0.498,7.2,9.3,0.772,2.1,8.9,11.0,4.6,1.4,1.3,3.7,3.9,27.0,2,False
154,154,DeMar DeRozan,2017,27,TOR,NBA,SG,74,74,35.4,9.7,20.9,0.467,0.4,1.7,.266,9.3,19.2,0.484,0.47700000000000004,7.4,8.7,0.8420000000000001,0.9,4.3,5.2,3.9,1.1,0.2,2.4,1.8,27.3,2,False
155,155,Giannis Antetokounmpo,2017,22,MIL,NBA,SF,80,80,35.6,8.2,15.7,0.521,0.6,2.3,.272,7.6,13.5,0.563,0.541,5.9,7.7,0.77,1.8,7.0,8.8,5.4,1.6,1.9,2.9,3.1,22.9,0,True
156,156,Kyrie Irving,2017,24,CLE,NBA,PG,72,72,35.1,9.3,19.7,0.473,2.5,6.1,.401,6.9,13.6,0.505,0.535,4.1,4.6,0.905,0.7,2.5,3.2,5.8,1.2,0.3,2.5,2.2,25.2,3,False
157,157,LeBron James,2017,32,CLE,NBA,SF,74,74,37.8,9.9,18.2,0.5479999999999999,1.7,4.6,.363,8.3,13.5,0.611,0.594,4.8,7.2,0.674,1.3,7.3,8.6,8.7,1.2,0.6,4.1,1.8,26.4,12,False
158,158,Jimmy Butler,2017,27,CHI,NBA,SF,76,75,37.0,7.5,16.5,0.455,1.2,3.3,.367,6.3,13.2,0.47700000000000004,0.49200000000000005,7.7,8.9,0.865,1.7,4.5,6.2,5.5,1.9,0.4,2.1,1.5,23.9,1,False
159,159,Paul George,2017,26,IND,NBA,SF,75,75,35.9,8.3,18.0,0.461,2.6,6.6,.393,5.7,11.4,0.501,0.534,4.5,5.0,0.898,0.8,5.8,6.6,3.3,1.6,0.4,2.9,2.7,23.7,3,False
160,160,John Wall,2017,26,WAS,NBA,PG,78,78,36.4,8.3,18.4,0.451,1.1,3.5,.327,7.2,14.9,0.48,0.48200000000000004,5.4,6.8,0.8009999999999999,0.8,3.4,4.2,10.7,2.0,0.6,4.1,1.9,23.1,3,False
161,161,Kemba Walker,2017,26,CHO,NBA,PG,79,79,34.7,8.1,18.3,0.444,3.0,7.6,.399,5.1,10.7,0.47600000000000003,0.527,3.8,4.5,0.847,0.6,3.3,3.9,5.5,1.1,0.3,2.1,1.5,23.2,0,True
162,162,Carmelo Anthony,2017,32,NYK,NBA,SF,74,74,34.3,8.1,18.8,0.433,2.0,5.7,.359,6.1,13.1,0.466,0.488,4.1,4.9,0.833,0.8,5.1,5.9,2.9,0.8,0.5,2.1,2.7,22.4,9,False
163,163,Isaiah Thomas,2017,27,BOS,NBA,PG,76,76,33.8,9.0,19.4,0.46299999999999997,3.2,8.5,.379,5.8,10.9,0.528,0.546,7.8,8.5,0.909,0.6,2.1,2.7,5.9,0.9,0.2,2.8,2.2,28.9,1,False
164,164,Kyle Lowry,2017,30,TOR,NBA,PG,60,60,37.4,7.1,15.3,0.46399999999999997,3.2,7.8,.412,3.9,7.5,0.518,0.569,5.0,6.1,0.8190000000000001,0.8,4.0,4.8,7.0,1.5,0.3,2.9,2.8,22.4,2,False
165,165,Paul Millsap,2017,31,ATL,NBA,PF,69,67,34.0,6.2,14.1,0.442,1.1,3.5,.311,5.1,10.6,0.486,0.48100000000000004,4.5,5.9,0.768,1.6,6.1,7.7,3.7,1.3,0.9,2.3,2.7,18.1,3,False
166,166,Stephen Curry,2016,27,GSW,NBA,PG,79,79,34.2,10.2,20.2,0.504,5.1,11.2,.454,5.1,9.0,0.5660000000000001,0.63,4.6,5.1,0.9079999999999999,0.9,4.6,5.4,6.7,2.1,0.2,3.3,2.0,30.1,2,False
167,167,Kobe Bryant,2016,37,LAL,NBA,SF,66,66,28.2,6.0,16.9,0.358,2.0,7.1,.285,4.0,9.8,0.41,0.41700000000000004,3.5,4.3,0.826,0.6,3.1,3.7,2.8,0.9,0.2,2.0,1.7,17.6,11,False
168,168,Kawhi Leonard,2016,24,SAS,NBA,SF,72,72,33.1,7.7,15.1,0.506,1.8,4.0,.443,5.9,11.1,0.528,0.565,4.1,4.6,0.8740000000000001,1.3,5.5,6.8,2.6,1.8,1.0,1.5,1.8,21.2,0,True
169,169,Kevin Durant,2016,27,OKC,NBA,SF,72,72,35.8,9.7,19.2,0.505,2.6,6.7,.387,7.1,12.5,0.569,0.573,6.2,6.9,0.898,0.6,7.6,8.2,5.0,1.0,1.2,3.5,1.9,28.2,6,False
170,170,Russell Westbrook,2016,27,OKC,NBA,PG,80,80,34.4,8.2,18.1,0.45399999999999996,1.3,4.3,.296,6.9,13.8,0.503,0.489,5.8,7.2,0.812,1.8,6.0,7.8,10.4,2.0,0.3,4.3,2.5,23.5,4,False
171,171,James Harden,2016,26,HOU,NBA,SG,82,82,38.1,8.7,19.7,0.439,2.9,8.0,.359,5.8,11.7,0.494,0.512,8.8,10.2,0.86,0.8,5.3,6.1,7.5,1.7,0.6,4.6,2.8,29.0,3,False
172,172,Klay Thompson,2016,25,GSW,NBA,SG,80,80,33.3,8.1,17.3,0.47,3.5,8.1,.425,4.7,9.2,0.51,0.569,2.4,2.8,0.873,0.4,3.4,3.8,2.1,0.8,0.6,1.7,1.9,22.1,1,False
173,173,Chris Paul,2016,30,LAC,NBA,PG,74,74,32.7,7.0,15.1,0.462,1.6,4.4,.371,5.3,10.6,0.501,0.517,4.0,4.4,0.8959999999999999,0.5,3.7,4.2,10.0,2.1,0.2,2.6,2.5,19.5,7,False
174,174,Anthony Davis,2016,22,NOP,NBA,C,61,61,35.5,9.2,18.6,0.493,0.6,1.8,.324,8.6,16.9,0.511,0.508,5.3,7.0,0.758,2.1,8.1,10.3,1.9,1.3,2.0,2.0,2.4,24.3,1,False
175,175,LaMarcus Aldridge,2016,30,SAS,NBA,PF,74,74,30.6,7.2,14.1,0.513,0.0,0.2,.000,7.2,13.9,0.521,0.513,3.5,4.1,0.858,2.4,6.2,8.5,1.5,0.5,1.1,1.3,2.0,18.0,4,False
176,176,Draymond Green,2016,25,GSW,NBA,PF,81,81,34.7,5.0,10.1,0.49,1.2,3.2,.388,3.7,6.9,0.537,0.551,2.8,4.1,0.696,1.7,7.8,9.5,7.4,1.5,1.4,3.2,3.0,14.0,0,True
177,177,DeMarcus Cousins,2016,25,SAC,NBA,C,65,65,34.6,9.2,20.5,0.451,1.1,3.2,.333,8.2,17.3,0.473,0.47700000000000004,7.3,10.2,0.718,2.4,9.1,11.5,3.3,1.6,1.4,3.8,3.6,26.9,1,False
178,178,Kyle Lowry,2016,29,TOR,NBA,PG,77,77,37.0,6.6,15.6,0.42700000000000005,2.8,7.1,.388,3.9,8.5,0.461,0.516,5.2,6.4,0.8109999999999999,0.7,4.0,4.7,6.4,2.1,0.4,2.9,2.7,21.2,1,False
179,179,Paul George,2016,25,IND,NBA,SF,81,81,34.8,7.5,17.9,0.418,2.6,7.0,.371,4.9,10.9,0.447,0.49,5.6,6.5,0.86,1.0,6.0,7.0,4.1,1.9,0.4,3.3,2.8,23.1,2,False
180,180,Carmelo Anthony,2016,31,NYK,NBA,SF,72,72,35.1,7.9,18.2,0.434,1.5,4.3,.339,6.4,13.8,0.46299999999999997,0.474,4.6,5.6,0.8290000000000001,1.4,6.4,7.7,4.2,0.9,0.5,2.4,2.5,21.8,8,False
181,181,Dwyane Wade,2016,34,MIA,NBA,SG,74,73,30.5,7.3,16.0,0.456,0.1,0.6,.159,7.2,15.4,0.46799999999999997,0.45899999999999996,4.4,5.5,0.7929999999999999,1.1,3.0,4.1,4.6,1.1,0.6,2.7,1.6,19.0,10,False
182,182,LeBron James,2016,31,CLE,NBA,SF,76,76,35.6,9.7,18.6,0.52,1.1,3.7,.309,8.6,14.9,0.573,0.551,4.7,6.5,0.731,1.5,6.0,7.4,6.8,1.4,0.6,3.3,1.9,25.3,11,False
183,183,John Wall,2016,25,WAS,NBA,PG,77,77,36.2,7.4,17.5,0.424,1.5,4.3,.351,5.9,13.3,0.44799999999999995,0.467,3.5,4.5,0.7909999999999999,0.5,4.4,4.9,10.2,1.9,0.8,4.1,2.1,19.9,2,False
184,184,Paul Millsap,2016,30,ATL,NBA,PF,81,81,32.7,6.2,13.2,0.47,0.9,2.9,.319,5.3,10.3,0.512,0.505,3.8,5.0,0.757,2.4,6.6,9.0,3.3,1.8,1.7,2.4,2.9,17.1,2,False
185,185,Isaiah Thomas,2016,26,BOS,NBA,PG,82,79,32.2,7.2,16.9,0.428,2.0,5.7,.359,5.2,11.2,0.462,0.488,5.8,6.6,0.871,0.6,2.4,3.0,6.2,1.1,0.1,2.7,2.0,22.2,0,True
186,186,DeMar DeRozan,2016,26,TOR,NBA,SG,78,78,35.9,7.9,17.7,0.446,0.6,1.8,.338,7.3,15.9,0.45799999999999996,0.46299999999999997,7.1,8.4,0.85,0.8,3.7,4.5,4.0,1.0,0.3,2.2,2.1,23.5,1,False
187,187,Andre Drummond,2016,22,DET,NBA,C,81,81,32.9,6.8,13.1,0.521,0.0,0.1,.333,6.8,13.0,0.522,0.522,2.6,7.2,0.355,4.9,9.9,14.8,0.8,1.5,1.4,1.9,3.0,16.2,0,True
188,188,Pau Gasol,2016,35,CHI,NBA,C,72,72,31.8,6.5,13.8,0.469,0.3,1.0,.348,6.2,12.9,0.478,0.48100000000000004,3.2,4.0,0.792,2.2,8.9,11.0,4.1,0.6,2.0,2.3,2.1,16.5,5,False
189,189,Al Horford,2016,29,ATL,NBA,C,82,82,32.1,6.5,12.8,0.505,1.1,3.1,.344,5.4,9.7,0.557,0.547,1.3,1.6,0.7979999999999999,1.8,5.5,7.3,3.2,0.8,1.5,1.3,2.0,15.2,3,False
190,190,James Harden,2015,25,HOU,NBA,SG,81,81,36.8,8.0,18.1,0.44,2.6,6.9,.375,5.4,11.3,0.48,0.511,8.8,10.2,0.868,0.9,4.7,5.7,7.0,1.9,0.7,4.0,2.6,27.4,2,False
191,191,Stephen Curry,2015,26,GSW,NBA,PG,80,80,32.7,8.2,16.8,0.48700000000000004,3.6,8.1,.443,4.6,8.7,0.528,0.594,3.9,4.2,0.914,0.7,3.6,4.3,7.7,2.0,0.2,3.1,2.0,23.8,1,False
192,192,Marc Gasol,2015,30,MEM,NBA,C,81,81,33.2,6.5,13.2,0.494,0.0,0.2,.176,6.5,13.0,0.5,0.496,4.3,5.4,0.795,1.4,6.4,7.8,3.8,0.9,1.6,2.2,2.6,17.4,1,False
193,193,Klay Thompson,2015,24,GSW,NBA,SG,77,77,31.9,7.8,16.9,0.46299999999999997,3.1,7.1,.439,4.7,9.8,0.48100000000000004,0.555,2.9,3.3,0.879,0.4,2.9,3.2,2.9,1.1,0.8,1.9,1.6,21.7,0,True
194,194,LaMarcus Aldridge,2015,29,POR,NBA,PF,71,71,35.4,9.3,19.9,0.466,0.5,1.5,.352,8.8,18.5,0.475,0.479,4.3,5.1,0.845,2.5,7.7,10.2,1.7,0.7,1.0,1.7,1.8,23.4,3,False
195,195,Chris Paul,2015,29,LAC,NBA,PG,82,82,34.8,6.9,14.3,0.485,1.7,4.3,.398,5.2,10.0,0.523,0.545,3.5,3.9,0.9,0.6,4.0,4.6,10.2,1.9,0.2,2.3,2.5,19.1,6,False
196,196,Russell Westbrook,2015,26,OKC,NBA,PG,67,67,34.4,9.4,22.0,0.426,1.3,4.3,.299,8.1,17.7,0.457,0.455,8.1,9.8,0.835,1.9,5.4,7.3,8.6,2.1,0.2,4.4,2.7,28.1,3,False
197,197,DeMarcus Cousins,2015,24,SAC,NBA,C,59,59,34.1,8.4,18.1,0.467,0.0,0.1,.250,8.4,17.9,0.469,0.46799999999999997,7.2,9.2,0.782,3.1,9.5,12.7,3.6,1.5,1.7,4.3,4.1,24.1,0,True
198,198,Damian Lillard,2015,24,POR,NBA,PG,82,82,35.7,7.2,16.6,0.434,2.4,7.0,.343,4.8,9.6,0.5,0.506,4.2,4.9,0.8640000000000001,0.6,4.0,4.6,6.2,1.2,0.3,2.7,2.0,21.0,1,False
199,199,Tim Duncan,2015,38,SAS,NBA,C,77,77,28.9,5.4,10.6,0.512,0.0,0.1,.286,5.4,10.5,0.514,0.513,3.0,4.0,0.74,2.2,6.9,9.1,3.0,0.8,2.0,1.7,2.1,13.9,11,False
200,200,Dirk Nowitzki,2015,36,DAL,NBA,PF,77,77,29.6,6.3,13.8,0.45899999999999996,1.4,3.6,.380,5.0,10.2,0.486,0.508,3.3,3.8,0.882,0.6,5.4,5.9,1.9,0.5,0.4,1.1,2.1,17.3,12,False
201,201,Kevin Durant,2015,26,OKC,NBA,SF,27,27,33.8,8.8,17.3,0.51,2.4,5.9,.403,6.4,11.4,0.565,0.578,5.4,6.3,0.8540000000000001,0.6,6.0,6.6,4.1,0.9,0.9,2.7,1.5,25.4,5,False
202,202,LeBron James,2015,30,CLE,NBA,SF,69,69,36.1,9.0,18.5,0.488,1.7,4.9,.354,7.3,13.6,0.536,0.535,5.4,7.7,0.71,0.7,5.3,6.0,7.4,1.6,0.7,3.9,2.0,25.3,10,False
203,203,Carmelo Anthony,2015,30,NYK,NBA,SF,40,40,35.7,9.0,20.2,0.444,1.5,4.5,.341,7.4,15.7,0.474,0.48200000000000004,4.7,5.9,0.797,1.8,4.8,6.6,3.1,1.0,0.4,2.2,2.2,24.2,7,False
204,204,John Wall,2015,24,WAS,NBA,PG,79,79,35.9,6.6,14.8,0.445,0.8,2.7,.300,5.7,12.0,0.478,0.473,3.6,4.6,0.785,0.5,4.2,4.6,10.0,1.7,0.6,3.8,2.3,17.6,1,False
205,205,Pau Gasol,2015,34,CHI,NBA,PF,78,78,34.4,7.3,14.8,0.494,0.2,0.3,.462,7.2,14.4,0.495,0.5,3.8,4.7,0.8029999999999999,2.8,9.0,11.8,2.7,0.3,1.9,2.0,1.9,18.5,4,False
206,206,Kyle Lowry,2015,28,TOR,NBA,PG,70,70,34.5,6.1,14.9,0.41200000000000003,1.9,5.6,.338,4.3,9.3,0.457,0.47600000000000003,3.6,4.5,0.8079999999999999,0.8,3.9,4.7,6.8,1.6,0.2,2.5,3.0,17.8,0,True
207,207,Kyrie Irving,2015,22,CLE,NBA,PG,75,75,36.4,7.7,16.5,0.46799999999999997,2.1,5.0,.415,5.6,11.4,0.491,0.532,4.2,4.9,0.863,0.7,2.4,3.2,5.2,1.5,0.3,2.5,1.9,21.7,2,False
208,208,Kyle Korver,2015,33,ATL,NBA,SG,75,75,32.2,3.9,8.0,0.48700000000000004,2.9,6.0,.492,0.9,2.0,0.47,0.6709999999999999,1.4,1.6,0.898,0.2,3.9,4.1,2.6,0.7,0.6,1.4,1.9,12.1,0,True
209,209,Paul Millsap,2015,29,ATL,NBA,PF,73,73,32.7,6.1,12.7,0.47600000000000003,1.1,3.0,.356,5.0,9.8,0.513,0.518,3.5,4.6,0.757,1.9,5.9,7.8,3.1,1.8,0.9,2.3,2.8,16.7,1,False
210,210,Al Horford,2015,28,ATL,NBA,C,76,76,30.5,6.8,12.7,0.5379999999999999,0.1,0.5,.306,6.7,12.2,0.547,0.544,1.4,1.9,0.759,1.7,5.4,7.2,3.2,0.9,1.3,1.3,1.6,15.2,2,False
211,211,Jeff Teague,2015,26,ATL,NBA,PG,73,72,30.5,5.6,12.2,0.46,1.0,2.8,.343,4.6,9.3,0.496,0.5,3.8,4.4,0.862,0.4,2.1,2.5,7.0,1.7,0.4,2.8,1.9,15.9,0,True
212,212,Chris Bosh,2015,30,MIA,NBA,C,44,44,35.4,7.8,16.9,0.46,1.4,3.8,.375,6.4,13.1,0.485,0.503,4.1,5.3,0.772,1.0,6.0,7.0,2.2,0.9,0.6,2.2,1.6,21.1,8,False
213,213,Jimmy Butler,2015,25,CHI,NBA,SG,65,65,38.7,6.5,14.0,0.462,1.1,3.0,.378,5.4,11.1,0.484,0.502,5.9,7.1,0.8340000000000001,1.8,4.1,5.8,3.3,1.8,0.6,1.4,1.7,20.0,0,True
214,214,Kyrie Irving,2014,21,CLE,NBA,PG,71,71,35.2,7.5,17.4,0.43,1.7,4.8,.358,5.8,12.6,0.45799999999999996,0.48,4.1,4.8,0.861,0.7,2.9,3.6,6.1,1.5,0.3,2.7,2.3,20.8,1,False
215,215,LeBron James,2014,29,MIA,NBA,PF,77,77,37.7,10.0,17.6,0.5670000000000001,1.5,4.0,.379,8.5,13.6,0.622,0.61,5.7,7.6,0.75,1.1,5.9,6.9,6.3,1.6,0.3,3.5,1.6,27.1,9,False
216,216,Paul George,2014,23,IND,NBA,SF,80,80,36.2,7.2,17.0,0.424,2.3,6.3,.364,4.9,10.8,0.45799999999999996,0.49,5.0,5.8,0.8640000000000001,0.8,6.0,6.8,3.5,1.9,0.3,2.8,2.5,21.7,1,False
217,217,Carmelo Anthony,2014,29,NYK,NBA,PF,77,77,38.7,9.6,21.3,0.452,2.2,5.4,.402,7.5,15.9,0.469,0.503,6.0,7.0,0.848,1.9,6.2,8.1,3.1,1.2,0.7,2.6,2.9,27.4,6,False
218,218,Dwyane Wade,2014,32,MIA,NBA,SG,54,53,32.9,7.7,14.1,0.545,0.2,0.6,.281,7.5,13.5,0.557,0.551,3.5,4.8,0.733,1.1,3.4,4.5,4.7,1.5,0.5,3.0,2.0,19.0,9,False
219,219,Joakim Noah,2014,28,CHI,NBA,C,80,80,35.3,4.8,10.0,0.475,0.0,0.0,.000,4.8,10.0,0.47600000000000003,0.475,3.1,4.2,0.737,3.5,7.7,11.3,5.4,1.2,1.5,2.4,3.1,12.6,1,False
220,220,John Wall,2014,23,WAS,NBA,PG,82,82,36.3,7.1,16.3,0.433,1.3,3.8,.351,5.7,12.5,0.45799999999999996,0.473,3.9,4.8,0.805,0.5,3.6,4.1,8.8,1.8,0.5,3.6,2.7,19.3,0,True
221,221,DeMar DeRozan,2014,24,TOR,NBA,SG,79,79,38.2,7.6,17.8,0.429,0.8,2.7,.305,6.8,15.2,0.451,0.452,6.6,8.0,0.8240000000000001,0.6,3.7,4.3,4.0,1.1,0.4,2.2,2.5,22.7,0,True
222,222,Paul Millsap,2014,28,ATL,NBA,PF,74,73,33.5,6.5,14.1,0.461,1.0,2.9,.358,5.5,11.3,0.48700000000000004,0.498,3.9,5.3,0.731,2.1,6.4,8.5,3.1,1.7,1.1,2.5,2.8,17.9,0,True
223,223,Roy Hibbert,2014,27,IND,NBA,C,81,81,29.7,4.1,9.3,0.439,0.0,0.1,.400,4.1,9.2,0.439,0.44,2.6,3.3,0.77,2.5,4.1,6.6,1.1,0.4,2.2,1.8,3.3,10.8,1,False
224,224,Chris Bosh,2014,29,MIA,NBA,C,79,79,32.0,6.2,12.1,0.516,0.9,2.8,.339,5.3,9.3,0.569,0.555,2.8,3.4,0.82,1.2,5.4,6.6,1.1,1.0,1.0,1.6,2.4,16.2,7,False
225,225,Joe Johnson,2014,32,BRK,NBA,SG,79,79,32.6,5.8,12.9,0.45399999999999996,2.1,5.1,.401,3.8,7.8,0.489,0.5329999999999999,2.0,2.5,0.815,0.6,2.8,3.4,2.7,0.6,0.1,1.5,1.6,15.8,5,False
226,226,Kevin Durant,2014,25,OKC,NBA,SF,81,81,38.5,10.5,20.8,0.503,2.4,6.1,.391,8.1,14.8,0.5489999999999999,0.56,8.7,9.9,0.873,0.7,6.7,7.4,5.5,1.3,0.7,3.5,2.1,32.0,4,False
227,227,Kevin Love,2014,25,MIN,NBA,PF,77,77,36.3,8.4,18.5,0.457,2.5,6.6,.376,6.0,11.9,0.502,0.524,6.8,8.2,0.821,2.9,9.6,12.5,4.4,0.8,0.5,2.5,1.8,26.1,2,False
228,228,Blake Griffin,2014,24,LAC,NBA,PF,80,80,35.8,9.0,17.0,0.528,0.2,0.6,.273,8.8,16.4,0.537,0.5329999999999999,6.0,8.4,0.715,2.4,7.1,9.5,3.9,1.2,0.6,2.8,3.3,24.1,3,False
229,229,Stephen Curry,2014,25,GSW,NBA,PG,78,78,36.5,8.4,17.7,0.47100000000000003,3.3,7.9,.424,5.0,9.8,0.509,0.5660000000000001,3.9,4.5,0.885,0.6,3.7,4.3,8.5,1.6,0.2,3.8,2.5,24.0,0,True
230,230,James Harden,2014,24,HOU,NBA,SG,73,73,38.0,7.5,16.5,0.456,2.4,6.6,.366,5.1,9.9,0.515,0.529,7.9,9.1,0.866,0.8,3.9,4.7,6.1,1.6,0.4,3.6,2.4,25.4,1,False
231,231,Chris Paul,2014,28,LAC,NBA,PG,62,62,35.0,6.5,14.0,0.467,1.3,3.4,.368,5.3,10.6,0.498,0.511,4.8,5.6,0.855,0.6,3.7,4.3,10.7,2.5,0.1,2.3,2.5,19.1,5,False
232,232,Dwight Howard,2014,28,HOU,NBA,C,71,71,33.7,6.7,11.3,0.591,0.0,0.1,.286,6.6,11.2,0.594,0.593,4.9,9.0,0.547,3.3,8.9,12.2,1.8,0.8,1.8,3.2,3.4,18.3,7,False
233,233,LaMarcus Aldridge,2014,28,POR,NBA,PF,69,69,36.2,9.4,20.6,0.45799999999999996,0.0,0.2,.200,9.4,20.4,0.461,0.45899999999999996,4.3,5.2,0.8220000000000001,2.4,8.7,11.1,2.6,0.9,1.0,1.8,2.1,23.2,2,False
234,234,Tony Parker,2014,31,SAS,NBA,PG,68,68,29.4,6.7,13.4,0.499,0.4,1.0,.373,6.3,12.5,0.509,0.513,2.9,3.6,0.8109999999999999,0.3,2.0,2.3,5.7,0.5,0.1,2.2,1.3,16.7,5,False
235,235,Anthony Davis,2014,20,NOP,NBA,PF,67,66,35.2,7.8,15.0,0.519,0.0,0.1,.222,7.8,14.9,0.522,0.52,5.2,6.6,0.7909999999999999,3.1,7.0,10.0,1.6,1.3,2.8,1.6,3.0,20.8,0,True
236,236,Damian Lillard,2014,23,POR,NBA,PG,82,82,35.8,6.7,15.9,0.424,2.7,6.8,.394,4.1,9.1,0.447,0.508,4.5,5.2,0.871,0.4,3.1,3.5,5.6,0.8,0.3,2.4,2.4,20.7,0,True
237,237,Dirk Nowitzki,2014,35,DAL,NBA,PF,80,80,32.9,7.9,15.9,0.49700000000000005,1.6,4.1,.398,6.3,11.8,0.532,0.5489999999999999,4.2,4.7,0.899,0.5,5.7,6.2,2.7,0.9,0.6,1.5,2.1,21.7,11,False
238,238,Kevin Durant,2013,24,OKC,NBA,SF,81,81,38.5,9.0,17.7,0.51,1.7,4.1,.416,7.3,13.6,0.539,0.5589999999999999,8.4,9.3,0.905,0.6,7.3,7.9,4.6,1.4,1.3,3.5,1.8,28.1,3,False
239,239,Kobe Bryant,2013,34,LAL,NBA,SG,78,78,38.6,9.5,20.4,0.46299999999999997,1.7,5.2,.324,7.8,15.2,0.51,0.504,6.7,8.0,0.8390000000000001,0.8,4.7,5.6,6.0,1.4,0.3,3.7,2.2,27.3,10,False
240,240,Blake Griffin,2013,23,LAC,NBA,PF,80,80,32.5,7.2,13.4,0.5379999999999999,0.1,0.4,.179,7.2,13.1,0.5479999999999999,0.541,3.5,5.3,0.66,2.3,6.0,8.3,3.7,1.2,0.6,2.3,2.9,18.0,2,False
241,241,Chris Paul,2013,27,LAC,NBA,PG,70,70,33.4,5.9,12.2,0.48100000000000004,1.1,3.3,.328,4.8,8.9,0.5379999999999999,0.526,4.1,4.6,0.885,0.8,3.0,3.7,9.7,2.4,0.1,2.3,2.0,16.9,4,False
242,242,Dwight Howard,2013,27,LAL,NBA,C,76,76,35.8,6.2,10.7,0.578,0.0,0.1,.167,6.2,10.6,0.581,0.579,4.7,9.5,0.49200000000000005,3.3,9.1,12.4,1.4,1.1,2.4,3.0,3.8,17.1,6,False
243,243,James Harden,2013,23,HOU,NBA,SG,78,78,38.3,7.5,17.1,0.43799999999999994,2.3,6.2,.368,5.2,10.9,0.47700000000000004,0.504,8.6,10.2,0.851,0.8,4.1,4.9,5.8,1.8,0.5,3.8,2.3,25.9,0,True
244,244,Tony Parker,2013,30,SAS,NBA,PG,66,66,32.9,7.9,15.1,0.522,0.4,1.0,.353,7.5,14.0,0.534,0.534,4.2,5.0,0.845,0.3,2.7,3.0,7.6,0.8,0.1,2.6,1.4,20.3,4,False
245,245,Russell Westbrook,2013,24,OKC,NBA,PG,82,82,34.9,8.2,18.7,0.43799999999999994,1.2,3.7,.323,7.0,15.1,0.466,0.47,5.6,7.0,0.8,1.4,3.9,5.2,7.4,1.8,0.3,3.3,2.3,23.2,2,False
246,246,David Lee,2013,29,GSW,NBA,PF,79,79,36.8,7.6,14.7,0.519,0.0,0.1,.000,7.6,14.6,0.521,0.519,3.2,4.1,0.797,2.8,8.5,11.2,3.5,0.8,0.3,2.6,3.1,18.5,1,False
247,247,Zach Randolph,2013,31,MEM,NBA,PF,76,75,34.3,6.2,13.5,0.46,0.0,0.3,.087,6.2,13.2,0.469,0.461,3.0,3.9,0.75,4.1,7.2,11.2,1.4,0.8,0.4,2.0,2.4,15.4,1,False
248,248,LaMarcus Aldridge,2013,27,POR,NBA,PF,74,74,37.7,8.6,17.8,0.484,0.0,0.2,.143,8.6,17.6,0.488,0.485,3.8,4.7,0.81,2.4,6.7,9.1,2.6,0.8,1.2,1.9,2.5,21.1,1,False
249,249,Tim Duncan,2013,36,SAS,NBA,C,69,69,30.1,7.1,14.1,0.502,0.0,0.1,.286,7.1,14.0,0.504,0.503,3.6,4.3,0.8170000000000001,1.8,8.1,9.9,2.7,0.7,2.7,2.1,1.7,17.8,10,False
250,250,Carmelo Anthony,2013,28,NYK,NBA,PF,67,67,37.0,10.0,22.2,0.449,2.3,6.2,.379,7.6,16.0,0.47600000000000003,0.502,6.3,7.6,0.83,2.0,4.9,6.9,2.6,0.8,0.5,2.6,3.1,28.7,5,False
251,251,LeBron James,2013,28,MIA,NBA,PF,76,76,37.9,10.1,17.8,0.565,1.4,3.3,.406,8.7,14.5,0.602,0.603,5.3,7.0,0.753,1.3,6.8,8.0,7.3,1.7,0.9,3.0,1.4,26.8,8,False
252,252,Dwyane Wade,2013,31,MIA,NBA,SG,69,69,34.7,8.2,15.8,0.521,0.2,1.0,.258,8.0,14.9,0.537,0.528,4.5,6.2,0.725,1.2,3.7,5.0,5.1,1.9,0.8,2.8,2.0,21.2,8,False
253,253,Chris Bosh,2013,28,MIA,NBA,C,74,74,33.2,6.6,12.3,0.535,0.3,1.0,.284,6.3,11.3,0.557,0.546,3.3,4.1,0.7979999999999999,1.8,5.0,6.8,1.7,0.9,1.4,1.7,2.3,16.6,6,False
254,254,Kevin Garnett,2013,36,BOS,NBA,C,68,68,29.7,6.2,12.5,0.496,0.0,0.2,.125,6.2,12.3,0.504,0.498,2.3,3.0,0.7859999999999999,1.1,6.7,7.8,2.3,1.1,0.9,1.6,2.3,14.8,9,False
255,255,Kyrie Irving,2013,20,CLE,NBA,PG,59,59,34.7,8.2,18.1,0.452,1.8,4.7,.391,6.4,13.4,0.474,0.503,4.2,4.9,0.855,0.6,3.1,3.7,5.9,1.5,0.4,3.2,2.5,22.5,0,True
256,256,Paul George,2013,22,IND,NBA,SF,79,79,37.6,6.2,14.9,0.419,2.2,5.9,.362,4.1,8.9,0.457,0.491,2.8,3.5,0.807,1.1,6.5,7.6,4.1,1.8,0.6,2.9,2.9,17.4,0,True
257,257,Luol Deng,2013,27,CHI,NBA,SF,75,75,38.7,6.2,14.6,0.426,1.0,3.1,.322,5.2,11.5,0.455,0.461,3.1,3.8,0.816,2.2,4.2,6.3,3.0,1.1,0.4,1.9,1.4,16.5,1,False
258,258,Tyson Chandler,2013,30,NYK,NBA,C,66,66,32.8,3.9,6.1,0.638,0.0,0.0,None,3.9,6.1,0.638,0.638,2.7,3.9,0.6940000000000001,4.1,6.6,10.7,0.9,0.6,1.1,1.3,2.8,10.4,0,True
259,259,Joakim Noah,2013,27,CHI,NBA,C,66,64,36.8,4.6,9.5,0.48100000000000004,0.0,0.1,.000,4.6,9.5,0.485,0.48100000000000004,2.7,3.6,0.7509999999999999,3.9,7.2,11.1,4.0,1.2,2.1,2.7,2.8,11.9,0,True
260,260,Jrue Holiday,2013,22,PHI,NBA,PG,78,78,37.5,7.1,16.5,0.431,1.2,3.2,.368,5.9,13.3,0.446,0.466,2.3,3.1,0.752,1.1,3.1,4.2,8.0,1.6,0.4,3.7,2.2,17.7,0,True
261,261,Brook Lopez,2013,24,BRK,NBA,C,74,74,30.4,7.7,14.8,0.521,0.0,0.0,.000,7.7,14.8,0.522,0.521,4.0,5.3,0.758,2.8,4.1,6.9,0.9,0.4,2.1,1.8,2.1,19.4,0,True
262,262,Kevin Durant,2012,23,OKC,NBA,SF,66,66,38.6,9.7,19.7,0.496,2.0,5.2,.387,7.7,14.4,0.535,0.547,6.5,7.6,0.86,0.6,7.4,8.0,3.5,1.3,1.2,3.8,2.0,28.0,2,False
263,263,Kobe Bryant,2012,33,LAL,NBA,SG,58,58,38.5,9.9,23.0,0.43,1.5,4.9,.303,8.4,18.1,0.46399999999999997,0.462,6.6,7.8,0.845,1.1,4.3,5.4,4.6,1.2,0.3,3.5,1.8,27.9,9,False
264,264,Blake Griffin,2012,22,LAC,NBA,PF,66,66,36.2,8.5,15.5,0.5489999999999999,0.0,0.2,.125,8.5,15.2,0.556,0.55,3.7,7.1,0.521,3.3,7.6,10.9,3.2,0.8,0.7,2.3,3.3,20.7,1,False
265,265,Chris Paul,2012,26,LAC,NBA,PG,60,60,36.4,7.1,14.8,0.478,1.3,3.6,.371,5.8,11.3,0.511,0.522,4.3,5.0,0.861,0.7,2.9,3.6,9.1,2.5,0.1,2.1,2.3,19.8,3,False
266,266,Andrew Bynum,2012,24,LAL,NBA,C,60,60,35.2,7.4,13.3,0.5579999999999999,0.0,0.1,.200,7.4,13.2,0.56,0.5579999999999999,3.9,5.6,0.6920000000000001,3.2,8.6,11.8,1.4,0.5,1.9,2.5,1.7,18.7,0,True
267,267,Russell Westbrook,2012,23,OKC,NBA,PG,66,66,35.3,8.8,19.2,0.457,0.9,3.0,.316,7.8,16.2,0.48200000000000004,0.48100000000000004,5.2,6.3,0.823,1.5,3.1,4.6,5.5,1.7,0.3,3.6,2.2,23.6,1,False
268,268,Kevin Love,2012,23,MIN,NBA,PF,55,55,39.0,8.6,19.3,0.44799999999999995,1.9,5.1,.372,6.7,14.1,0.475,0.49700000000000005,6.9,8.4,0.8240000000000001,4.1,9.2,13.3,2.0,0.9,0.5,2.3,2.8,26.0,1,False
269,269,Dirk Nowitzki,2012,33,DAL,NBA,PF,62,62,33.5,7.6,16.7,0.457,1.3,3.4,.368,6.4,13.3,0.48100000000000004,0.495,5.1,5.7,0.8959999999999999,0.7,6.0,6.7,2.2,0.7,0.5,1.9,2.1,21.6,10,False
270,270,Marc Gasol,2012,27,MEM,NBA,C,65,65,36.5,5.5,11.4,0.48200000000000004,0.0,0.2,.083,5.5,11.2,0.489,0.483,3.6,4.9,0.748,1.8,7.1,8.9,3.1,1.0,1.9,1.9,3.1,14.6,0,True
271,271,Tony Parker,2012,29,SAS,NBA,PG,60,60,32.1,7.1,14.8,0.48,0.2,1.0,.230,6.9,13.8,0.498,0.488,3.8,4.7,0.799,0.4,2.5,2.9,7.7,1.0,0.1,2.6,1.3,18.3,3,False
272,272,LaMarcus Aldridge,2012,26,POR,NBA,PF,55,55,36.3,8.8,17.1,0.512,0.0,0.2,.182,8.7,16.9,0.516,0.513,4.1,5.0,0.8140000000000001,2.7,5.3,8.0,2.4,0.9,0.8,2.0,2.8,21.7,0,True
273,273,Steve Nash,2012,37,PHO,NBA,PG,62,62,31.6,4.8,9.0,0.532,0.9,2.3,.390,3.9,6.7,0.58,0.581,2.0,2.3,0.894,0.4,2.6,3.0,10.7,0.6,0.1,3.7,0.9,12.5,6,False
274,274,Dwyane Wade,2012,30,MIA,NBA,SG,49,49,33.2,8.5,17.1,0.49700000000000005,0.3,1.1,.268,8.2,15.9,0.513,0.506,4.8,6.1,0.7909999999999999,1.5,3.3,4.8,4.6,1.7,1.3,2.6,2.2,22.1,7,False
275,275,LeBron James,2012,27,MIA,NBA,SF,62,62,37.5,10.0,18.9,0.531,0.9,2.4,.362,9.1,16.5,0.556,0.5539999999999999,6.2,8.1,0.7709999999999999,1.5,6.4,7.9,6.2,1.9,0.8,3.4,1.5,27.1,7,False
276,276,Dwight Howard,2012,26,ORL,NBA,C,54,54,38.3,7.7,13.4,0.573,0.0,0.1,.000,7.7,13.3,0.579,0.573,5.2,10.6,0.491,3.7,10.8,14.5,1.9,1.5,2.1,3.2,2.9,20.6,5,False
277,277,Carmelo Anthony,2012,27,NYK,NBA,SF,55,55,34.1,8.0,18.6,0.43,1.2,3.7,.335,6.8,14.9,0.45399999999999996,0.46299999999999997,5.4,6.7,0.804,1.6,4.7,6.3,3.6,1.1,0.4,2.6,2.8,22.6,4,False
278,278,Derrick Rose,2012,23,CHI,NBA,PG,39,39,35.3,7.7,17.8,0.435,1.4,4.4,.312,6.4,13.4,0.475,0.473,5.0,6.1,0.812,0.7,2.7,3.4,7.9,0.9,0.7,3.1,1.3,21.8,2,False
279,279,Chris Bosh,2012,27,MIA,NBA,PF,57,57,35.2,6.9,14.2,0.48700000000000004,0.2,0.6,.286,6.7,13.5,0.496,0.493,4.0,4.9,0.821,1.6,6.3,7.9,1.8,0.9,0.8,2.1,2.2,18.0,5,False
280,280,Deron Williams,2012,27,NJN,NBA,PG,55,55,36.3,7.1,17.5,0.40700000000000003,2.1,6.2,.336,5.0,11.3,0.446,0.467,4.7,5.5,0.843,0.4,2.9,3.3,8.7,1.2,0.4,4.0,2.2,21.0,2,False
281,281,Rajon Rondo,2012,25,BOS,NBA,PG,53,53,36.9,4.8,10.8,0.44799999999999995,0.2,0.8,.238,4.6,10.0,0.46399999999999997,0.456,2.0,3.4,0.597,1.2,3.7,4.8,11.7,1.8,0.1,3.6,1.9,11.9,2,False
282,282,Andre Iguodala,2012,28,PHI,NBA,SF,62,62,35.6,4.6,10.2,0.45399999999999996,1.2,3.1,.394,3.4,7.1,0.48100000000000004,0.514,2.0,3.2,0.617,0.9,5.2,6.1,5.5,1.7,0.5,1.9,1.5,12.4,0,True
283,283,Paul Pierce,2012,34,BOS,NBA,SF,61,61,34.0,6.5,14.6,0.44299999999999995,1.6,4.5,.366,4.8,10.1,0.47600000000000003,0.499,4.8,5.6,0.852,0.6,4.6,5.2,4.5,1.1,0.4,2.8,2.4,19.4,9,False
284,284,Roy Hibbert,2012,25,IND,NBA,C,65,65,29.8,5.1,10.3,0.49700000000000005,0.0,0.0,.000,5.1,10.3,0.498,0.49700000000000005,2.6,3.7,0.711,3.3,5.5,8.8,1.7,0.5,2.0,2.0,3.0,12.8,0,True
285,285,Luol Deng,2012,26,CHI,NBA,SF,54,54,39.4,5.8,14.0,0.41200000000000003,1.5,4.0,.367,4.3,10.0,0.43,0.46399999999999997,2.4,3.1,0.77,1.4,5.1,6.5,2.9,1.0,0.7,1.8,1.5,15.3,0,True
286,286,Kevin Durant,2011,22,OKC,NBA,SF,78,78,38.9,9.1,19.7,0.462,1.9,5.3,.350,7.3,14.4,0.504,0.509,7.6,8.7,0.88,0.7,6.1,6.8,2.7,1.1,1.0,2.8,2.0,27.7,1,False
287,287,Kobe Bryant,2011,32,LAL,NBA,SG,82,82,33.9,9.0,20.0,0.451,1.4,4.3,.323,7.6,15.6,0.48700000000000004,0.48700000000000004,5.9,7.1,0.828,1.0,4.1,5.1,4.7,1.2,0.1,3.0,2.1,25.3,8,False
288,288,Chris Paul,2011,25,NOH,NBA,PG,80,80,36.0,5.4,11.6,0.46299999999999997,0.9,2.3,.388,4.5,9.3,0.48200000000000004,0.502,4.2,4.8,0.878,0.5,3.6,4.1,9.8,2.4,0.1,2.2,2.5,15.9,2,False
289,289,Carmelo Anthony,2011,26,TOT,NBA,SF,77,77,35.7,8.9,19.5,0.455,1.2,3.3,.378,7.6,16.3,0.47,0.48700000000000004,6.6,7.9,0.838,1.5,5.8,7.3,2.9,0.9,0.6,2.7,2.9,25.6,3,False
290,290,Tim Duncan,2011,34,SAS,NBA,C,76,76,28.4,5.5,11.0,0.5,0.0,0.1,.000,5.5,11.0,0.502,0.5,2.4,3.4,0.716,2.2,6.7,8.9,2.7,0.7,1.9,1.6,1.6,13.4,9,False
291,291,Pau Gasol,2011,30,LAL,NBA,C,82,82,37.0,7.2,13.7,0.529,0.0,0.0,.333,7.2,13.6,0.53,0.53,4.3,5.2,0.823,3.3,6.9,10.2,3.3,0.6,1.6,1.7,2.5,18.8,3,False
292,292,Manu Ginóbili,2011,33,SAS,NBA,SG,80,79,30.3,5.5,12.7,0.433,1.9,5.5,.349,3.6,7.2,0.49700000000000005,0.509,4.5,5.1,0.871,0.5,3.2,3.7,4.9,1.5,0.4,2.2,2.0,17.4,1,False
293,293,Deron Williams,2011,26,TOT,NBA,PG,65,65,37.9,6.6,15.0,0.439,1.6,4.9,.331,5.0,10.1,0.491,0.493,5.4,6.3,0.845,0.6,3.4,4.0,10.3,1.2,0.2,3.5,2.9,20.1,1,False
294,294,Blake Griffin,2011,21,LAC,NBA,PF,82,82,38.0,8.5,16.8,0.506,0.1,0.3,.292,8.4,16.5,0.51,0.508,5.4,8.5,0.642,3.3,8.8,12.1,3.8,0.8,0.5,2.7,3.1,22.5,0,True
295,295,Dirk Nowitzki,2011,32,DAL,NBA,PF,73,73,34.3,8.4,16.2,0.517,0.9,2.3,.393,7.5,13.8,0.5379999999999999,0.545,5.4,6.1,0.892,0.7,6.3,7.0,2.6,0.5,0.6,1.9,2.4,23.0,9,False
296,296,Russell Westbrook,2011,22,OKC,NBA,PG,82,82,34.7,7.5,17.0,0.442,0.4,1.3,.330,7.1,15.7,0.451,0.45399999999999996,6.5,7.7,0.8420000000000001,1.5,3.1,4.6,8.2,1.9,0.4,3.9,2.5,21.9,0,True
297,297,Kevin Love,2011,22,MIN,NBA,PF,73,73,35.8,6.6,14.1,0.47,1.2,2.9,.417,5.4,11.2,0.483,0.513,5.8,6.8,0.85,4.5,10.7,15.2,2.5,0.6,0.4,2.1,2.0,20.2,0,True
298,298,LeBron James,2011,26,MIA,NBA,SF,79,79,38.8,9.6,18.8,0.51,1.2,3.5,.330,8.4,15.3,0.552,0.541,6.4,8.4,0.759,1.0,6.5,7.5,7.0,1.6,0.6,3.6,2.1,26.7,6,False
299,299,Derrick Rose,2011,22,CHI,NBA,PG,81,81,37.4,8.8,19.7,0.445,1.6,4.8,.332,7.2,15.0,0.48100000000000004,0.485,5.9,6.9,0.858,1.0,3.1,4.1,7.7,1.0,0.6,3.4,1.7,25.0,1,False
300,300,Amar'e Stoudemire,2011,28,NYK,NBA,C,78,78,36.8,9.5,19.0,0.502,0.1,0.3,.435,9.4,18.7,0.503,0.505,6.1,7.7,0.792,2.5,5.6,8.2,2.6,0.9,1.9,3.2,3.5,25.3,5,False
301,301,Dwight Howard,2011,25,ORL,NBA,C,78,78,37.6,7.9,13.4,0.593,0.0,0.1,.000,7.9,13.3,0.597,0.593,7.0,11.7,0.596,4.0,10.1,14.1,1.4,1.4,2.4,3.6,3.3,22.9,4,False
302,302,Dwyane Wade,2011,29,MIA,NBA,SG,76,76,37.1,9.1,18.2,0.5,0.8,2.7,.306,8.3,15.5,0.534,0.523,6.5,8.6,0.758,1.6,4.8,6.4,4.6,1.5,1.1,3.1,2.6,25.5,6,False
303,303,Chris Bosh,2011,26,MIA,NBA,PF,77,77,36.3,6.8,13.7,0.496,0.1,0.3,.240,6.7,13.4,0.502,0.499,5.0,6.1,0.815,1.8,6.5,8.3,1.9,0.8,0.6,1.8,2.2,18.7,4,False
304,304,Rajon Rondo,2011,24,BOS,NBA,PG,68,68,37.2,4.7,9.9,0.475,0.1,0.6,.233,4.5,9.2,0.491,0.48200000000000004,1.1,1.9,0.568,1.3,3.1,4.4,11.2,2.3,0.2,3.4,1.8,10.6,1,False
305,305,Joe Johnson,2011,29,ATL,NBA,SG,72,72,35.5,7.1,16.1,0.44299999999999995,1.2,4.2,.297,5.9,12.0,0.494,0.48100000000000004,2.7,3.4,0.802,0.8,3.2,4.0,4.7,0.7,0.1,2.0,1.8,18.2,4,False
306,306,Ray Allen,2011,35,BOS,NBA,SG,80,80,36.1,6.0,12.2,0.491,2.1,4.7,.444,3.9,7.5,0.52,0.5770000000000001,2.4,2.7,0.8809999999999999,0.6,2.8,3.4,2.7,1.0,0.2,1.5,1.8,16.5,7,False
307,307,Paul Pierce,2011,33,BOS,NBA,SF,80,80,34.7,6.3,12.8,0.49700000000000005,1.4,3.7,.374,5.0,9.1,0.547,0.551,4.8,5.6,0.86,0.4,5.0,5.4,3.3,1.0,0.6,2.1,2.9,18.9,8,False
308,308,Al Horford,2011,24,ATL,NBA,C,77,77,35.1,6.7,12.0,0.557,0.0,0.1,.500,6.6,11.9,0.557,0.5579999999999999,1.9,2.4,0.7979999999999999,2.4,7.0,9.3,3.5,0.8,1.0,1.5,2.5,15.3,1,False
309,309,Kevin Garnett,2011,34,BOS,NBA,PF,71,71,31.3,6.1,11.6,0.528,0.0,0.1,.200,6.1,11.5,0.53,0.529,2.6,3.1,0.862,1.2,7.7,8.9,2.4,1.3,0.8,1.6,2.1,14.9,8,False
310,310,LeBron James,2010,25,CLE,NBA,SF,76,76,39.0,10.1,20.1,0.503,1.7,5.1,.333,8.4,15.0,0.56,0.545,7.8,10.2,0.767,0.9,6.4,7.3,8.6,1.6,1.0,3.4,1.6,29.7,5,False
311,311,Dwyane Wade,2010,28,MIA,NBA,SG,77,77,36.3,9.3,19.6,0.47600000000000003,0.9,3.2,.300,8.4,16.5,0.509,0.5,6.9,9.1,0.7609999999999999,1.4,3.5,4.8,6.5,1.8,1.1,3.3,2.4,26.6,5,False
312,312,Dwight Howard,2010,24,ORL,NBA,C,82,82,34.7,6.2,10.2,0.612,0.0,0.1,.000,6.2,10.1,0.617,0.612,5.9,10.0,0.5920000000000001,3.5,9.7,13.2,1.8,0.9,2.8,3.3,3.5,18.3,3,False
313,313,Joe Johnson,2010,28,ATL,NBA,SG,76,76,38.0,8.4,18.2,0.45799999999999996,1.7,4.6,.369,6.7,13.6,0.488,0.505,2.9,3.5,0.818,1.0,3.7,4.6,4.9,1.1,0.1,1.9,1.9,21.3,3,False
314,314,Kevin Garnett,2010,33,BOS,NBA,PF,69,69,29.9,5.8,11.2,0.521,0.0,0.1,.200,5.8,11.1,0.523,0.521,2.7,3.2,0.8370000000000001,1.1,6.2,7.3,2.7,1.0,0.8,1.5,2.5,14.3,7,False
315,315,Chris Bosh,2010,25,TOR,NBA,C,70,70,36.1,8.6,16.5,0.518,0.1,0.3,.364,8.5,16.2,0.521,0.522,6.7,8.4,0.797,2.9,7.9,10.8,2.4,0.6,1.0,2.4,2.4,24.0,3,False
316,316,Rajon Rondo,2010,23,BOS,NBA,PG,81,81,36.6,5.7,11.2,0.508,0.2,1.0,.213,5.5,10.2,0.536,0.517,2.2,3.5,0.621,1.2,3.2,4.4,9.8,2.3,0.1,3.0,2.4,13.7,0,True
317,317,Gerald Wallace,2010,27,CHA,NBA,SF,76,76,41.0,6.0,12.4,0.484,0.7,1.8,.371,5.3,10.6,0.503,0.511,5.6,7.2,0.7759999999999999,2.0,8.1,10.0,2.1,1.5,1.1,2.3,2.6,18.2,0,True
318,318,Derrick Rose,2010,21,CHI,NBA,PG,78,78,36.8,8.6,17.6,0.489,0.2,0.8,.267,8.4,16.8,0.5,0.495,3.3,4.3,0.7659999999999999,0.8,2.9,3.8,6.0,0.7,0.3,2.8,1.2,20.8,0,True
319,319,Al Horford,2010,23,ATL,NBA,C,81,81,35.1,5.8,10.5,0.551,0.0,0.0,1.000,5.8,10.4,0.551,0.552,2.6,3.3,0.789,2.9,7.0,9.9,2.3,0.7,1.1,1.5,2.8,14.2,0,True
320,320,David Lee,2010,26,NYK,NBA,C,81,81,37.3,8.5,15.5,0.545,0.0,0.1,.000,8.5,15.4,0.5489999999999999,0.545,3.3,4.1,0.812,2.8,8.9,11.7,3.6,1.0,0.5,2.3,3.2,20.2,0,True
321,321,Paul Pierce,2010,32,BOS,NBA,SF,71,71,34.0,5.8,12.2,0.47200000000000003,1.5,3.7,.414,4.2,8.5,0.49700000000000005,0.535,5.2,6.1,0.852,0.5,3.8,4.4,3.1,1.2,0.4,2.3,2.8,18.3,7,False
322,322,Carmelo Anthony,2010,25,DEN,NBA,SF,69,69,38.2,10.0,21.8,0.45799999999999996,0.9,2.7,.316,9.1,19.1,0.478,0.478,7.4,8.9,0.83,2.2,4.4,6.6,3.2,1.3,0.4,3.0,3.3,28.2,2,False
323,323,Dirk Nowitzki,2010,31,DAL,NBA,PF,81,80,37.5,8.9,18.5,0.48100000000000004,0.6,1.5,.421,8.3,17.0,0.48700000000000004,0.498,6.6,7.2,0.915,1.0,6.7,7.7,2.7,0.9,1.0,1.8,2.6,25.0,8,False
324,324,Steve Nash,2010,35,PHO,NBA,PG,81,81,32.8,6.2,12.2,0.507,1.5,3.6,.426,4.6,8.6,0.54,0.57,2.6,2.8,0.938,0.4,2.9,3.3,11.0,0.5,0.1,3.6,1.3,16.5,5,False
325,325,Amar'e Stoudemire,2010,27,PHO,NBA,PF,82,82,34.6,8.6,15.4,0.557,0.0,0.1,.167,8.6,15.3,0.5589999999999999,0.557,5.9,7.7,0.7709999999999999,2.8,6.1,8.9,1.0,0.6,1.0,2.6,3.4,23.1,4,False
326,326,Tim Duncan,2010,33,SAS,NBA,C,78,77,31.3,7.2,13.9,0.518,0.0,0.1,.182,7.2,13.7,0.522,0.519,3.5,4.8,0.725,2.8,7.3,10.1,3.2,0.6,1.5,1.8,1.9,17.9,8,False
327,327,Deron Williams,2010,25,UTA,NBA,PG,76,76,36.9,6.5,13.9,0.469,1.3,3.4,.371,5.2,10.4,0.501,0.515,4.4,5.5,0.8009999999999999,0.7,3.3,4.0,10.5,1.3,0.2,3.3,2.7,18.7,0,True
328,328,Chauncey Billups,2010,33,DEN,NBA,PG,73,73,34.1,5.5,13.2,0.418,2.2,5.6,.386,3.4,7.6,0.441,0.499,6.4,7.0,0.91,0.3,2.8,3.1,5.6,1.1,0.1,2.4,2.1,19.5,4,False
329,329,Pau Gasol,2010,29,LAL,NBA,C,65,65,37.0,7.0,13.0,0.536,0.0,0.1,.000,7.0,12.9,0.539,0.536,4.4,5.6,0.79,3.7,7.6,11.3,3.4,0.6,1.7,2.2,2.3,18.3,2,False
330,330,Kevin Durant,2010,21,OKC,NBA,SF,82,82,39.5,9.7,20.3,0.47600000000000003,1.6,4.3,.365,8.1,16.1,0.506,0.514,9.2,10.2,0.9,1.3,6.3,7.6,2.8,1.4,1.0,3.3,2.1,30.1,0,True
331,331,Zach Randolph,2010,28,MEM,NBA,PF,81,81,37.7,8.0,16.5,0.488,0.2,0.6,.288,7.9,15.9,0.496,0.494,4.5,5.7,0.778,4.1,7.7,11.7,1.8,1.0,0.4,2.1,2.8,20.8,0,True
332,332,Chris Kaman,2010,27,LAC,NBA,C,76,76,34.3,7.8,15.8,0.49,0.0,0.1,.000,7.8,15.7,0.49200000000000005,0.49,3.0,4.0,0.7490000000000001,2.4,6.8,9.3,1.6,0.5,1.2,2.9,2.8,18.5,0,True
333,333,Jason Kidd,2010,36,DAL,NBA,PG,80,80,36.0,3.6,8.4,0.423,2.2,5.2,.425,1.4,3.2,0.42,0.5539999999999999,1.0,1.2,0.8079999999999999,0.6,5.0,5.6,9.1,1.8,0.4,2.4,1.8,10.3,4,False
334,334,Kobe Bryant,2009,30,LAL,NBA,SG,82,82,36.1,9.8,20.9,0.467,1.4,4.1,.351,8.3,16.8,0.496,0.502,5.9,6.9,0.856,1.1,4.1,5.2,4.9,1.5,0.5,2.6,2.3,26.8,7,False
335,335,Chris Paul,2009,23,NOH,NBA,PG,78,78,38.5,8.1,16.1,0.503,0.8,2.3,.364,7.3,13.8,0.525,0.528,5.8,6.7,0.868,0.9,4.7,5.5,11.0,2.8,0.1,3.0,2.7,22.8,1,False
336,336,Amar'e Stoudemire,2009,26,PHO,NBA,PF,53,53,36.8,7.6,14.1,0.539,0.1,0.1,.429,7.6,14.0,0.54,0.541,6.1,7.3,0.835,2.2,5.9,8.1,2.0,0.9,1.1,2.8,3.1,21.4,3,False
337,337,Tim Duncan,2009,32,SAS,NBA,C,75,75,33.7,7.4,14.8,0.504,0.0,0.0,.000,7.4,14.7,0.505,0.504,4.5,6.4,0.6920000000000001,2.7,8.0,10.7,3.5,0.5,1.7,2.2,2.3,19.3,7,False
338,338,Yao Ming,2009,28,HOU,NBA,C,77,77,33.6,7.4,13.4,0.5479999999999999,0.0,0.0,1.000,7.3,13.4,0.5479999999999999,0.5489999999999999,4.9,5.7,0.866,2.6,7.2,9.9,1.8,0.4,1.9,3.0,3.3,19.7,5,False
339,339,Brandon Roy,2009,24,POR,NBA,SG,78,78,37.2,8.1,16.9,0.48,1.1,2.8,.377,7.1,14.1,0.501,0.512,5.3,6.5,0.8240000000000001,1.3,3.4,4.7,5.1,1.1,0.3,1.9,1.6,22.6,1,False
340,340,Tony Parker,2009,26,SAS,NBA,PG,72,71,34.1,8.9,17.5,0.506,0.3,0.9,.292,8.6,16.6,0.518,0.513,3.9,5.0,0.782,0.4,2.7,3.1,6.9,0.9,0.1,2.6,1.5,22.0,2,False
341,341,Chauncey Billups,2009,32,TOT,NBA,PG,79,79,35.3,5.2,12.4,0.418,2.1,5.0,.408,3.1,7.4,0.425,0.501,5.3,5.8,0.9129999999999999,0.4,2.6,3.0,6.4,1.2,0.2,2.2,2.0,17.7,3,False
342,342,Pau Gasol,2009,28,LAL,NBA,C,81,81,37.0,7.3,12.9,0.5670000000000001,0.0,0.0,.500,7.3,12.9,0.5670000000000001,0.5670000000000001,4.2,5.4,0.7809999999999999,3.2,6.4,9.6,3.5,0.6,1.0,1.9,2.1,18.9,1,False
343,343,David West,2009,28,NOH,NBA,PF,76,76,39.2,8.0,17.0,0.47200000000000003,0.1,0.3,.240,7.9,16.7,0.47700000000000004,0.474,4.8,5.5,0.884,2.1,6.4,8.5,2.3,0.6,0.9,2.1,2.7,21.0,1,False
344,344,Dirk Nowitzki,2009,30,DAL,NBA,PF,81,81,37.7,9.6,20.0,0.479,0.8,2.1,.359,8.8,17.9,0.493,0.498,6.0,6.7,0.89,1.1,7.3,8.4,2.4,0.8,0.8,1.9,2.2,25.9,7,False
345,345,Shaquille O'Neal,2009,36,PHO,NBA,C,75,75,30.0,6.8,11.2,0.609,0.0,0.0,.000,6.8,11.2,0.61,0.609,4.1,6.9,0.595,2.5,5.9,8.4,1.7,0.7,1.4,2.2,3.4,17.8,5,False
346,346,Dwight Howard,2009,23,ORL,NBA,C,79,79,35.7,7.1,12.4,0.5720000000000001,0.0,0.0,.000,7.1,12.4,0.573,0.5720000000000001,6.4,10.7,0.594,4.3,9.6,13.8,1.4,1.0,2.9,3.0,3.4,20.6,2,False
347,347,LeBron James,2009,24,CLE,NBA,SF,81,81,37.7,9.7,19.9,0.489,1.6,4.7,.344,8.1,15.2,0.535,0.53,7.3,9.4,0.78,1.3,6.3,7.6,7.2,1.7,1.1,3.0,1.7,28.4,4,False
348,348,Dwyane Wade,2009,27,MIA,NBA,SG,79,79,38.6,10.8,22.0,0.491,1.1,3.5,.317,9.7,18.5,0.524,0.516,7.5,9.8,0.765,1.1,3.9,5.0,7.5,2.2,1.3,3.4,2.3,30.2,4,False
349,349,Kevin Garnett,2009,32,BOS,NBA,PF,57,57,31.1,6.9,13.0,0.531,0.0,0.1,.250,6.9,12.8,0.534,0.532,1.9,2.3,0.841,1.4,7.1,8.5,2.5,1.1,1.2,1.6,2.2,15.8,6,False
350,350,Allen Iverson,2009,33,TOT,NBA,"PG,SG",57,53,36.7,6.1,14.6,0.41700000000000004,0.5,1.7,.283,5.6,12.9,0.435,0.434,4.8,6.1,0.7809999999999999,0.5,2.5,3.0,5.0,1.5,0.1,2.6,1.5,17.5,6,False
351,351,Joe Johnson,2009,27,ATL,NBA,SG,79,79,39.5,7.8,18.0,0.43700000000000006,1.9,5.2,.360,6.0,12.7,0.46799999999999997,0.489,3.8,4.6,0.826,0.8,3.6,4.4,5.8,1.1,0.2,2.5,2.2,21.4,2,False
352,352,Rashard Lewis,2009,29,ORL,NBA,PF,79,79,36.2,6.1,13.8,0.439,2.8,7.0,.397,3.3,6.8,0.48200000000000004,0.54,2.8,3.4,0.836,1.2,4.6,5.7,2.6,1.0,0.6,2.0,2.5,17.7,1,False
353,353,Paul Pierce,2009,31,BOS,NBA,SF,81,81,37.5,6.7,14.6,0.457,1.5,3.8,.391,5.2,10.8,0.48,0.508,5.7,6.8,0.83,0.7,5.0,5.6,3.6,1.0,0.3,2.8,2.7,20.5,6,False
354,354,Ray Allen,2009,33,BOS,NBA,SG,79,79,36.4,6.3,13.2,0.48,2.5,6.2,.409,3.8,7.0,0.542,0.575,3.0,3.2,0.9520000000000001,0.8,2.7,3.5,2.8,0.9,0.2,1.7,2.0,18.2,6,False
355,355,Devin Harris,2009,25,NJN,NBA,PG,69,69,36.1,6.6,15.1,0.43799999999999994,0.9,3.2,.291,5.7,11.9,0.47700000000000004,0.469,7.2,8.8,0.82,0.4,2.9,3.3,6.9,1.7,0.2,3.1,2.4,21.3,0,True
356,356,Mo Williams,2009,26,CLE,NBA,PG,81,81,35.0,6.5,13.9,0.467,2.3,5.2,.436,4.2,8.7,0.486,0.5479999999999999,2.6,2.8,0.912,0.6,2.9,3.4,4.1,0.9,0.1,2.2,2.7,17.8,0,True
357,357,Danny Granger,2009,25,IND,NBA,SF,67,66,36.2,8.5,19.1,0.447,2.7,6.7,.404,5.8,12.3,0.47,0.518,6.0,6.9,0.878,0.7,4.4,5.1,2.7,1.0,1.4,2.5,3.1,25.8,0,True
358,358,Dwight Howard,2008,22,ORL,NBA,C,82,82,37.7,7.1,11.9,0.599,0.0,0.0,.000,7.1,11.8,0.601,0.599,6.5,10.9,0.59,3.4,10.8,14.2,1.3,0.9,2.1,3.2,3.3,20.7,1,False
359,359,LeBron James,2008,23,CLE,NBA,SF,75,74,40.4,10.6,21.9,0.484,1.5,4.8,.315,9.1,17.1,0.531,0.518,7.3,10.3,0.7120000000000001,1.8,6.1,7.9,7.2,1.8,1.1,3.4,2.2,30.0,3,False
360,360,Jason Kidd,2008,34,TOT,NBA,PG,80,80,36.3,3.8,9.9,0.385,1.5,3.9,.381,2.3,6.0,0.387,0.46,1.7,2.1,0.818,1.2,6.3,7.5,10.1,1.7,0.3,3.3,2.1,10.8,3,False
361,361,Dwyane Wade,2008,26,MIA,NBA,SG,51,49,38.3,8.6,18.4,0.469,0.4,1.5,.286,8.2,16.9,0.485,0.48,6.9,9.2,0.758,0.9,3.3,4.2,6.9,1.7,0.7,4.4,2.7,24.6,3,False
362,362,Chris Bosh,2008,23,TOR,NBA,C,67,67,36.2,7.6,15.3,0.494,0.1,0.4,.400,7.4,15.0,0.496,0.499,7.0,8.3,0.8440000000000001,2.6,6.1,8.7,2.6,0.9,1.0,2.3,2.3,22.3,2,False
363,363,Ray Allen,2008,32,BOS,NBA,SG,73,73,35.9,6.0,13.5,0.445,2.5,6.2,.398,3.5,7.3,0.485,0.537,2.9,3.2,0.907,1.0,2.6,3.7,3.1,0.9,0.2,1.7,2.0,17.4,5,False
364,364,Chauncey Billups,2008,31,DET,NBA,PG,78,78,32.3,5.0,11.2,0.44799999999999995,1.8,4.4,.401,3.3,6.9,0.479,0.526,5.1,5.6,0.9179999999999999,0.5,2.2,2.7,6.8,1.3,0.2,2.1,1.7,17.0,2,False
365,365,Richard Hamilton,2008,29,DET,NBA,SG,72,72,33.7,6.9,14.3,0.484,0.9,2.0,.440,6.1,12.3,0.49200000000000005,0.515,2.6,3.1,0.833,1.0,2.2,3.3,4.2,1.0,0.1,1.8,2.4,17.3,2,False
366,366,Rasheed Wallace,2008,33,DET,NBA,C,77,76,30.5,4.9,11.3,0.43200000000000005,1.5,4.1,.356,3.4,7.2,0.47600000000000003,0.49700000000000005,1.5,1.9,0.767,1.1,5.5,6.6,1.8,1.2,1.7,1.1,2.8,12.7,1,False
367,367,Joe Johnson,2008,26,ATL,NBA,SG,82,82,40.8,7.9,18.3,0.43200000000000005,2.1,5.4,.381,5.8,12.8,0.45399999999999996,0.489,3.9,4.6,0.8340000000000001,1.0,3.5,4.5,5.8,1.0,0.2,2.7,2.0,21.7,1,False
368,368,Paul Pierce,2008,30,BOS,NBA,SF,80,80,35.9,6.4,13.7,0.46399999999999997,1.8,4.6,.392,4.6,9.2,0.499,0.529,5.1,6.1,0.843,0.7,4.5,5.1,4.5,1.3,0.5,2.8,2.5,19.6,5,False
369,369,Antawn Jamison,2008,31,WAS,NBA,PF,79,79,38.7,7.8,17.9,0.436,1.5,4.5,.339,6.3,13.5,0.46799999999999997,0.478,4.2,5.5,0.76,2.7,7.5,10.2,1.5,1.3,0.4,1.4,2.5,21.4,1,False
370,370,Tim Duncan,2008,31,SAS,NBA,C,78,78,34.0,7.5,15.1,0.49700000000000005,0.0,0.1,.000,7.5,15.1,0.498,0.49700000000000005,4.3,5.9,0.73,3.0,8.3,11.3,2.8,0.7,1.9,2.3,2.4,19.3,6,False
371,371,Carmelo Anthony,2008,23,DEN,NBA,SF,77,77,36.4,9.5,19.2,0.49200000000000005,0.8,2.1,.354,8.7,17.1,0.509,0.511,6.0,7.7,0.7859999999999999,2.3,5.1,7.4,3.4,1.3,0.5,3.3,3.3,25.7,1,False
372,372,Allen Iverson,2008,32,DEN,NBA,SG,82,82,41.8,8.7,19.0,0.45799999999999996,1.2,3.4,.345,7.5,15.6,0.48200000000000004,0.488,7.9,9.7,0.809,0.6,2.4,3.0,7.1,2.0,0.1,3.0,1.3,26.4,5,False
373,373,Yao Ming,2008,27,HOU,NBA,C,55,55,37.2,7.9,15.5,0.507,0.0,0.0,.000,7.9,15.5,0.508,0.507,6.3,7.4,0.85,3.1,7.7,10.8,2.3,0.5,2.0,3.3,3.1,22.0,4,False
374,374,Kobe Bryant,2008,29,LAL,NBA,SG,82,82,38.9,9.5,20.6,0.45899999999999996,1.8,5.1,.361,7.6,15.5,0.49,0.503,7.6,9.0,0.84,1.1,5.2,6.3,5.4,1.8,0.5,3.1,2.8,28.3,6,False
375,375,Brandon Roy,2008,23,POR,NBA,SG,74,74,37.7,7.2,15.8,0.45399999999999996,1.0,2.9,.340,6.2,12.9,0.48,0.485,3.8,5.0,0.753,1.1,3.6,4.7,5.8,1.1,0.2,1.8,2.0,19.1,0,True
376,376,Chris Paul,2008,22,NOH,NBA,PG,80,80,37.6,7.9,16.1,0.488,1.2,3.1,.369,6.7,13.0,0.516,0.524,4.2,4.9,0.851,0.8,3.2,4.0,11.6,2.7,0.1,2.5,2.3,21.1,0,True
377,377,Dirk Nowitzki,2008,29,DAL,NBA,PF,77,77,36.0,8.2,17.1,0.479,1.0,2.9,.359,7.2,14.2,0.504,0.51,6.2,7.1,0.879,1.2,7.3,8.6,3.5,0.7,0.9,2.1,2.6,23.6,6,False
378,378,Amar'e Stoudemire,2008,25,PHO,NBA,C,79,79,33.9,9.0,15.3,0.59,0.1,0.4,.161,9.0,14.9,0.601,0.5920000000000001,7.0,8.7,0.805,2.3,6.8,9.1,1.5,0.8,2.1,2.2,3.7,25.2,2,False
379,379,Steve Nash,2008,33,PHO,NBA,PG,81,81,34.3,6.0,11.9,0.504,2.2,4.7,.470,3.8,7.2,0.527,0.597,2.7,3.0,0.9059999999999999,0.3,3.1,3.5,11.1,0.7,0.1,3.6,1.4,16.9,4,False
380,380,Carlos Boozer,2008,26,UTA,NBA,PF,81,81,34.9,8.8,16.0,0.547,0.0,0.0,.000,8.8,16.0,0.547,0.547,3.6,4.9,0.738,2.4,8.0,10.4,2.9,1.2,0.5,2.6,3.6,21.1,0,True
381,381,David West,2008,27,NOH,NBA,PF,76,76,37.8,8.3,17.2,0.48200000000000004,0.1,0.3,.240,8.2,16.8,0.48700000000000004,0.484,3.9,4.6,0.85,2.4,6.5,8.9,2.3,0.8,1.3,2.2,2.7,20.6,0,True
382,382,Kobe Bryant,2007,28,LAL,NBA,SG,77,77,40.8,10.6,22.8,0.46299999999999997,1.8,5.2,.344,8.8,17.6,0.49700000000000005,0.502,8.7,10.0,0.868,1.0,4.7,5.7,5.4,1.4,0.5,3.3,2.7,31.6,5,False
383,383,Tracy McGrady,2007,27,HOU,NBA,SG,71,71,35.8,9.0,20.8,0.431,1.8,5.4,.331,7.2,15.5,0.466,0.474,4.9,6.9,0.7070000000000001,0.8,4.5,5.3,6.5,1.3,0.5,3.0,1.9,24.6,5,False
384,384,Dirk Nowitzki,2007,28,DAL,NBA,PF,78,78,36.2,8.6,17.2,0.502,0.9,2.2,.416,7.7,15.0,0.515,0.529,6.4,7.1,0.904,1.6,7.3,8.9,3.4,0.7,0.8,2.1,2.2,24.6,5,False
385,385,Tim Duncan,2007,30,SAS,NBA,C,80,80,34.1,7.7,14.1,0.546,0.0,0.1,.111,7.7,14.0,0.55,0.547,4.5,7.1,0.637,2.7,7.9,10.6,3.4,0.8,2.4,2.8,2.5,20.0,5,False
386,386,Kevin Garnett,2007,30,MIN,NBA,PF,76,76,39.4,8.4,17.6,0.47600000000000003,0.2,0.7,.214,8.2,16.9,0.48700000000000004,0.48,5.5,6.6,0.835,2.4,10.4,12.8,4.1,1.2,1.7,2.7,2.4,22.4,5,False
387,387,Carmelo Anthony,2007,22,DEN,NBA,SF,65,65,38.2,10.6,22.4,0.47600000000000003,0.6,2.3,.268,10.0,20.1,0.499,0.489,7.1,8.7,0.8079999999999999,2.2,3.8,6.0,3.8,1.2,0.4,3.6,3.1,28.9,0,True
388,388,Tony Parker,2007,24,SAS,NBA,PG,77,77,32.5,7.4,14.2,0.52,0.2,0.5,.395,7.2,13.7,0.525,0.527,3.6,4.5,0.7829999999999999,0.4,2.8,3.2,5.5,1.1,0.1,2.5,1.8,18.6,1,False
389,389,Shawn Marion,2007,28,PHO,NBA,SF,80,80,37.6,7.0,13.4,0.524,1.0,3.2,.317,6.0,10.2,0.5870000000000001,0.561,2.5,3.1,0.81,2.2,7.7,9.8,1.7,2.0,1.5,1.4,2.7,17.5,3,False
390,390,Ray Allen,2007,31,SEA,NBA,SG,55,55,40.3,9.2,21.0,0.43799999999999994,3.0,8.1,.372,6.2,12.9,0.479,0.51,5.1,5.6,0.903,1.0,3.5,4.5,4.1,1.5,0.2,2.8,2.1,26.4,4,False
391,391,Amar'e Stoudemire,2007,24,PHO,NBA,C,82,78,32.8,7.4,12.9,0.575,0.0,0.0,.000,7.4,12.8,0.5770000000000001,0.575,5.6,7.1,0.7809999999999999,2.7,6.9,9.6,1.0,1.0,1.3,2.8,3.6,20.4,1,False
392,392,Josh Howard,2007,26,DAL,NBA,SF,70,69,35.1,7.0,15.4,0.45899999999999996,1.3,3.4,.385,5.7,11.9,0.48,0.501,3.5,4.2,0.8270000000000001,1.9,4.9,6.8,1.8,1.2,0.8,1.8,2.6,18.9,0,True
393,393,Mehmet Okur,2007,27,UTA,NBA,C,80,80,33.3,6.1,13.3,0.462,1.6,4.2,.384,4.5,9.1,0.498,0.523,3.7,4.8,0.765,2.0,5.2,7.2,2.0,0.5,0.5,1.6,3.2,17.6,0,True
394,394,LeBron James,2007,22,CLE,NBA,SF,78,78,40.9,9.9,20.8,0.47600000000000003,1.3,4.0,.319,8.6,16.8,0.513,0.507,6.3,9.0,0.698,1.1,5.7,6.7,6.0,1.6,0.7,3.2,2.2,27.3,2,False
395,395,Dwyane Wade,2007,25,MIA,NBA,SG,51,50,37.9,9.3,18.9,0.491,0.4,1.5,.266,8.8,17.3,0.511,0.502,8.5,10.5,0.807,1.0,3.7,4.7,7.5,2.1,1.2,4.2,2.3,27.4,2,False
396,396,Chris Bosh,2007,22,TOR,NBA,C,69,69,38.5,7.9,15.9,0.496,0.2,0.5,.343,7.7,15.3,0.501,0.502,6.7,8.6,0.785,2.7,8.0,10.7,2.5,0.6,1.3,2.6,2.4,22.6,1,False
397,397,Gilbert Arenas,2007,25,WAS,NBA,PG,74,73,39.8,8.7,20.9,0.418,2.8,7.9,.351,6.0,13.0,0.45899999999999996,0.484,8.2,9.7,0.8440000000000001,0.8,3.7,4.6,6.0,1.9,0.2,3.2,3.4,28.4,2,False
398,398,Shaquille O'Neal,2007,34,MIA,NBA,C,40,39,28.4,7.1,12.0,0.591,0.0,0.0,None,7.1,12.0,0.591,0.591,3.1,7.4,0.42200000000000004,2.4,5.0,7.4,2.0,0.2,1.4,2.4,3.5,17.3,4,False
399,399,Jermaine O'Neal,2007,28,IND,NBA,C,69,69,35.6,7.2,16.5,0.436,0.0,0.1,.000,7.2,16.4,0.439,0.436,5.0,6.5,0.767,2.2,7.4,9.6,2.4,0.7,2.6,2.9,3.4,19.4,4,False
400,400,Dwight Howard,2007,21,ORL,NBA,C,82,82,36.9,6.4,10.6,0.603,0.0,0.0,.500,6.4,10.6,0.603,0.603,4.8,8.1,0.586,3.5,8.8,12.3,1.9,0.9,1.9,3.9,3.0,17.6,0,True
401,401,Joe Johnson,2007,25,ATL,NBA,SG,57,57,41.4,9.4,20.0,0.47100000000000003,2.1,5.5,.381,7.3,14.5,0.504,0.523,4.1,5.5,0.748,0.9,3.3,4.2,4.4,1.1,0.2,3.1,2.0,25.0,0,True
402,402,Chauncey Billups,2007,30,DET,NBA,PG,70,70,36.2,5.0,11.6,0.42700000000000005,1.6,4.5,.345,3.4,7.1,0.479,0.494,5.5,6.2,0.883,0.3,3.1,3.4,7.2,1.2,0.2,2.0,2.3,17.0,1,False
403,403,Vince Carter,2007,30,NJN,NBA,SG,82,82,38.1,8.9,19.5,0.45399999999999996,1.9,5.3,.357,7.0,14.2,0.491,0.503,5.6,7.0,0.802,1.4,4.6,6.0,4.8,1.0,0.4,2.6,3.2,25.2,4,False
404,404,Caron Butler,2007,26,WAS,NBA,SF,63,63,39.3,7.2,15.5,0.46299999999999997,0.3,1.1,.250,6.9,14.3,0.48,0.47200000000000003,4.5,5.2,0.863,2.3,5.1,7.4,3.7,2.1,0.3,2.9,3.0,19.1,0,True
405,405,Richard Hamilton,2007,28,DET,NBA,SG,75,75,36.8,7.3,15.6,0.46799999999999997,0.6,1.7,.341,6.7,13.9,0.483,0.486,4.6,5.4,0.861,1.0,2.8,3.8,3.8,0.8,0.2,2.1,3.1,19.8,1,False
406,406,Dwyane Wade,2006,24,MIA,NBA,SG,75,75,38.6,9.3,18.8,0.495,0.2,1.0,.171,9.1,17.8,0.513,0.499,8.4,10.7,0.7829999999999999,1.4,4.3,5.7,6.7,1.9,0.8,3.6,2.9,27.2,1,False
407,407,LeBron James,2006,21,CLE,NBA,SF,79,79,42.5,11.1,23.1,0.48,1.6,4.8,.335,9.5,18.3,0.518,0.515,7.6,10.3,0.738,0.9,6.1,7.0,6.6,1.6,0.8,3.3,2.3,31.4,1,False
408,408,Allen Iverson,2006,30,PHI,NBA,PG,72,72,43.1,11.3,25.3,0.447,1.0,3.1,.323,10.3,22.2,0.465,0.467,9.4,11.5,0.8140000000000001,0.6,2.6,3.2,7.4,1.9,0.1,3.4,1.7,33.0,4,False
409,409,Shaquille O'Neal,2006,33,MIA,NBA,C,59,58,30.6,8.1,13.6,0.6,0.0,0.0,None,8.1,13.6,0.6,0.6,3.7,8.0,0.469,2.9,6.3,9.2,1.9,0.4,1.8,2.8,3.9,20.0,3,False
410,410,Vince Carter,2006,29,NJN,NBA,SG,79,79,36.8,8.3,19.2,0.43,1.6,4.6,.341,6.7,14.6,0.45899999999999996,0.47100000000000003,6.1,7.6,0.799,1.7,4.1,5.8,4.3,1.2,0.7,2.7,3.0,24.2,3,False
411,411,Ben Wallace,2006,31,DET,NBA,C,82,82,35.2,2.9,5.7,0.51,0.0,0.0,.000,2.9,5.6,0.514,0.51,1.5,3.6,0.41600000000000004,3.7,7.6,11.3,1.9,1.8,2.2,1.1,2.0,7.3,3,False
412,412,Rasheed Wallace,2006,31,DET,NBA,PF,80,80,34.8,5.7,13.3,0.43,1.9,5.4,.357,3.8,7.9,0.48,0.503,1.7,2.3,0.743,1.1,5.7,6.8,2.3,1.0,1.6,1.1,2.9,15.1,0,True
413,413,Chris Bosh,2006,21,TOR,NBA,C,70,70,39.3,7.8,15.5,0.505,0.0,0.2,.000,7.8,15.3,0.511,0.505,6.8,8.3,0.816,2.9,6.3,9.2,2.6,0.7,1.1,2.2,3.0,22.5,0,True
414,414,Chauncey Billups,2006,29,DET,NBA,PG,81,81,36.1,5.2,12.5,0.418,2.3,5.2,.433,3.0,7.2,0.40700000000000003,0.509,5.7,6.4,0.894,0.5,2.6,3.1,8.6,0.9,0.1,2.1,2.0,18.5,0,True
415,415,Paul Pierce,2006,28,BOS,NBA,SF,79,79,39.0,8.7,18.5,0.47100000000000003,1.4,4.0,.354,7.3,14.5,0.503,0.509,7.9,10.3,0.772,1.0,5.7,6.7,4.7,1.4,0.4,3.5,2.8,26.8,4,False
416,416,Richard Hamilton,2006,27,DET,NBA,SG,80,80,35.3,8.1,16.5,0.491,0.7,1.5,.458,7.4,15.0,0.494,0.512,3.2,3.8,0.845,1.1,2.2,3.2,3.4,0.7,0.2,2.2,2.6,20.1,0,True
417,417,Gilbert Arenas,2006,24,WAS,NBA,PG,80,80,42.3,9.3,20.9,0.447,2.5,6.8,.369,6.8,14.1,0.485,0.507,8.2,10.0,0.82,0.7,2.8,3.5,6.1,2.0,0.3,3.7,3.6,29.3,1,False
418,418,Steve Nash,2006,31,PHO,NBA,PG,79,79,35.4,6.8,13.4,0.512,1.9,4.3,.439,4.9,9.0,0.5479999999999999,0.583,3.3,3.5,0.9209999999999999,0.6,3.6,4.2,10.5,0.8,0.2,3.5,1.5,18.8,3,False
419,419,Tracy McGrady,2006,26,HOU,NBA,SF,47,47,37.1,8.7,21.5,0.406,1.6,5.0,.312,7.2,16.5,0.434,0.442,5.4,7.2,0.747,1.0,5.6,6.5,4.8,1.3,0.9,2.6,1.9,24.4,4,False
420,420,Kobe Bryant,2006,27,LAL,NBA,SG,80,80,41.0,12.2,27.2,0.45,2.3,6.5,.347,10.0,20.7,0.48200000000000004,0.491,8.7,10.2,0.85,0.9,4.4,5.3,4.5,1.8,0.4,3.1,2.9,35.4,4,False
421,421,Tim Duncan,2006,29,SAS,NBA,PF,80,80,34.8,7.2,14.8,0.484,0.0,0.1,.400,7.2,14.8,0.485,0.485,4.2,6.7,0.629,2.9,8.1,11.0,3.2,0.9,2.0,2.5,2.7,18.6,4,False
422,422,Yao Ming,2006,25,HOU,NBA,C,57,57,34.2,8.2,15.8,0.519,0.0,0.0,.000,8.2,15.8,0.519,0.519,5.9,6.9,0.853,2.6,7.6,10.2,1.5,0.5,1.6,2.6,3.4,22.3,3,False
423,423,Tony Parker,2006,23,SAS,NBA,PG,80,80,33.9,7.8,14.2,0.5479999999999999,0.1,0.5,.306,7.7,13.8,0.556,0.5529999999999999,3.2,4.5,0.7070000000000001,0.5,2.8,3.3,5.8,1.0,0.1,3.1,2.0,18.9,0,True
424,424,Ray Allen,2006,30,SEA,NBA,SG,78,78,38.7,8.7,19.2,0.45399999999999996,3.4,8.4,.412,5.3,10.9,0.486,0.544,4.2,4.6,0.903,0.9,3.3,4.3,3.7,1.3,0.2,2.4,1.9,25.1,3,False
425,425,Shawn Marion,2006,27,PHO,NBA,PF,81,81,40.3,8.8,16.9,0.525,1.2,3.6,.331,7.7,13.3,0.5770000000000001,0.56,3.0,3.7,0.809,3.1,8.8,11.8,1.8,2.0,1.7,1.5,2.8,21.8,2,False
426,426,Elton Brand,2006,26,LAC,NBA,PF,79,79,39.2,9.6,18.2,0.527,0.0,0.0,.333,9.6,18.1,0.527,0.527,5.6,7.2,0.775,3.0,7.0,10.0,2.6,1.0,2.5,2.2,2.9,24.7,1,False
427,427,Kevin Garnett,2006,29,MIN,NBA,PF,76,76,38.9,8.2,15.7,0.526,0.1,0.4,.267,8.1,15.3,0.532,0.529,5.2,6.4,0.81,2.8,9.9,12.7,4.1,1.4,1.4,2.4,2.7,21.8,4,False
428,428,Dirk Nowitzki,2006,27,DAL,NBA,PF,81,81,38.1,9.3,19.3,0.48,1.4,3.3,.406,7.9,16.0,0.496,0.515,6.7,7.4,0.9009999999999999,1.4,7.6,9.0,2.8,0.7,1.0,1.9,2.0,26.6,4,False
429,429,Pau Gasol,2006,25,MEM,NBA,PF,80,80,39.2,7.5,14.9,0.503,0.0,0.2,.250,7.5,14.8,0.505,0.504,5.3,7.7,0.6890000000000001,2.4,6.5,8.9,4.6,0.6,1.9,2.9,2.3,20.4,0,True
430,430,Allen Iverson,2005,29,PHI,NBA,PG,75,75,42.3,10.3,24.2,0.424,1.4,4.5,.308,8.9,19.7,0.451,0.45299999999999996,8.7,10.5,0.835,0.7,3.3,4.0,7.9,2.4,0.1,4.6,1.9,30.7,3,False
431,431,LeBron James,2005,20,CLE,NBA,SF,80,80,42.4,9.9,21.1,0.47200000000000003,1.4,3.9,.351,8.6,17.2,0.499,0.504,6.0,8.0,0.75,1.4,6.0,7.4,7.2,2.2,0.7,3.3,1.8,27.2,0,True
432,432,Shaquille O'Neal,2005,32,MIA,NBA,C,73,73,34.1,9.0,15.0,0.601,0.0,0.0,None,9.0,15.0,0.601,0.601,4.8,10.5,0.461,3.5,6.9,10.4,2.7,0.5,2.3,2.8,3.6,22.9,2,False
433,433,Vince Carter,2005,28,TOT,NBA,"SF,SG",77,76,36.7,9.0,20.0,0.452,1.6,4.1,.406,7.4,15.9,0.46299999999999997,0.493,4.8,6.0,0.7979999999999999,1.4,3.8,5.2,4.2,1.4,0.6,2.2,3.2,24.5,2,False
434,434,Grant Hill,2005,32,ORL,NBA,SF,67,67,34.9,7.7,15.1,0.509,0.0,0.2,.231,7.7,15.0,0.513,0.511,4.2,5.1,0.821,1.1,3.6,4.7,3.3,1.4,0.4,2.4,2.1,19.7,0,True
435,435,Dwyane Wade,2005,23,MIA,NBA,SG,77,77,38.6,8.2,17.1,0.478,0.2,0.6,.289,8.0,16.5,0.485,0.483,7.5,9.9,0.762,1.4,3.7,5.2,6.8,1.6,1.1,4.2,3.0,24.1,0,True
436,436,Jermaine O'Neal,2005,26,IND,NBA,PF,44,41,34.8,8.8,19.4,0.452,0.0,0.1,.167,8.8,19.3,0.45399999999999996,0.45299999999999996,6.7,8.9,0.754,1.9,6.9,8.8,1.9,0.6,2.0,3.0,3.9,24.3,3,False
437,437,Zydrunas Ilgauskas,2005,29,CLE,NBA,C,78,78,33.5,5.9,12.6,0.46799999999999997,0.0,0.1,.286,5.8,12.5,0.469,0.469,5.2,6.4,0.799,3.8,4.8,8.6,1.3,0.7,2.1,2.4,4.0,16.9,1,False
438,438,Paul Pierce,2005,27,BOS,NBA,SF,82,82,36.1,6.8,14.9,0.455,1.3,3.6,.370,5.5,11.4,0.48100000000000004,0.499,6.7,8.1,0.8220000000000001,1.0,5.6,6.6,4.2,1.6,0.5,2.8,3.1,21.6,3,False
439,439,Gilbert Arenas,2005,23,WAS,NBA,PG,80,80,40.9,8.2,19.0,0.431,2.6,7.0,.365,5.6,12.0,0.469,0.498,6.5,8.0,0.8140000000000001,1.0,3.7,4.7,5.1,1.7,0.3,3.0,3.1,25.5,0,True
440,440,Ben Wallace,2005,30,DET,NBA,C,74,74,36.1,4.0,8.8,0.45299999999999996,0.0,0.1,.111,4.0,8.7,0.45799999999999996,0.45399999999999996,1.8,4.1,0.428,3.9,8.2,12.2,1.7,1.4,2.4,1.1,2.1,9.7,2,False
441,441,Antawn Jamison,2005,28,WAS,NBA,PF,68,68,38.3,7.6,17.5,0.43700000000000006,1.0,3.1,.341,6.6,14.4,0.457,0.466,3.3,4.4,0.76,2.4,5.3,7.6,2.3,0.8,0.2,1.7,2.2,19.6,0,True
442,442,Kobe Bryant,2005,26,LAL,NBA,SG,66,66,40.7,8.7,20.1,0.433,2.0,5.9,.339,6.7,14.2,0.47200000000000003,0.48200000000000004,8.2,10.1,0.816,1.4,4.5,5.9,6.0,1.3,0.8,4.1,2.6,27.6,3,False
443,443,Tracy McGrady,2005,25,HOU,NBA,SF,78,78,40.8,9.2,21.3,0.431,1.8,5.6,.326,7.3,15.7,0.46799999999999997,0.473,5.5,7.1,0.774,0.9,5.3,6.2,5.7,1.7,0.7,2.6,2.1,25.7,3,False
444,444,Yao Ming,2005,24,HOU,NBA,C,80,80,30.6,6.7,12.2,0.552,0.0,0.0,None,6.7,12.2,0.552,0.552,4.9,6.2,0.7829999999999999,2.6,5.8,8.4,0.8,0.4,2.0,2.5,3.7,18.3,2,False
445,445,Tim Duncan,2005,28,SAS,NBA,PF,66,66,33.4,7.8,15.8,0.496,0.0,0.1,.333,7.8,15.7,0.498,0.498,4.6,6.9,0.67,3.1,8.0,11.1,2.7,0.7,2.6,1.9,2.2,20.3,3,False
446,446,Kevin Garnett,2005,28,MIN,NBA,PF,82,82,38.1,8.3,16.6,0.502,0.1,0.3,.240,8.3,16.3,0.507,0.504,5.4,6.7,0.8109999999999999,3.0,10.5,13.5,5.7,1.5,1.4,2.7,2.5,22.2,3,False
447,447,Ray Allen,2005,29,SEA,NBA,SG,78,78,39.3,8.2,19.2,0.428,2.7,7.1,.376,5.5,12.0,0.45899999999999996,0.498,4.8,5.5,0.883,1.0,3.4,4.4,3.7,1.1,0.1,2.2,2.1,23.9,2,False
448,448,Manu Ginóbili,2005,27,SAS,NBA,SG,74,74,29.6,5.0,10.5,0.47100000000000003,1.3,3.5,.376,3.6,7.1,0.517,0.5329999999999999,4.8,6.0,0.8029999999999999,1.0,3.4,4.4,3.9,1.6,0.4,2.3,2.6,16.0,0,True
449,449,Dirk Nowitzki,2005,26,DAL,NBA,PF,78,78,38.7,8.5,18.5,0.45899999999999996,1.2,2.9,.399,7.3,15.6,0.47,0.49,7.9,9.1,0.8690000000000001,1.2,8.5,9.7,3.1,1.2,1.5,2.3,2.8,26.1,3,False
450,450,Amar'e Stoudemire,2005,22,PHO,NBA,C,80,80,36.1,9.3,16.7,0.5589999999999999,0.0,0.2,.188,9.3,16.5,0.564,0.56,7.3,9.9,0.733,2.7,6.2,8.9,1.6,1.0,1.6,2.4,3.5,26.0,0,True
451,451,Steve Nash,2005,30,PHO,NBA,PG,75,75,34.3,5.7,11.4,0.502,1.3,2.9,.431,4.5,8.5,0.526,0.557,2.8,3.2,0.887,0.8,2.6,3.3,11.5,1.0,0.1,3.3,1.8,15.5,2,False
452,452,Shawn Marion,2005,26,PHO,NBA,PF,81,81,38.8,7.6,15.9,0.47600000000000003,1.4,4.2,.334,6.2,11.7,0.526,0.52,2.8,3.4,0.833,2.9,8.4,11.3,1.9,2.0,1.5,1.5,2.5,19.4,1,False
453,453,Rashard Lewis,2005,25,SEA,NBA,SF,71,71,38.0,7.5,16.2,0.462,2.4,6.1,.400,5.1,10.1,0.499,0.537,3.1,4.0,0.777,1.5,3.9,5.5,1.3,1.1,0.9,1.7,2.2,20.5,0,True
454,454,Kobe Bryant,2004,25,LAL,NBA,SG,65,64,37.6,7.9,18.1,0.43799999999999994,1.1,3.3,.327,6.8,14.8,0.46299999999999997,0.46799999999999997,7.0,8.2,0.852,1.6,3.9,5.5,5.1,1.7,0.4,2.6,2.7,24.0,2,False
455,455,Kevin Garnett,2004,27,MIN,NBA,PF,82,82,39.4,9.8,19.6,0.499,0.1,0.5,.256,9.7,19.1,0.506,0.502,4.5,5.7,0.7909999999999999,3.0,10.9,13.9,5.0,1.5,2.2,2.6,2.5,24.2,2,False
456,456,Tim Duncan,2004,27,SAS,NBA,PF,69,68,36.6,8.6,17.1,0.501,0.0,0.2,.167,8.6,16.9,0.505,0.502,5.1,8.5,0.599,3.3,9.2,12.4,3.1,0.9,2.7,2.7,2.4,22.3,2,False
457,457,Steve Francis,2004,26,HOU,NBA,PG,79,79,40.4,5.7,14.1,0.40299999999999997,0.9,3.2,.292,4.8,11.0,0.435,0.436,4.3,5.5,0.775,1.5,4.0,5.5,6.2,1.8,0.4,3.7,3.3,16.6,2,False
458,458,Yao Ming,2004,23,HOU,NBA,C,82,82,32.8,6.5,12.5,0.522,0.0,0.0,.000,6.5,12.5,0.523,0.522,4.4,5.4,0.809,2.4,6.6,9.0,1.5,0.3,1.9,2.5,3.3,17.5,1,False
459,459,Ray Allen,2004,28,SEA,NBA,SG,56,56,38.4,8.0,18.2,0.44,2.6,6.8,.392,5.3,11.4,0.46799999999999997,0.512,4.4,4.8,0.904,1.2,3.9,5.1,4.8,1.3,0.2,2.8,2.4,23.0,1,False
460,460,Shaquille O'Neal,2004,31,LAL,NBA,C,67,67,36.8,8.3,14.1,0.584,0.0,0.0,None,8.3,14.1,0.584,0.584,4.9,10.1,0.49,3.7,7.8,11.5,2.9,0.5,2.5,2.9,3.4,21.5,1,False
461,461,Sam Cassell,2004,34,MIN,NBA,PG,81,81,35.0,7.7,15.7,0.488,0.9,2.3,.398,6.7,13.4,0.504,0.517,3.6,4.1,0.873,0.5,2.8,3.3,7.3,1.3,0.2,2.7,3.0,19.8,0,True
462,462,Peja Stojaković,2004,26,SAC,NBA,SF,81,81,40.3,8.2,17.1,0.48,3.0,6.8,.433,5.2,10.3,0.511,0.5660000000000001,4.9,5.2,0.927,1.1,5.1,6.3,2.1,1.3,0.2,1.9,2.0,24.2,2,False
463,463,Dirk Nowitzki,2004,25,DAL,NBA,C,77,77,37.9,7.9,17.0,0.462,1.3,3.8,.341,6.6,13.2,0.496,0.5,4.8,5.5,0.877,1.2,7.5,8.7,2.7,1.2,1.4,1.8,2.8,21.8,2,False
464,464,Andrei Kirilenko,2004,22,UTA,NBA,PF,78,78,37.1,5.3,11.9,0.44299999999999995,0.9,2.6,.338,4.4,9.4,0.47100000000000003,0.479,5.0,6.4,0.79,2.9,5.2,8.1,3.1,1.9,2.8,2.8,2.2,16.5,0,True
465,465,Brad Miller,2004,27,SAC,NBA,PF,72,53,36.4,5.2,10.2,0.51,0.2,0.5,.316,5.0,9.6,0.521,0.518,3.6,4.6,0.778,2.7,7.7,10.3,4.3,0.9,1.2,2.0,3.4,14.1,1,False
466,466,Jermaine O'Neal,2004,25,IND,NBA,PF,78,78,35.7,7.8,17.9,0.434,0.0,0.2,.111,7.8,17.7,0.43799999999999994,0.435,4.5,5.9,0.757,2.5,7.5,10.0,2.1,0.8,2.6,2.3,3.2,20.1,2,False
467,467,Allen Iverson,2004,28,PHI,NBA,SG,48,47,42.5,9.1,23.4,0.387,1.2,4.1,.286,7.9,19.3,0.408,0.41200000000000003,7.1,9.5,0.745,0.7,3.0,3.7,6.8,2.4,0.1,4.4,1.8,26.4,2,False
468,468,Ben Wallace,2004,29,DET,NBA,C,81,81,37.7,3.9,9.2,0.42100000000000004,0.0,0.1,.125,3.9,9.1,0.424,0.42200000000000004,1.8,3.6,0.49,4.0,8.4,12.4,1.7,1.8,3.0,1.5,2.0,9.5,1,False
469,469,Tracy McGrady,2004,24,ORL,NBA,SG,67,67,39.9,9.7,23.4,0.41700000000000004,2.6,7.7,.339,7.1,15.7,0.455,0.473,5.9,7.5,0.7959999999999999,1.4,4.6,6.0,5.5,1.4,0.6,2.7,1.9,28.0,2,False
470,470,Vince Carter,2004,27,TOR,NBA,SG,73,73,38.2,8.3,20.0,0.41700000000000004,1.3,3.3,.383,7.1,16.6,0.424,0.449,4.6,5.7,0.8059999999999999,1.3,3.5,4.8,4.8,1.2,0.9,3.1,2.9,22.5,1,False
471,471,Kenyon Martin,2004,26,NJN,NBA,PF,65,62,34.6,6.8,13.8,0.488,0.1,0.4,.280,6.6,13.5,0.494,0.49200000000000005,3.1,4.5,0.684,2.0,7.4,9.5,2.5,1.5,1.3,2.6,3.5,16.7,0,True
472,472,Jason Kidd,2004,30,NJN,NBA,PG,67,66,36.6,5.5,14.3,0.384,1.4,4.4,.321,4.1,9.9,0.41100000000000003,0.433,3.1,3.7,0.8270000000000001,1.3,5.1,6.4,9.2,1.8,0.2,3.2,1.6,15.5,2,False
473,473,Jamaal Magloire,2004,25,NOH,NBA,C,82,82,33.9,4.7,9.9,0.473,0.0,0.0,.000,4.7,9.9,0.474,0.473,4.3,5.7,0.7509999999999999,3.3,7.1,10.3,1.0,0.5,1.2,2.5,3.4,13.6,0,True
474,474,Metta World Peace,2004,24,IND,NBA,SF,73,71,37.2,6.4,15.2,0.42100000000000004,1.0,3.3,.310,5.4,11.9,0.452,0.455,4.4,6.0,0.733,1.4,3.9,5.3,3.7,2.1,0.7,2.8,2.7,18.3,0,True
475,475,Baron Davis,2004,24,NOH,NBA,PG,67,66,40.1,8.3,20.9,0.395,2.8,8.7,.321,5.5,12.2,0.44799999999999995,0.462,3.5,5.3,0.6729999999999999,1.0,3.3,4.3,7.5,2.4,0.4,3.2,2.7,22.9,1,False
476,476,Michael Redd,2004,24,MIL,NBA,SG,82,82,36.8,7.7,17.5,0.44,1.5,4.4,.350,6.2,13.1,0.47,0.484,4.7,5.4,0.868,1.4,3.5,5.0,2.3,1.0,0.1,1.4,1.9,21.7,0,True
477,477,Paul Pierce,2004,26,BOS,NBA,SG,80,80,38.7,7.5,18.7,0.402,1.4,4.8,.299,6.1,13.9,0.43799999999999994,0.441,6.5,7.9,0.8190000000000001,0.9,5.7,6.5,5.1,1.6,0.7,3.8,2.9,23.0,2,False
478,478,Kevin Garnett,2003,26,MIN,NBA,PF,82,82,40.5,9.1,18.1,0.502,0.2,0.9,.282,8.8,17.2,0.513,0.508,4.6,6.1,0.7509999999999999,3.0,10.5,13.4,6.0,1.4,1.6,2.8,2.4,23.0,1,False
479,479,Tim Duncan,2003,26,SAS,NBA,PF,81,81,39.3,8.8,17.2,0.513,0.1,0.3,.273,8.7,16.9,0.517,0.515,5.6,7.8,0.71,3.2,9.7,12.9,3.9,0.7,2.9,3.1,2.9,23.3,1,False
480,480,Kobe Bryant,2003,24,LAL,NBA,SG,82,82,41.5,10.6,23.5,0.451,1.5,4.0,.383,9.1,19.5,0.465,0.483,7.3,8.7,0.843,1.3,5.6,6.9,5.9,2.2,0.8,3.5,2.7,30.0,1,False
481,481,Steve Francis,2003,25,HOU,NBA,PG,81,81,41.0,7.0,16.2,0.435,1.0,3.0,.354,6.0,13.2,0.45299999999999996,0.46799999999999997,5.9,7.3,0.8,2.0,4.2,6.2,6.2,1.7,0.5,3.7,3.1,21.0,1,False
482,482,Yao Ming,2003,22,HOU,NBA,C,82,72,29.0,4.9,9.8,0.498,0.0,0.0,.500,4.9,9.8,0.498,0.499,3.7,4.5,0.8109999999999999,2.4,5.8,8.2,1.7,0.4,1.8,2.1,2.8,13.5,0,True
483,483,Shaquille O'Neal,2003,30,LAL,NBA,C,67,66,37.8,10.4,18.1,0.574,0.0,0.0,None,10.4,18.1,0.574,0.574,6.7,10.8,0.622,3.9,7.2,11.1,3.1,0.6,2.4,2.9,3.4,27.5,0,True
484,484,Shawn Marion,2003,24,PHO,NBA,SF,81,81,41.6,8.2,18.1,0.452,1.7,4.5,.387,6.4,13.6,0.473,0.5,3.1,3.6,0.851,2.5,7.1,9.5,2.4,2.3,1.2,1.9,2.6,21.2,0,True
485,485,Dirk Nowitzki,2003,24,DAL,NBA,PF,80,80,39.0,8.6,18.6,0.46299999999999997,1.9,4.9,.379,6.8,13.7,0.493,0.513,6.0,6.9,0.8809999999999999,1.0,8.9,9.9,3.0,1.4,1.0,1.9,2.6,25.1,1,False
486,486,Steve Nash,2003,28,DAL,NBA,PG,82,82,33.1,6.3,13.6,0.465,1.4,3.3,.413,5.0,10.3,0.48200000000000004,0.515,3.8,4.1,0.909,0.8,2.1,2.9,7.3,1.0,0.1,2.3,1.6,17.7,1,False
487,487,Gary Payton,2003,34,TOT,NBA,PG,80,80,40.1,8.3,18.3,0.45399999999999996,0.7,2.3,.297,7.6,16.1,0.47600000000000003,0.47200000000000003,3.1,4.4,0.71,1.0,3.2,4.2,8.3,1.7,0.3,2.3,2.3,20.4,1,False
488,488,Stephon Marbury,2003,25,PHO,NBA,PG,81,81,40.0,8.3,18.9,0.439,1.1,3.7,.301,7.2,15.2,0.47200000000000003,0.46799999999999997,4.6,5.8,0.8029999999999999,0.7,2.6,3.2,8.1,1.3,0.2,3.2,2.5,22.3,0,True
489,489,Peja Stojaković,2003,25,SAC,NBA,SF,72,72,34.0,6.9,14.4,0.48100000000000004,2.2,5.6,.382,4.8,8.7,0.545,0.556,3.2,3.7,0.875,0.8,4.7,5.5,2.0,1.0,0.1,1.4,2.0,19.2,1,False
490,490,Allen Iverson,2003,27,PHI,NBA,SG,82,82,42.5,9.8,23.7,0.414,1.0,3.7,.277,8.8,20.0,0.44,0.436,7.0,9.0,0.774,0.8,3.4,4.2,5.5,2.7,0.2,3.5,1.8,27.6,1,False
491,491,Tracy McGrady,2003,23,ORL,NBA,SG,75,74,39.4,11.1,24.2,0.457,2.3,6.0,.386,8.7,18.2,0.48100000000000004,0.505,7.7,9.7,0.7929999999999999,1.6,4.9,6.5,5.5,1.7,0.8,2.6,2.1,32.1,1,False
492,492,Michael Jordan,2003,39,WAS,NBA,SF,82,67,37.0,8.3,18.6,0.445,0.2,0.7,.291,8.1,18.0,0.45,0.45,3.2,4.0,0.821,0.9,5.2,6.1,3.8,1.5,0.5,2.1,2.1,20.0,1,False
493,493,Jermaine O'Neal,2003,24,IND,NBA,PF,77,76,37.2,7.9,16.4,0.484,0.1,0.3,.333,7.8,16.1,0.48700000000000004,0.48700000000000004,4.8,6.6,0.731,2.6,7.7,10.3,2.0,0.9,2.3,2.3,3.6,20.8,1,False
494,494,Ben Wallace,2003,28,DET,NBA,C,73,73,39.4,2.9,6.0,0.48100000000000004,0.0,0.1,.167,2.9,5.9,0.485,0.48200000000000004,1.2,2.6,0.45,4.0,11.4,15.4,1.6,1.4,3.2,1.2,2.5,6.9,0,True
495,495,Jason Kidd,2003,29,NJN,NBA,PG,80,80,37.4,6.4,15.6,0.414,1.6,4.6,.341,4.9,10.9,0.445,0.465,4.2,5.0,0.841,1.4,4.9,6.3,8.9,2.2,0.3,3.7,1.6,18.7,1,False
496,496,Vince Carter,2003,26,TOR,NBA,SG,43,42,34.2,8.3,17.7,0.467,1.0,3.0,.344,7.2,14.6,0.493,0.49700000000000005,3.0,3.7,0.8059999999999999,1.4,3.0,4.4,3.3,1.1,1.0,1.7,2.8,20.6,0,True
497,497,Paul Pierce,2003,25,BOS,NBA,SG,79,79,39.2,8.4,20.2,0.41600000000000004,1.5,4.9,.302,6.9,15.2,0.45399999999999996,0.45399999999999996,7.6,9.5,0.802,1.3,6.0,7.3,4.4,1.8,0.8,3.6,2.9,25.9,1,False
498,498,Brad Miller,2003,26,IND,NBA,C,73,72,31.1,4.5,9.1,0.493,0.1,0.2,.313,4.4,8.9,0.498,0.49700000000000005,4.0,4.9,0.818,2.5,5.7,8.3,2.6,0.9,0.6,1.6,2.8,13.1,0,True
499,499,Jamal Mashburn,2003,30,NOH,NBA,SF,82,81,40.5,8.2,19.3,0.42200000000000004,1.5,3.7,.389,6.7,15.6,0.43,0.46,3.8,4.5,0.848,0.8,5.3,6.1,5.6,1.0,0.2,2.8,2.4,21.6,0,True
500,500,Antoine Walker,2003,26,BOS,NBA,PF,78,78,41.5,7.7,19.9,0.38799999999999996,2.4,7.5,.323,5.3,12.5,0.42700000000000005,0.449,2.3,3.7,0.615,1.3,5.9,7.2,4.8,1.5,0.4,3.3,2.8,20.1,1,False
501,501,Zydrunas Ilgauskas,2003,27,CLE,NBA,C,81,81,30.0,6.1,13.9,0.441,0.0,0.1,.000,6.1,13.8,0.44299999999999995,0.441,4.9,6.3,0.7809999999999999,3.0,4.6,7.5,1.6,0.7,1.9,2.6,3.4,17.2,0,True
502,502,Kobe Bryant,2002,23,LAL,NBA,SG,80,80,38.3,9.4,20.0,0.469,0.4,1.7,.250,9.0,18.3,0.489,0.479,6.1,7.4,0.8290000000000001,1.4,4.1,5.5,5.5,1.5,0.4,2.8,2.9,25.2,0,True
503,503,Tim Duncan,2002,25,SAS,NBA,PF,82,82,40.6,9.3,18.3,0.508,0.0,0.1,.100,9.3,18.2,0.511,0.508,6.8,8.5,0.799,3.3,9.4,12.7,3.7,0.7,2.5,3.2,2.6,25.5,0,True
504,504,Kevin Garnett,2002,25,MIN,NBA,PF,81,81,39.2,8.1,17.3,0.47,0.5,1.4,.319,7.7,15.9,0.484,0.484,4.4,5.5,0.8009999999999999,3.0,9.1,12.1,5.2,1.2,1.6,2.8,2.3,21.2,0,True
505,505,Chris Webber,2002,28,SAC,NBA,PF,54,54,38.4,9.9,19.9,0.495,0.1,0.4,.263,9.8,19.6,0.499,0.49700000000000005,4.7,6.3,0.7490000000000001,2.8,7.3,10.1,4.8,1.7,1.4,2.9,3.4,24.5,0,True
506,506,Steve Francis,2002,24,HOU,NBA,PG,57,56,41.1,7.4,17.7,0.41700000000000004,1.2,3.7,.324,6.2,14.0,0.442,0.451,5.7,7.4,0.773,1.8,5.2,7.0,6.4,1.2,0.4,3.9,3.0,21.6,0,True
507,507,Dirk Nowitzki,2002,23,DAL,NBA,C,76,76,38.0,7.9,16.6,0.47700000000000004,1.8,4.6,.397,6.1,11.9,0.508,0.532,5.8,6.8,0.853,1.6,8.4,9.9,2.4,1.1,1.0,1.9,2.9,23.4,0,True
508,508,Steve Nash,2002,27,DAL,NBA,PG,82,82,34.6,6.4,13.3,0.483,1.9,4.2,.455,4.5,9.1,0.495,0.5539999999999999,3.2,3.6,0.887,0.6,2.5,3.1,7.7,0.6,0.0,2.8,2.0,17.9,0,True
509,509,Gary Payton,2002,33,SEA,NBA,PG,82,82,40.3,9.0,19.2,0.467,0.9,2.9,.314,8.1,16.4,0.494,0.49,3.3,4.1,0.797,1.0,3.9,4.8,9.0,1.6,0.3,2.5,2.2,22.1,0,True
510,510,Elton Brand,2002,22,LAC,NBA,PF,80,80,37.8,6.7,12.6,0.527,0.0,0.0,None,6.7,12.6,0.527,0.527,4.9,6.6,0.742,5.0,6.6,11.6,2.4,1.0,2.0,2.2,3.2,18.2,0,True
511,511,Peja Stojaković,2002,24,SAC,NBA,SF,71,71,37.3,7.7,15.9,0.484,1.8,4.4,.416,5.9,11.5,0.51,0.541,4.0,4.5,0.8759999999999999,1.0,4.2,5.3,2.5,1.1,0.2,2.0,1.7,21.2,0,True
512,512,Wally Szczerbiak,2002,24,MIN,NBA,SF,82,82,38.0,7.4,14.6,0.508,1.1,2.3,.455,6.4,12.3,0.517,0.544,2.8,3.3,0.831,1.5,3.3,4.8,3.1,0.8,0.3,2.2,2.3,18.7,0,True
513,513,Allen Iverson,2002,26,PHI,NBA,SG,60,59,43.7,11.1,27.8,0.39799999999999996,1.3,4.5,.291,9.8,23.4,0.419,0.42200000000000004,7.9,9.8,0.812,0.7,3.8,4.5,5.5,2.8,0.2,4.0,1.7,31.4,0,True
514,514,Michael Jordan,2002,38,WAS,NBA,SF,60,53,34.9,9.2,22.1,0.41600000000000004,0.2,0.9,.189,9.0,21.2,0.426,0.42,4.4,5.6,0.79,0.8,4.8,5.7,5.2,1.4,0.4,2.7,2.0,22.9,0,True
515,515,Dikembe Mutombo,2002,35,PHI,NBA,C,80,80,36.3,4.0,8.0,0.501,0.0,0.0,None,4.0,8.0,0.501,0.501,3.5,4.6,0.764,3.2,7.6,10.8,1.0,0.4,2.4,2.0,3.0,11.5,0,True
516,516,Jason Kidd,2002,28,NJN,NBA,PG,82,82,37.3,5.4,13.9,0.391,1.4,4.4,.321,4.0,9.4,0.424,0.442,2.5,3.0,0.8140000000000001,1.6,5.7,7.3,9.9,2.1,0.2,3.5,1.7,14.7,0,True
517,517,Antoine Walker,2002,25,BOS,NBA,PF,81,81,42.0,8.2,20.9,0.39399999999999996,2.7,8.0,.344,5.5,12.9,0.425,0.46,3.0,4.0,0.741,1.9,7.0,8.8,5.0,1.5,0.5,3.1,2.9,22.1,0,True
518,518,Ray Allen,2002,26,MIL,NBA,SG,69,67,36.6,7.7,16.6,0.462,3.3,7.7,.434,4.4,9.0,0.485,0.561,3.1,3.6,0.873,1.2,3.3,4.5,3.9,1.3,0.3,2.3,2.3,21.8,0,True
519,519,Tracy McGrady,2002,22,ORL,NBA,SG,76,76,38.3,9.4,20.9,0.451,1.4,3.7,.364,8.1,17.1,0.47,0.483,5.5,7.3,0.748,2.0,5.9,7.9,5.3,1.6,1.0,2.5,1.8,25.6,0,True
520,520,Paul Pierce,2002,24,BOS,NBA,SG,82,82,40.3,8.6,19.5,0.442,2.6,6.3,.404,6.1,13.1,0.461,0.508,6.3,7.8,0.809,1.0,5.9,6.9,3.2,1.9,1.0,2.9,2.9,26.1,0,True
521,521,Shareef Abdur-Rahim,2002,25,ATL,NBA,PF,77,77,38.7,7.8,16.8,0.461,0.3,0.9,.300,7.5,15.9,0.47,0.469,5.4,6.8,0.8009999999999999,2.6,6.5,9.0,3.1,1.3,1.1,3.2,2.8,21.2,0,True
522,522,Jermaine O'Neal,2002,23,IND,NBA,PF,72,72,37.6,7.5,15.7,0.479,0.0,0.2,.071,7.5,15.5,0.484,0.48,3.9,5.7,0.688,2.6,7.9,10.5,1.6,0.6,2.3,2.4,3.7,19.0,0,True
523,523,Alonzo Mourning,2002,31,MIA,NBA,C,75,74,32.7,6.0,11.5,0.516,0.0,0.0,.333,5.9,11.5,0.517,0.517,3.8,5.7,0.657,2.4,6.0,8.4,1.2,0.4,2.5,2.4,3.4,15.7,0,True
524,524,Baron Davis,2002,22,CHH,NBA,PG,82,82,40.5,6.8,16.4,0.41700000000000004,2.1,5.8,.356,4.7,10.5,0.451,0.48,2.4,4.1,0.58,1.1,3.1,4.3,8.5,2.1,0.6,3.0,2.9,18.1,0,True
