,Name,All-Star Year,Age,Team,League,Position,Games Played,Games Started,MPG,FG,FGA,FG%,3P,3PA,3P%,2P,2PA,2P%,eFG%,FT,FTA,FT%,ORB,DRB,TRB,AST,STL,BLK,TOV,PF,PTS,Awards
0,Damian Lillard,2024,33,MIL,NBA,PG,73,73,35.3,7.4,17.5,.424,3.0,8.5,.354,4.4,9.0,.490,.510,6.5,7.0,.920,0.5,3.9,4.4,7.0,1.0,0.2,2.6,1.8,24.3,CPOY-11
1,Tyrese Haliburton,2024,23,IND,NBA,PG,69,68,32.2,7.2,15.2,.477,2.8,7.8,.364,4.4,7.4,.595,.570,2.8,3.3,.855,0.5,3.4,3.9,10.9,1.2,0.7,2.3,1.1,20.1,AS
2,Giannis Antetokounmpo,2024,29,MIL,NBA,PF,73,73,35.2,11.5,18.8,.611,0.5,1.7,.274,11.0,17.1,.645,.624,7.0,10.7,.657,2.7,8.8,11.5,6.5,1.2,1.1,3.4,2.9,30.4,MVP-4
3,Jayson Tatum,2024,25,BOS,NBA,PF,74,74,35.7,9.1,19.3,.471,3.1,8.2,.376,6.0,11.0,.542,.552,5.6,6.7,.833,0.9,7.2,8.1,4.9,1.0,0.6,2.5,2.0,26.9,MVP-6
4,Bam Adebayo,2024,26,MIA,NBA,C,71,71,34.0,7.5,14.3,.521,0.2,0.6,.357,7.3,13.7,.528,.529,4.1,5.5,.755,2.2,8.1,10.4,3.9,1.1,0.9,2.3,2.2,19.3,DPOY-3
5,Jaylen Brown,2024,27,BOS,NBA,SF,70,70,33.5,9.0,17.9,.499,2.1,5.9,.354,6.9,12.1,.570,.557,3.0,4.3,.703,1.2,4.3,5.5,3.6,1.2,0.5,2.4,2.6,23.0,AS
6,Paolo Banchero,2024,21,ORL,NBA,PF,80,80,35.0,8.0,17.6,.455,1.5,4.4,.339,6.5,13.2,.493,.497,5.1,7.0,.725,1.0,5.9,6.9,5.4,0.9,0.6,3.1,1.9,22.6,AS
7,Scottie Barnes,2024,22,TOR,NBA,SG,60,60,34.9,7.5,15.7,.475,1.7,4.9,.341,5.8,10.8,.536,.528,3.3,4.2,.781,2.4,5.9,8.2,6.1,1.3,1.5,2.8,2.0,19.9,AS
8,Jalen Brunson,2024,27,NYK,NBA,PG,77,77,35.4,10.3,21.4,.479,2.7,6.8,.401,7.5,14.6,.516,.543,5.5,6.5,.847,0.6,3.1,3.6,6.7,0.9,0.2,2.4,1.9,28.7,MVP-5
9,Tyrese Maxey,2024,23,PHI,NBA,PG,70,70,37.5,9.1,20.3,.450,3.0,8.1,.373,6.1,12.1,.501,.524,4.7,5.4,.868,0.5,3.2,3.7,6.2,1.0,0.5,1.7,2.2,25.9,MIP-1
10,Donovan Mitchell,2024,27,CLE,NBA,SG,55,55,35.3,9.1,19.8,.462,3.3,9.0,.368,5.8,10.8,.539,.545,5.0,5.8,.865,0.8,4.3,5.1,6.1,1.8,0.5,2.8,2.1,26.6,AS
11,Trae Young,2024,25,ATL,NBA,PG,54,54,36.0,8.0,18.7,.430,3.2,8.7,.373,4.8,10.0,.479,.516,6.4,7.5,.855,0.4,2.3,2.8,10.8,1.3,0.2,4.4,2.0,25.7,AS
12,Shai Gilgeous-Alexander,2024,25,OKC,NBA,PG,75,75,34.0,10.6,19.8,.535,1.3,3.6,.353,9.3,16.2,.576,.567,7.6,8.7,.874,0.9,4.7,5.5,6.2,2.0,0.9,2.2,2.5,30.1,MVP-2
13,Kevin Durant,2024,35,PHO,NBA,PF,75,75,37.2,10.0,19.1,.523,2.2,5.4,.413,7.8,13.7,.567,.581,4.8,5.6,.856,0.5,6.1,6.6,5.0,0.9,1.2,3.3,1.8,27.1,MVP-9
14,Nikola Jokić,2024,28,DEN,NBA,C,79,79,34.6,10.4,17.9,.583,1.1,2.9,.359,9.4,14.9,.626,.612,4.5,5.5,.817,2.8,9.5,12.4,9.0,1.4,0.9,3.0,2.5,26.4,MVP-1
15,Luka Dončić,2024,24,DAL,NBA,PG,70,70,37.5,11.5,23.6,.487,4.1,10.6,.382,7.4,13.0,.573,.573,6.8,8.7,.786,0.8,8.4,9.2,9.8,1.4,0.5,4.0,2.1,33.9,MVP-3
16,LeBron James,2024,39,LAL,NBA,PF,71,71,35.3,9.6,17.9,.540,2.1,5.1,.410,7.5,12.8,.592,.599,4.3,5.7,.750,0.9,6.4,7.3,8.3,1.3,0.5,3.5,1.1,25.7,CPOY-10
17,Karl-Anthony Towns,2024,28,MIN,NBA,PF,62,62,32.7,7.7,15.3,.504,2.2,5.3,.416,5.5,10.1,.550,.575,4.1,4.7,.873,1.5,6.8,8.3,3.0,0.7,0.7,2.9,3.3,21.8,AS
18,Stephen Curry,2024,35,GSW,NBA,PG,74,74,32.7,8.8,19.5,.450,4.8,11.8,.408,4.0,7.7,.515,.573,4.0,4.4,.923,0.5,4.0,4.5,5.1,0.7,0.4,2.8,1.6,26.4,CPOY-1
19,Anthony Davis,2024,30,LAL,NBA,C,76,76,35.5,9.4,16.9,.556,0.4,1.4,.271,9.0,15.5,.582,.567,5.5,6.8,.816,3.1,9.5,12.6,3.5,1.2,2.3,2.1,2.3,24.7,DPOY-4
20,Devin Booker,2024,27,PHO,NBA,PG,68,68,36.0,9.4,19.2,.492,2.2,6.1,.364,7.2,13.0,.552,.550,6.0,6.7,.886,0.8,3.7,4.5,6.9,0.9,0.4,2.6,3.0,27.1,AS
21,Anthony Edwards,2024,22,MIN,NBA,SG,79,78,35.1,9.1,19.7,.461,2.4,6.7,.357,6.7,13.0,.515,.522,5.4,6.4,.836,0.7,4.8,5.4,5.1,1.3,0.5,3.1,1.8,25.9,MVP-7
22,Kawhi Leonard,2024,32,LAC,NBA,SF,68,68,34.3,9.0,17.1,.525,2.1,4.9,.417,6.9,12.1,.569,.585,3.7,4.2,.885,1.2,4.9,6.1,3.6,1.6,0.9,1.8,1.4,23.7,AS
23,Paul George,2024,33,LAC,NBA,PF,74,74,33.8,7.9,16.7,.471,3.3,7.9,.413,4.6,8.8,.523,.569,3.6,3.9,.907,0.5,4.7,5.2,3.5,1.5,0.5,2.1,2.7,22.6,AS
24,Jayson Tatum,2023,24,BOS,NBA,SF,74,74,36.9,9.8,21.1,.466,3.2,9.3,.350,6.6,11.8,.558,.543,7.2,8.4,.854,1.1,7.7,8.8,4.6,1.1,0.7,2.9,2.2,30.1,MVP-4
25,Donovan Mitchell,2023,26,CLE,NBA,SG,68,68,35.8,10.0,20.6,.484,3.6,9.3,.386,6.4,11.3,.566,.572,4.7,5.4,.867,0.9,3.3,4.3,4.4,1.5,0.4,2.6,2.5,28.3,MVP-6
26,Lauri Markkanen,2023,25,UTA,NBA,PF,66,66,34.4,8.7,17.3,.499,3.0,7.7,.391,5.6,9.6,.585,.586,5.3,6.0,.875,2.0,6.7,8.6,1.9,0.6,0.6,1.9,2.1,25.6,MIP-1
27,Ja Morant,2023,23,MEM,NBA,PG,61,59,31.9,9.3,19.9,.466,1.5,4.9,.307,7.8,15.0,.519,.504,6.1,8.1,.748,1.0,4.9,5.9,8.1,1.1,0.3,3.4,1.6,26.2,MVP-12
28,Giannis Antetokounmpo,2023,28,MIL,NBA,PF,63,63,32.1,11.2,20.3,.553,0.7,2.7,.275,10.5,17.6,.596,.572,7.9,12.3,.645,2.2,9.6,11.8,5.7,0.8,0.8,3.9,3.1,31.1,MVP-3
29,Bam Adebayo,2023,25,MIA,NBA,C,75,75,34.6,8.0,14.9,.540,0.0,0.2,.083,8.0,14.7,.545,.541,4.3,5.4,.806,2.5,6.7,9.2,3.2,1.2,0.8,2.5,2.8,20.4,DPOY-5
30,Damian Lillard,2023,32,POR,NBA,PG,58,58,36.3,9.6,20.7,.463,4.2,11.3,.371,5.4,9.4,.574,.564,8.8,9.6,.914,0.8,4.0,4.8,7.3,0.9,0.3,3.3,1.9,32.2,CPOY-10
31,DeMar DeRozan,2023,33,CHI,NBA,SF,74,74,36.2,8.9,17.6,.504,0.6,1.9,.324,8.3,15.7,.526,.522,6.2,7.1,.872,0.5,4.2,4.6,5.1,1.1,0.5,2.1,2.5,24.5,CPOY-3
32,Pascal Siakam,2023,28,TOR,NBA,PF,71,71,37.4,8.9,18.5,.480,1.3,4.0,.324,7.6,14.5,.523,.515,5.2,6.7,.774,1.8,6.0,7.8,5.8,0.9,0.5,2.4,3.2,24.2,AS
33,Domantas Sabonis,2023,26,SAC,NBA,C,79,79,34.6,7.3,11.9,.615,0.4,1.1,.373,6.9,10.8,.639,.632,4.1,5.5,.742,3.2,9.1,12.3,7.3,0.8,0.5,2.9,3.5,19.1,MVP-7
34,Shai Gilgeous-Alexander,2023,24,OKC,NBA,PG,68,68,35.5,10.4,20.3,.510,0.9,2.5,.345,9.5,17.8,.533,.531,9.8,10.9,.905,0.9,4.0,4.8,5.5,1.6,1.0,2.8,2.8,31.4,MVP-5
35,Jrue Holiday,2023,32,MIL,NBA,PG,67,65,32.6,7.3,15.3,.479,2.4,6.1,.384,5.0,9.1,.542,.556,2.3,2.6,.859,1.2,3.9,5.1,7.4,1.2,0.4,2.9,1.7,19.3,DPOY-7
36,Kyrie Irving,2023,30,2TM,NBA,SG,60,60,37.4,9.9,20.1,.494,3.1,8.3,.379,6.8,11.8,.574,.572,4.1,4.6,.905,1.0,4.1,5.1,5.5,1.1,0.8,2.1,2.8,27.1,CPOY-12
37,Joel Embiid,2023,28,PHI,NBA,C,66,66,34.6,11.0,20.1,.548,1.0,3.0,.330,10.0,17.1,.587,.573,10.0,11.7,.857,1.7,8.4,10.2,4.2,1.0,1.7,3.4,3.1,33.1,MVP-1
38,Nikola Jokić,2023,27,DEN,NBA,C,69,69,33.7,9.4,14.8,.632,0.8,2.2,.383,8.5,12.7,.675,.660,4.9,6.0,.822,2.4,9.4,11.8,9.8,1.3,0.7,3.6,2.5,24.5,MVP-2
39,Luka Dončić,2023,23,DAL,NBA,PG,66,66,36.2,10.9,22.0,.496,2.8,8.2,.342,8.1,13.8,.588,.560,7.8,10.5,.742,0.8,7.8,8.6,8.0,1.4,0.5,3.6,2.5,32.4,MVP-8
40,LeBron James,2023,38,LAL,NBA,PF,55,54,35.5,11.1,22.2,.500,2.2,6.9,.321,8.9,15.3,.580,.549,4.6,5.9,.768,1.2,7.1,8.3,6.8,0.9,0.6,3.2,1.6,28.9,AS
41,Jaylen Brown,2023,26,BOS,NBA,SF,67,67,35.9,10.1,20.6,.491,2.4,7.3,.335,7.7,13.4,.576,.550,3.9,5.1,.765,1.2,5.7,6.9,3.5,1.1,0.4,2.9,2.6,26.6,AS
42,Julius Randle,2023,28,NYK,NBA,PF,77,77,35.5,8.5,18.6,.459,2.8,8.3,.343,5.7,10.3,.553,.536,5.2,6.9,.757,1.8,8.1,10.0,4.1,0.6,0.3,2.8,3.0,25.1,CPOY-14
43,Paul George,2023,32,LAC,NBA,SF,56,56,34.6,8.2,17.9,.457,2.8,7.6,.371,5.4,10.3,.521,.536,4.6,5.3,.871,0.8,5.3,6.1,5.1,1.5,0.4,3.1,2.8,23.8,AS
44,Anthony Edwards,2023,21,MIN,NBA,SG,79,79,36.0,8.9,19.5,.459,2.7,7.3,.369,6.3,12.2,.513,.528,4.0,5.3,.756,0.6,5.2,5.8,4.4,1.6,0.7,3.3,2.4,24.6,AS
45,Tyrese Haliburton,2023,22,IND,NBA,PG,56,56,33.6,7.4,15.0,.490,2.9,7.2,.400,4.5,7.8,.572,.586,3.1,3.6,.871,0.6,3.1,3.7,10.4,1.6,0.4,2.5,1.2,20.7,AS
46,De'Aaron Fox,2023,25,SAC,NBA,PG,73,73,33.4,9.3,18.2,.512,1.6,5.0,.324,7.7,13.2,.584,.557,4.7,6.0,.780,0.5,3.6,4.2,6.1,1.1,0.3,2.5,2.4,25.0,MVP-11
47,Jaren Jackson Jr.,2023,23,MEM,NBA,C,63,63,28.4,6.6,13.0,.506,1.6,4.5,.355,5.0,8.6,.585,.567,3.8,4.9,.788,1.7,5.0,6.8,1.0,1.0,3.0,1.7,3.6,18.6,DPOY-1
48,Stephen Curry,2022,33,GSW,NBA,PG,64,64,34.5,8.4,19.1,.437,4.5,11.7,.380,3.9,7.4,.527,.554,4.3,4.7,.923,0.5,4.7,5.2,6.3,1.3,0.4,3.2,2.0,25.5,MVP-8
49,LeBron James,2022,37,LAL,NBA,C,56,56,37.2,11.4,21.8,.524,2.9,8.0,.359,8.6,13.8,.620,.590,4.5,6.0,.756,1.1,7.1,8.2,6.2,1.3,1.1,3.5,2.2,30.3,MVP-10
50,Giannis Antetokounmpo,2022,27,MIL,NBA,PF,67,67,32.9,10.3,18.6,.553,1.1,3.6,.293,9.2,15.0,.616,.582,8.3,11.4,.722,2.0,9.6,11.6,5.8,1.1,1.4,3.3,3.2,29.9,MVP-3
51,DeMar DeRozan,2022,32,CHI,NBA,PF,76,76,36.1,10.2,20.2,.504,0.7,1.9,.352,9.5,18.3,.520,.521,6.8,7.8,.877,0.7,4.4,5.2,4.9,0.9,0.3,2.4,2.3,27.9,MVP-10
52,Nikola Jokić,2022,26,DEN,NBA,C,74,74,33.5,10.3,17.7,.583,1.3,3.9,.337,9.0,13.8,.652,.620,5.1,6.3,.810,2.8,11.0,13.8,7.9,1.5,0.9,3.8,2.6,27.1,MVP-1
53,Luka Dončić,2022,22,DAL,NBA,PG,65,65,35.4,9.9,21.6,.457,3.1,8.8,.353,6.8,12.8,.528,.529,5.6,7.5,.744,0.9,8.3,9.1,8.7,1.2,0.6,4.5,2.2,28.4,MVP-5
54,Darius Garland,2022,22,CLE,NBA,PG,68,68,35.7,8.0,17.3,.462,2.6,6.7,.383,5.4,10.6,.512,.536,3.2,3.5,.892,0.6,2.7,3.3,8.6,1.3,0.1,3.6,1.7,21.7,AS
55,Jarrett Allen,2022,23,CLE,NBA,C,56,56,32.3,6.6,9.7,.677,0.0,0.2,.100,6.6,9.6,.688,.678,2.9,4.2,.708,3.4,7.3,10.8,1.6,0.8,1.3,1.7,1.7,16.1,AS
56,Fred VanVleet,2022,27,TOR,NBA,PG,65,65,37.9,6.8,16.9,.403,3.7,9.9,.377,3.1,7.0,.440,.513,3.0,3.4,.874,0.7,3.8,4.4,6.7,1.7,0.5,2.6,2.5,20.3,AS
57,Jimmy Butler,2022,32,MIA,NBA,SF,57,57,33.9,7.0,14.5,.480,0.5,2.0,.233,6.5,12.5,.520,.496,6.9,8.0,.870,1.8,4.1,5.9,5.5,1.6,0.5,2.1,1.5,21.4,AS
58,Chris Paul,2022,36,PHO,NBA,PG,65,65,32.9,5.6,11.3,.493,1.0,3.1,.317,4.6,8.3,.559,.536,2.6,3.1,.837,0.3,4.0,4.4,10.8,1.9,0.3,2.4,2.1,14.7,MVP-9
59,Joel Embiid,2022,27,PHI,NBA,C,68,68,33.8,9.8,19.6,.499,1.4,3.7,.371,8.4,15.9,.529,.534,9.6,11.8,.814,2.1,9.6,11.7,4.2,1.1,1.5,3.1,2.7,30.6,MVP-2
60,Jayson Tatum,2022,23,BOS,NBA,SF,76,76,35.9,9.3,20.6,.453,3.0,8.6,.353,6.3,12.0,.524,.526,5.3,6.2,.853,1.1,6.9,8.0,4.4,1.0,0.6,2.9,2.3,26.9,MVP-6
61,Trae Young,2022,23,ATL,NBA,PG,76,76,34.9,9.4,20.3,.460,3.1,8.0,.382,6.3,12.3,.512,.536,6.6,7.3,.904,0.7,3.1,3.7,9.7,0.9,0.1,4.0,1.7,28.4,AS
62,Ja Morant,2022,22,MEM,NBA,PG,57,57,33.1,10.2,20.6,.493,1.5,4.5,.344,8.6,16.2,.534,.530,5.5,7.3,.761,1.4,4.4,5.7,6.7,1.2,0.4,3.4,1.5,27.4,MVP-7
63,Andrew Wiggins,2022,26,GSW,NBA,SF,73,73,31.9,6.5,14.0,.466,2.2,5.5,.393,4.4,8.5,.513,.543,2.0,3.2,.634,1.2,3.3,4.5,2.2,1.0,0.7,1.5,2.2,17.2,AS
64,Devin Booker,2022,25,PHO,NBA,SG,68,68,34.5,9.7,20.9,.466,2.7,7.0,.383,7.0,13.9,.508,.530,4.6,5.3,.868,0.7,4.4,5.0,4.8,1.1,0.4,2.4,2.6,26.8,MVP-4
65,Dejounte Murray,2022,25,SAS,NBA,PG,68,68,34.8,8.4,18.3,.462,1.4,4.3,.327,7.0,13.9,.504,.500,2.9,3.6,.794,1.2,7.1,8.3,9.2,2.0,0.3,2.6,2.0,21.1,AS
66,LaMelo Ball,2022,20,CHO,NBA,PG,75,75,32.3,7.2,16.7,.429,2.9,7.5,.389,4.2,9.2,.462,.517,2.8,3.2,.872,1.4,5.2,6.7,7.6,1.6,0.4,3.3,3.2,20.1,AS
67,Khris Middleton,2022,30,MIL,NBA,SF,66,66,32.4,6.8,15.5,.443,2.5,6.6,.373,4.4,8.9,.494,.522,3.9,4.4,.890,0.6,4.8,5.4,5.4,1.2,0.3,2.9,2.4,20.1,AS
68,Karl-Anthony Towns,2022,26,MIN,NBA,C,74,74,33.5,8.7,16.4,.529,2.0,4.9,.410,6.6,11.5,.580,.591,5.2,6.3,.822,2.6,7.2,9.8,3.6,1.0,1.1,3.1,3.6,24.6,AS
69,Rudy Gobert,2022,29,UTA,NBA,C,66,66,32.1,5.5,7.7,.713,0.0,0.1,.000,5.5,7.6,.718,.713,4.6,6.7,.690,3.7,11.0,14.7,1.1,0.7,2.1,1.8,2.7,15.6,DPOY-3
70,Zach LaVine,2022,26,CHI,NBA,SG,67,67,34.7,8.4,17.7,.476,2.8,7.1,.389,5.7,10.6,.534,.554,4.8,5.6,.853,0.3,4.3,4.6,4.5,0.6,0.3,2.6,1.8,24.4,AS
71,Luka Dončić,2021,21,DAL,NBA,PG,66,66,34.3,9.8,20.5,.479,2.9,8.3,.350,6.9,12.2,.567,.550,5.2,7.1,.730,0.8,7.2,8.0,8.6,1.0,0.5,4.3,2.3,27.7,MVP-6
72,Stephen Curry,2021,32,GSW,NBA,PG,63,63,34.2,10.4,21.7,.482,5.3,12.7,.421,5.1,9.0,.569,.605,5.7,6.3,.916,0.5,5.0,5.5,5.8,1.2,0.1,3.4,1.9,32.0,MVP-3
73,Giannis Antetokounmpo,2021,26,MIL,NBA,PF,61,61,33.0,10.3,18.0,.569,1.1,3.6,.303,9.2,14.4,.636,.600,6.5,9.5,.685,1.6,9.4,11.0,5.9,1.2,1.2,3.4,2.8,28.1,MVP-4
74,Nikola Jokić,2021,25,DEN,NBA,C,72,72,34.6,10.2,18.0,.566,1.3,3.3,.388,8.9,14.7,.606,.602,4.8,5.5,.868,2.8,8.0,10.8,8.3,1.3,0.7,3.1,2.7,26.4,MVP-1
75,LeBron James,2021,36,LAL,NBA,PG,45,45,33.4,9.4,18.3,.513,2.3,6.3,.365,7.1,12.0,.591,.576,4.0,5.7,.698,0.6,7.0,7.7,7.8,1.1,0.6,3.7,1.6,25.0,MVP-13
76,Chris Paul,2021,35,PHO,NBA,PG,70,70,31.4,6.3,12.6,.499,1.5,3.7,.395,4.8,8.9,.543,.557,2.4,2.6,.934,0.4,4.1,4.5,8.9,1.4,0.3,2.2,2.4,16.4,MVP-5
77,Jaylen Brown,2021,24,BOS,NBA,SG,58,58,34.5,9.3,19.2,.484,2.8,7.1,.397,6.5,12.1,.536,.558,3.3,4.3,.764,1.2,4.8,6.0,3.4,1.2,0.6,2.7,2.9,24.7,AS
78,Paul George,2021,30,LAC,NBA,SF,54,54,33.7,8.2,17.6,.467,3.2,7.7,.411,5.1,9.9,.510,.557,3.7,4.2,.868,0.8,5.8,6.6,5.2,1.1,0.4,3.3,2.4,23.3,AS
79,Damian Lillard,2021,30,POR,NBA,PG,67,67,35.8,9.0,19.9,.451,4.1,10.5,.391,4.9,9.4,.519,.554,6.7,7.2,.928,0.5,3.7,4.2,7.5,0.9,0.3,3.0,1.5,28.8,MVP-7
80,Domantas Sabonis,2021,24,IND,NBA,PF,62,62,36.0,7.8,14.6,.535,0.8,2.6,.321,7.0,12.0,.582,.564,3.9,5.3,.732,2.4,9.5,12.0,6.7,1.2,0.5,3.4,3.3,20.3,AS
81,Rudy Gobert,2021,28,UTA,NBA,C,71,71,30.8,5.5,8.2,.675,0.0,0.1,.000,5.5,8.1,.680,.675,3.3,5.3,.623,3.4,10.1,13.5,1.3,0.6,2.7,1.7,2.3,14.3,MVP-10
82,Kyrie Irving,2021,28,BRK,NBA,PG,54,54,34.9,10.2,20.1,.506,2.8,7.0,.402,7.4,13.1,.561,.576,3.7,4.0,.922,1.0,3.8,4.8,6.0,1.4,0.7,2.4,2.6,26.9,AS
83,Bradley Beal,2021,27,WAS,NBA,SG,60,60,35.8,11.2,23.0,.485,2.2,6.2,.349,9.0,16.8,.535,.532,6.8,7.7,.889,1.2,3.5,4.7,4.4,1.2,0.4,3.1,2.3,31.3,AS
84,Kawhi Leonard,2021,29,LAC,NBA,SF,52,52,34.1,8.9,17.5,.512,1.9,4.9,.398,7.0,12.6,.557,.568,5.0,5.7,.885,1.1,5.4,6.5,5.2,1.6,0.4,2.0,1.6,24.8,MVP-13
85,Jayson Tatum,2021,22,BOS,NBA,SF,64,64,35.8,9.5,20.6,.459,2.9,7.6,.386,6.5,13.0,.502,.530,4.6,5.3,.868,0.8,6.6,7.4,4.3,1.2,0.5,2.7,1.9,26.4,AS
86,Zion Williamson,2021,20,NOP,NBA,PF,61,61,33.2,10.4,17.0,.611,0.2,0.6,.294,10.2,16.4,.622,.616,6.0,8.7,.698,2.7,4.5,7.2,3.7,0.9,0.6,2.7,2.2,27.0,AS
87,James Harden,2021,31,2TM,NBA,PG,44,43,36.6,7.8,16.7,.466,2.8,7.6,.362,5.0,9.1,.553,.548,6.3,7.3,.861,0.8,7.1,7.9,10.8,1.2,0.8,4.0,2.3,24.6,MVP-13
88,Donovan Mitchell,2021,24,UTA,NBA,PG,53,53,33.4,9.0,20.6,.438,3.4,8.7,.386,5.7,11.9,.476,.520,5.0,6.0,.845,0.9,3.5,4.4,5.2,1.0,0.3,2.8,2.2,26.4,AS
89,Zach LaVine,2021,25,CHI,NBA,SG,58,58,35.1,9.8,19.4,.507,3.4,8.2,.419,6.4,11.1,.571,.596,4.4,5.1,.849,0.6,4.4,5.0,4.9,0.8,0.5,3.5,2.4,27.4,AS
90,Nikola Vučević,2021,30,2TM,NBA,C,70,70,33.5,9.5,19.9,.477,2.5,6.3,.400,7.0,13.7,.513,.540,1.9,2.2,.840,2.1,9.6,11.7,3.8,0.9,0.7,1.8,2.0,23.4,AS
91,Julius Randle,2021,26,NYK,NBA,PF,71,71,37.6,8.5,18.6,.456,2.3,5.5,.411,6.2,13.1,.474,.516,4.9,6.0,.811,1.2,9.0,10.2,6.0,0.9,0.3,3.4,3.2,24.1,MVP-8
92,Mike Conley,2021,33,UTA,NBA,PG,51,51,29.4,5.6,12.5,.444,2.7,6.6,.412,2.9,6.0,.479,.552,2.4,2.8,.852,0.7,2.8,3.5,6.0,1.4,0.2,1.9,1.9,16.2,AS
93,Kawhi Leonard,2020,28,LAC,NBA,SF,57,57,32.4,9.3,19.9,.470,2.2,5.7,.378,7.2,14.2,.506,.524,6.2,7.1,.886,0.9,6.1,7.1,4.9,1.8,0.6,2.6,2.0,27.1,MVP-5
94,Anthony Davis,2020,26,LAL,NBA,PF,62,62,34.4,8.9,17.7,.503,1.2,3.5,.330,7.7,14.2,.546,.536,7.2,8.5,.846,2.3,7.0,9.3,3.2,1.5,2.3,2.5,2.5,26.1,MVP-6
95,LeBron James,2020,35,LAL,NBA,PG,67,67,34.6,9.6,19.4,.493,2.2,6.3,.348,7.4,13.1,.564,.550,3.9,5.7,.693,1.0,6.9,7.8,10.2,1.2,0.5,3.9,1.8,25.3,MVP-2
96,James Harden,2020,30,HOU,NBA,SG,68,68,36.5,9.9,22.3,.444,4.4,12.4,.355,5.5,9.9,.556,.543,10.2,11.8,.865,1.0,5.5,6.6,7.5,1.8,0.9,4.5,3.3,34.3,MVP-3
97,Luka Dončić,2020,20,DAL,NBA,PG,61,61,33.6,9.5,20.6,.463,2.8,8.9,.316,6.7,11.7,.574,.531,7.0,9.2,.758,1.3,8.1,9.4,8.8,1.0,0.2,4.3,2.5,28.8,MVP-4
98,Ben Simmons,2020,23,PHI,NBA,PG,57,57,35.4,6.6,11.4,.580,0.0,0.1,.286,6.5,11.2,.583,.581,3.2,5.2,.621,2.0,5.8,7.8,8.0,2.1,0.6,3.5,3.3,16.4,DPOY-4
99,Russell Westbrook,2020,31,HOU,NBA,PG,57,57,35.9,10.6,22.5,.472,1.0,3.7,.258,9.6,18.7,.514,.493,5.1,6.7,.763,1.8,6.2,7.9,7.0,1.6,0.4,4.5,3.5,27.2,AS
100,Chris Paul,2020,34,OKC,NBA,PG,70,70,31.5,6.2,12.7,.489,1.6,4.3,.365,4.6,8.3,.554,.552,3.6,4.0,.907,0.4,4.6,5.0,6.7,1.6,0.2,2.3,2.3,17.6,MVP-7
101,Devin Booker,2020,23,PHO,NBA,SG,70,70,35.9,9.0,18.3,.489,2.0,5.7,.354,6.9,12.6,.549,.544,6.7,7.3,.919,0.4,3.8,4.2,6.5,0.7,0.3,3.8,3.0,26.6,AS
102,Domantas Sabonis,2020,23,IND,NBA,PF,62,62,34.8,7.4,13.7,.540,0.3,1.1,.254,7.1,12.6,.565,.550,3.5,4.8,.723,3.0,9.4,12.4,5.0,0.8,0.5,2.7,3.1,18.5,AS
103,Jayson Tatum,2020,21,BOS,NBA,PF,66,66,34.3,8.4,18.6,.450,2.9,7.1,.403,5.5,11.5,.480,.527,3.8,4.7,.812,1.0,6.0,7.0,3.0,1.4,0.9,2.3,2.1,23.4,MVP-12
104,Nikola Jokić,2020,24,DEN,NBA,C,73,73,32.0,7.7,14.7,.528,1.1,3.5,.314,6.6,11.2,.594,.565,3.4,4.1,.817,2.3,7.5,9.7,7.0,1.2,0.6,3.1,3.0,19.9,MVP-9
105,Giannis Antetokounmpo,2020,25,MIL,NBA,PF,63,63,30.4,10.9,19.7,.553,1.4,4.7,.304,9.5,15.0,.631,.589,6.3,10.0,.633,2.2,11.4,13.6,5.6,1.0,1.0,3.7,3.1,29.5,MVP-1
106,Kemba Walker,2020,29,BOS,NBA,PG,56,56,31.1,6.8,15.9,.425,3.2,8.4,.381,3.5,7.4,.476,.526,3.7,4.3,.864,0.6,3.2,3.9,4.8,0.9,0.5,2.1,1.6,20.4,AS
107,Joel Embiid,2020,25,PHI,NBA,C,51,51,29.5,7.5,15.7,.477,1.1,3.4,.331,6.4,12.3,.517,.512,6.9,8.5,.807,2.8,8.9,11.6,3.0,0.9,1.3,3.1,3.4,23.0,AS
108,Pascal Siakam,2020,25,TOR,NBA,PF,60,60,35.2,8.3,18.4,.453,2.2,6.1,.359,6.2,12.3,.499,.512,4.0,5.1,.792,1.1,6.3,7.3,3.5,1.0,0.9,2.5,2.8,22.9,MVP-10
109,Trae Young,2020,21,ATL,NBA,PG,60,60,35.3,9.1,20.8,.437,3.4,9.5,.361,5.7,11.4,.501,.519,8.0,9.3,.860,0.5,3.7,4.3,9.3,1.1,0.1,4.8,1.7,29.6,AS
110,Kyle Lowry,2020,33,TOR,NBA,PG,58,58,36.2,5.8,13.8,.416,2.8,8.0,.352,2.9,5.8,.504,.518,5.1,5.9,.857,0.6,4.5,5.0,7.5,1.4,0.4,3.1,3.3,19.4,AS
111,Khris Middleton,2020,28,MIL,NBA,SF,62,59,29.9,7.6,15.3,.497,2.4,5.7,.415,5.2,9.6,.546,.575,3.4,3.7,.916,0.7,5.5,6.2,4.3,0.9,0.1,2.2,2.3,20.9,AS
112,Rudy Gobert,2020,27,UTA,NBA,C,68,68,34.3,5.7,8.2,.693,0.0,0.0,None,5.7,8.2,.693,.693,3.7,5.9,.630,3.4,10.1,13.5,1.5,0.8,2.0,1.9,3.2,15.1,DPOY-3
113,Donovan Mitchell,2020,23,UTA,NBA,SG,69,69,34.3,8.7,19.4,.449,2.5,6.9,.366,6.2,12.6,.494,.513,4.0,4.7,.863,0.8,3.6,4.4,4.3,1.0,0.2,2.7,2.5,24.0,AS
114,Jimmy Butler,2020,30,MIA,NBA,SF,58,58,33.8,5.9,13.1,.455,0.5,2.1,.244,5.4,11.0,.495,.474,7.6,9.1,.834,1.8,4.8,6.7,6.0,1.8,0.6,2.2,1.4,19.9,MVP-11
115,Bam Adebayo,2020,22,MIA,NBA,PF,72,72,33.6,6.1,11.0,.557,0.0,0.2,.143,6.1,10.8,.564,.558,3.7,5.3,.691,2.4,7.8,10.2,5.1,1.1,1.3,2.8,2.5,15.9,DPOY-5
116,Brandon Ingram,2020,22,NOP,NBA,PF,62,62,33.9,8.2,17.7,.463,2.4,6.2,.391,5.8,11.5,.501,.531,5.0,5.9,.851,0.8,5.3,6.1,4.2,1.0,0.6,3.0,2.9,23.8,MIP-1
117,LeBron James,2019,34,LAL,NBA,SF,55,55,35.2,10.1,19.9,.510,2.0,5.9,.339,8.1,14.0,.582,.560,5.1,7.6,.665,1.0,7.4,8.5,8.3,1.3,0.6,3.6,1.7,27.4,MVP-11
118,James Harden,2019,29,HOU,NBA,PG,78,78,36.8,10.8,24.5,.442,4.8,13.2,.368,6.0,11.3,.528,.541,9.7,11.0,.879,0.8,5.8,6.6,7.5,2.0,0.7,5.0,3.1,36.1,MVP-2
119,Kevin Durant,2019,30,GSW,NBA,SF,78,78,34.6,9.2,17.7,.521,1.8,5.0,.353,7.5,12.8,.587,.571,5.7,6.5,.885,0.4,5.9,6.4,5.9,0.7,1.1,2.9,2.0,26.0,MVP-8
120,Kyrie Irving,2019,26,BOS,NBA,PG,67,67,33.0,9.0,18.5,.487,2.6,6.5,.401,6.4,12.0,.533,.557,3.2,3.7,.873,1.1,3.9,5.0,6.9,1.5,0.5,2.6,2.5,23.8,AS
121,Kawhi Leonard,2019,27,TOR,NBA,SF,60,60,34.0,9.3,18.8,.496,1.9,5.0,.371,7.5,13.8,.542,.546,6.1,7.1,.854,1.3,6.0,7.3,3.3,1.8,0.4,2.0,1.5,26.6,MVP-9
122,Damian Lillard,2019,28,POR,NBA,PG,80,80,35.5,8.5,19.2,.444,3.0,8.0,.369,5.6,11.1,.499,.522,5.9,6.4,.912,0.9,3.8,4.6,6.9,1.1,0.4,2.7,1.9,25.8,MVP-6
123,Klay Thompson,2019,28,GSW,NBA,SG,78,78,34.0,8.4,18.0,.467,3.1,7.7,.402,5.3,10.3,.516,.553,1.7,2.0,.816,0.5,3.4,3.8,2.4,1.1,0.6,1.5,2.0,21.5,AS
124,Bradley Beal,2019,25,WAS,NBA,SG,82,82,36.9,9.3,19.6,.475,2.5,7.3,.351,6.8,12.4,.548,.540,4.4,5.5,.808,1.1,3.9,5.0,5.5,1.5,0.7,2.7,2.8,25.6,AS
125,Ben Simmons,2019,22,PHI,NBA,PG,79,79,34.2,6.8,12.2,.563,0.0,0.1,.000,6.8,12.1,.566,.563,3.3,5.4,.600,2.2,6.6,8.8,7.7,1.4,0.8,3.5,2.6,16.9,AS
126,Karl-Anthony Towns,2019,23,MIN,NBA,C,77,77,33.1,8.8,17.1,.518,1.8,4.6,.400,7.0,12.5,.562,.572,4.9,5.8,.836,3.4,9.0,12.4,3.4,0.9,1.6,3.1,3.8,24.4,AS
127,LaMarcus Aldridge,2019,33,SAS,NBA,C,81,81,33.2,8.4,16.3,.519,0.1,0.5,.238,8.3,15.8,.528,.522,4.3,5.1,.847,3.1,6.1,9.2,2.4,0.5,1.3,1.8,2.2,21.3,AS
128,Dwyane Wade,2019,37,MIA,NBA,SG,72,2,26.2,5.8,13.3,.433,1.2,3.6,.330,4.6,9.7,.472,.478,2.3,3.2,.708,1.0,3.0,4.0,4.2,0.8,0.5,2.3,1.6,15.0,6MOY-7
129,Anthony Davis,2019,25,NOP,NBA,C,56,56,33.0,9.5,18.3,.517,0.9,2.6,.331,8.6,15.7,.547,.540,6.1,7.7,.794,3.1,8.9,12.0,3.9,1.6,2.4,2.0,2.4,25.9,AS
130,Stephen Curry,2019,30,GSW,NBA,PG,69,69,33.8,9.2,19.4,.472,5.1,11.7,.437,4.0,7.7,.525,.604,3.8,4.2,.916,0.7,4.7,5.3,5.2,1.3,0.4,2.8,2.4,27.3,MVP-5
131,Giannis Antetokounmpo,2019,24,MIL,NBA,PF,72,72,32.8,10.0,17.3,.578,0.7,2.8,.256,9.3,14.5,.641,.599,6.9,9.5,.729,2.2,10.3,12.5,5.9,1.3,1.5,3.7,3.2,27.7,MVP-1
132,Paul George,2019,28,OKC,NBA,SF,77,77,36.9,9.2,21.0,.438,3.8,9.8,.386,5.4,11.1,.484,.529,5.9,7.0,.839,1.4,6.8,8.2,4.1,2.2,0.4,2.7,2.8,28.0,MVP-3
133,Joel Embiid,2019,24,PHI,NBA,C,64,64,33.7,9.1,18.7,.484,1.2,4.1,.300,7.8,14.6,.535,.517,8.2,10.1,.804,2.5,11.1,13.6,3.7,0.7,1.9,3.5,3.3,27.5,MVP-7
134,Kemba Walker,2019,28,CHO,NBA,PG,82,82,34.9,8.9,20.5,.434,3.2,8.9,.356,5.7,11.6,.494,.511,4.6,5.5,.844,0.6,3.8,4.4,5.9,1.2,0.4,2.6,1.6,25.6,AS
135,Khris Middleton,2019,27,MIL,NBA,SF,77,77,31.1,6.6,14.9,.441,2.3,6.2,.378,4.2,8.8,.485,.519,2.8,3.4,.837,0.6,5.3,6.0,4.3,1.0,0.1,2.3,2.2,18.3,AS
136,Blake Griffin,2019,29,DET,NBA,PF,75,75,35.0,8.3,17.9,.462,2.5,7.0,.362,5.7,10.9,.525,.532,5.5,7.3,.753,1.3,6.2,7.5,5.4,0.7,0.4,3.4,2.7,24.5,AS
137,Russell Westbrook,2019,30,OKC,NBA,PG,73,73,36.0,8.6,20.2,.428,1.6,5.6,.290,7.0,14.5,.481,.468,4.1,6.2,.656,1.5,9.6,11.1,10.7,1.9,0.5,4.5,3.4,22.9,MVP-10
138,Nikola Jokić,2019,23,DEN,NBA,C,80,80,31.3,7.7,15.1,.511,1.0,3.4,.307,6.7,11.7,.569,.545,3.6,4.4,.821,2.9,8.0,10.8,7.3,1.4,0.7,3.1,2.9,20.1,MVP-4
139,Kyle Lowry,2019,32,TOR,NBA,PG,65,65,34.0,4.7,11.4,.411,2.4,7.0,.347,2.3,4.4,.514,.518,2.5,3.0,.830,0.6,4.2,4.8,8.7,1.4,0.5,2.8,2.6,14.2,AS
140,D'Angelo Russell,2019,22,BRK,NBA,PG,81,81,30.2,8.1,18.7,.434,2.9,7.8,.369,5.2,10.9,.482,.512,2.0,2.5,.780,0.7,3.2,3.9,7.0,1.2,0.2,3.1,1.7,21.1,AS
141,Nikola Vučević,2019,28,ORL,NBA,C,80,80,31.4,8.8,16.9,.518,1.1,2.9,.364,7.7,14.0,.549,.549,2.2,2.8,.789,2.8,9.2,12.0,3.8,1.0,1.1,2.0,2.0,20.8,AS
142,Dirk Nowitzki,2019,40,DAL,NBA,PF,51,20,15.6,2.6,7.4,.359,1.3,4.0,.312,1.4,3.4,.415,.444,0.8,1.0,.780,0.1,3.0,3.1,0.7,0.2,0.4,0.4,1.5,7.3,AS
143,LeBron James,2018,33,CLE,NBA,PF,82,82,36.9,10.5,19.3,.542,1.8,5.0,.367,8.6,14.3,.603,.590,4.7,6.5,.731,1.2,7.5,8.6,9.1,1.4,0.9,4.2,1.7,27.5,MVP-2
144,Kevin Durant,2018,29,GSW,NBA,SF,68,68,34.2,9.3,18.0,.516,2.5,6.1,.419,6.7,11.9,.565,.586,5.3,5.9,.889,0.5,6.4,6.8,5.4,0.7,1.8,3.0,2.0,26.4,MVP-7
145,Russell Westbrook,2018,29,OKC,NBA,PG,80,80,36.4,9.5,21.1,.449,1.2,4.1,.298,8.3,17.0,.485,.477,5.2,7.1,.737,1.9,8.2,10.1,10.3,1.8,0.3,4.8,2.5,25.4,MVP-5
146,Kyrie Irving,2018,25,BOS,NBA,PG,60,60,32.2,8.9,18.1,.491,2.8,6.8,.408,6.1,11.3,.541,.568,3.9,4.4,.889,0.6,3.2,3.8,5.1,1.1,0.3,2.3,2.0,24.4,AS
147,Anthony Davis,2018,24,NOP,NBA,PF,75,75,36.4,10.4,19.5,.534,0.7,2.2,.340,9.7,17.3,.558,.552,6.6,8.0,.828,2.5,8.6,11.1,2.3,1.5,2.6,2.2,2.1,28.1,MVP-3
148,Paul George,2018,27,OKC,NBA,SF,79,79,36.6,7.3,17.0,.430,3.1,7.7,.401,4.2,9.3,.454,.521,4.3,5.2,.822,0.9,4.7,5.7,3.3,2.0,0.5,2.7,2.9,21.9,DPOY-4
149,Andre Drummond,2018,24,DET,NBA,C,78,78,33.7,6.0,11.3,.529,0.0,0.1,.000,6.0,11.2,.536,.529,3.1,5.1,.605,5.1,10.9,16.0,3.0,1.5,1.6,2.6,3.2,15.0,DPOY-15
150,Bradley Beal,2018,24,WAS,NBA,SG,82,82,36.3,8.3,18.1,.460,2.4,6.5,.375,5.9,11.6,.507,.527,3.6,4.5,.791,0.7,3.7,4.4,4.5,1.2,0.4,2.6,2.0,22.6,AS
151,Victor Oladipo,2018,25,IND,NBA,SG,75,75,34.0,8.5,17.9,.477,2.1,5.8,.371,6.4,12.1,.528,.537,3.9,4.9,.799,0.6,4.6,5.2,4.3,2.4,0.8,2.9,2.3,23.1,MVP-13
152,Kemba Walker,2018,27,CHO,NBA,PG,80,80,34.2,7.4,17.0,.431,2.9,7.5,.384,4.5,9.5,.469,.516,4.5,5.3,.864,0.4,2.7,3.1,5.6,1.1,0.3,2.2,1.2,22.1,AS
153,Goran Dragić,2018,31,MIA,NBA,PG,75,75,31.7,6.5,14.3,.450,1.5,4.0,.370,5.0,10.3,.481,.502,2.9,3.6,.801,0.7,3.4,4.1,4.8,0.8,0.2,2.2,2.4,17.3,AS
154,LaMarcus Aldridge,2018,32,SAS,NBA,C,75,75,33.5,9.2,18.0,.510,0.4,1.2,.293,8.8,16.7,.526,.520,4.5,5.3,.837,3.3,5.2,8.5,2.0,0.6,1.2,1.5,2.1,23.1,MVP-9
155,James Harden,2018,28,HOU,NBA,SG,72,72,35.4,9.0,20.1,.449,3.7,10.0,.367,5.4,10.1,.531,.541,8.7,10.1,.858,0.6,4.8,5.4,8.8,1.8,0.7,4.4,2.3,30.4,MVP-1
156,DeMar DeRozan,2018,28,TOR,NBA,SG,80,80,33.9,8.1,17.7,.456,1.1,3.6,.310,7.0,14.1,.494,.488,5.8,7.0,.825,0.7,3.2,3.9,5.2,1.1,0.3,2.2,1.9,23.0,MVP-8
157,Stephen Curry,2018,29,GSW,NBA,PG,51,51,32.0,8.4,16.9,.495,4.2,9.8,.423,4.2,7.1,.595,.618,5.5,5.9,.921,0.7,4.4,5.1,6.1,1.6,0.2,3.0,2.2,26.4,MVP-10
158,Giannis Antetokounmpo,2018,23,MIL,NBA,PF,75,75,36.7,9.9,18.7,.529,0.6,1.9,.307,9.3,16.8,.554,.545,6.5,8.5,.760,2.1,8.0,10.0,4.8,1.5,1.4,3.0,3.1,26.9,MVP-6
159,Joel Embiid,2018,23,PHI,NBA,C,63,63,30.3,8.1,16.8,.483,1.0,3.4,.308,7.0,13.4,.527,.514,5.7,7.4,.769,2.3,8.7,11.0,3.2,0.6,1.8,3.7,3.3,22.9,MVP-12
160,Kyle Lowry,2018,31,TOR,NBA,PG,78,78,32.2,5.2,12.1,.427,3.1,7.6,.399,2.1,4.5,.474,.553,2.9,3.3,.854,0.8,4.7,5.6,6.9,1.1,0.2,2.3,2.5,16.2,AS
161,Klay Thompson,2018,27,GSW,NBA,SG,73,73,34.3,7.9,16.2,.488,3.1,7.1,.440,4.7,9.0,.526,.585,1.1,1.3,.837,0.4,3.4,3.8,2.5,0.8,0.5,1.8,1.6,20.0,DPOY-11
162,Damian Lillard,2018,27,POR,NBA,PG,73,73,36.6,8.5,19.4,.439,3.1,8.6,.361,5.4,10.8,.501,.519,6.8,7.4,.916,0.8,3.6,4.5,6.6,1.1,0.4,2.8,1.6,26.9,MVP-4
163,Draymond Green,2018,27,GSW,NBA,PF,70,70,32.7,4.0,8.8,.454,1.1,3.7,.301,2.9,5.2,.562,.516,1.9,2.5,.775,1.1,6.6,7.6,7.3,1.4,1.3,2.9,2.6,11.0,DPOY-6
164,Karl-Anthony Towns,2018,22,MIN,NBA,C,82,82,35.6,7.8,14.3,.545,1.5,3.5,.421,6.3,10.8,.585,.596,4.2,4.9,.858,2.9,9.4,12.3,2.4,0.8,1.4,1.9,3.5,21.3,AS
165,Al Horford,2018,31,BOS,NBA,C,72,72,31.6,5.1,10.5,.489,1.3,3.1,.429,3.8,7.3,.514,.553,1.3,1.7,.783,1.4,5.9,7.4,4.7,0.6,1.1,1.8,1.9,12.9,DPOY-5
166,Anthony Davis,2017,23,NOP,NBA,C,75,75,36.1,10.3,20.3,.505,0.5,1.8,.299,9.7,18.6,.524,.518,6.9,8.6,.802,2.3,9.5,11.8,2.1,1.3,2.2,2.4,2.2,28.0,MVP-9
167,James Harden,2017,27,HOU,NBA,PG,81,81,36.4,8.3,18.9,.440,3.2,9.3,.347,5.1,9.6,.530,.525,9.2,10.9,.847,1.2,7.0,8.1,11.2,1.5,0.5,5.7,2.7,29.1,MVP-2
168,Stephen Curry,2017,28,GSW,NBA,PG,79,79,33.4,8.5,18.3,.468,4.1,10.0,.411,4.4,8.3,.537,.580,4.1,4.6,.898,0.8,3.7,4.5,6.6,1.8,0.2,3.0,2.3,25.3,MVP-6
169,Kevin Durant,2017,28,GSW,NBA,PF,62,62,33.4,8.9,16.5,.537,1.9,5.0,.375,7.0,11.5,.608,.594,5.4,6.2,.875,0.6,7.6,8.3,4.8,1.1,1.6,2.2,1.9,25.1,MVP-9
170,Kawhi Leonard,2017,25,SAS,NBA,SF,74,74,33.4,8.6,17.7,.485,2.0,5.2,.380,6.6,12.5,.529,.541,6.3,7.2,.880,1.1,4.7,5.8,3.5,1.8,0.7,2.1,1.6,25.5,MVP-3
171,Marc Gasol,2017,32,MEM,NBA,C,74,74,34.2,7.2,15.7,.459,1.4,3.6,.388,5.8,12.1,.480,.503,3.8,4.5,.837,0.8,5.5,6.3,4.6,0.9,1.3,2.2,2.3,19.5,AS
172,Russell Westbrook,2017,28,OKC,NBA,PG,81,81,34.6,10.2,24.0,.425,2.5,7.2,.343,7.7,16.8,.459,.476,8.8,10.4,.845,1.7,9.0,10.7,10.4,1.6,0.4,5.4,2.3,31.6,MVP-1
173,Klay Thompson,2017,26,GSW,NBA,SG,78,78,34.0,8.3,17.6,.468,3.4,8.3,.414,4.8,9.3,.516,.565,2.4,2.8,.853,0.6,3.0,3.7,2.1,0.8,0.5,1.6,1.8,22.3,AS
174,Gordon Hayward,2017,26,UTA,NBA,SF,73,73,34.5,7.5,15.8,.471,2.0,5.1,.398,5.4,10.7,.506,.536,5.0,5.9,.844,0.7,4.7,5.4,3.5,1.0,0.3,1.9,1.6,21.9,AS
175,Draymond Green,2017,26,GSW,NBA,PF,76,76,32.5,3.6,8.6,.418,1.1,3.5,.308,2.5,5.1,.494,.481,2.0,2.8,.709,1.3,6.6,7.9,7.0,2.0,1.4,2.4,2.9,10.2,DPOY-1
176,DeAndre Jordan,2017,28,LAC,NBA,C,81,81,31.7,5.1,7.1,.714,0.0,0.0,.000,5.1,7.1,.717,.714,2.5,5.2,.482,3.7,10.1,13.8,1.2,0.6,1.7,1.4,2.6,12.7,AS
177,DeMarcus Cousins,2017,26,2TM,NBA,C,72,72,34.2,9.0,19.9,.452,1.8,5.0,.361,7.2,14.8,.483,.498,7.2,9.3,.772,2.1,8.9,11.0,4.6,1.4,1.3,3.7,3.9,27.0,AS
178,DeMar DeRozan,2017,27,TOR,NBA,SG,74,74,35.4,9.7,20.9,.467,0.4,1.7,.266,9.3,19.2,.484,.477,7.4,8.7,.842,0.9,4.3,5.2,3.9,1.1,0.2,2.4,1.8,27.3,MVP-11
179,Giannis Antetokounmpo,2017,22,MIL,NBA,SF,80,80,35.6,8.2,15.7,.521,0.6,2.3,.272,7.6,13.5,.563,.541,5.9,7.7,.770,1.8,7.0,8.8,5.4,1.6,1.9,2.9,3.1,22.9,MVP-7
180,Kyrie Irving,2017,24,CLE,NBA,PG,72,72,35.1,9.3,19.7,.473,2.5,6.1,.401,6.9,13.6,.505,.535,4.1,4.6,.905,0.7,2.5,3.2,5.8,1.2,0.3,2.5,2.2,25.2,AS
181,LeBron James,2017,32,CLE,NBA,SF,74,74,37.8,9.9,18.2,.548,1.7,4.6,.363,8.3,13.5,.611,.594,4.8,7.2,.674,1.3,7.3,8.6,8.7,1.2,0.6,4.1,1.8,26.4,MVP-4
182,Jimmy Butler,2017,27,CHI,NBA,SF,76,75,37.0,7.5,16.5,.455,1.2,3.3,.367,6.3,13.2,.477,.492,7.7,8.9,.865,1.7,4.5,6.2,5.5,1.9,0.4,2.1,1.5,23.9,AS
183,Paul George,2017,26,IND,NBA,SF,75,75,35.9,8.3,18.0,.461,2.6,6.6,.393,5.7,11.4,.501,.534,4.5,5.0,.898,0.8,5.8,6.6,3.3,1.6,0.4,2.9,2.7,23.7,AS
184,John Wall,2017,26,WAS,NBA,PG,78,78,36.4,8.3,18.4,.451,1.1,3.5,.327,7.2,14.9,.480,.482,5.4,6.8,.801,0.8,3.4,4.2,10.7,2.0,0.6,4.1,1.9,23.1,MVP-7
185,Kemba Walker,2017,26,CHO,NBA,PG,79,79,34.7,8.1,18.3,.444,3.0,7.6,.399,5.1,10.7,.476,.527,3.8,4.5,.847,0.6,3.3,3.9,5.5,1.1,0.3,2.1,1.5,23.2,AS
186,Carmelo Anthony,2017,32,NYK,NBA,SF,74,74,34.3,8.1,18.8,.433,2.0,5.7,.359,6.1,13.1,.466,.488,4.1,4.9,.833,0.8,5.1,5.9,2.9,0.8,0.5,2.1,2.7,22.4,AS
187,Isaiah Thomas,2017,27,BOS,NBA,PG,76,76,33.8,9.0,19.4,.463,3.2,8.5,.379,5.8,10.9,.528,.546,7.8,8.5,.909,0.6,2.1,2.7,5.9,0.9,0.2,2.8,2.2,28.9,MVP-5
188,Kyle Lowry,2017,30,TOR,NBA,PG,60,60,37.4,7.1,15.3,.464,3.2,7.8,.412,3.9,7.5,.518,.569,5.0,6.1,.819,0.8,4.0,4.8,7.0,1.5,0.3,2.9,2.8,22.4,AS
189,Paul Millsap,2017,31,ATL,NBA,PF,69,67,34.0,6.2,14.1,.442,1.1,3.5,.311,5.1,10.6,.486,.481,4.5,5.9,.768,1.6,6.1,7.7,3.7,1.3,0.9,2.3,2.7,18.1,AS
190,Stephen Curry,2016,27,GSW,NBA,PG,79,79,34.2,10.2,20.2,.504,5.1,11.2,.454,5.1,9.0,.566,.630,4.6,5.1,.908,0.9,4.6,5.4,6.7,2.1,0.2,3.3,2.0,30.1,MVP-1
191,Kobe Bryant,2016,37,LAL,NBA,SF,66,66,28.2,6.0,16.9,.358,2.0,7.1,.285,4.0,9.8,.410,.417,3.5,4.3,.826,0.6,3.1,3.7,2.8,0.9,0.2,2.0,1.7,17.6,AS
192,Kawhi Leonard,2016,24,SAS,NBA,SF,72,72,33.1,7.7,15.1,.506,1.8,4.0,.443,5.9,11.1,.528,.565,4.1,4.6,.874,1.3,5.5,6.8,2.6,1.8,1.0,1.5,1.8,21.2,MVP-2
193,Kevin Durant,2016,27,OKC,NBA,SF,72,72,35.8,9.7,19.2,.505,2.6,6.7,.387,7.1,12.5,.569,.573,6.2,6.9,.898,0.6,7.6,8.2,5.0,1.0,1.2,3.5,1.9,28.2,MVP-5
194,Russell Westbrook,2016,27,OKC,NBA,PG,80,80,34.4,8.2,18.1,.454,1.3,4.3,.296,6.9,13.8,.503,.489,5.8,7.2,.812,1.8,6.0,7.8,10.4,2.0,0.3,4.3,2.5,23.5,MVP-4
195,James Harden,2016,26,HOU,NBA,SG,82,82,38.1,8.7,19.7,.439,2.9,8.0,.359,5.8,11.7,.494,.512,8.8,10.2,.860,0.8,5.3,6.1,7.5,1.7,0.6,4.6,2.8,29.0,MVP-9
196,Klay Thompson,2016,25,GSW,NBA,SG,80,80,33.3,8.1,17.3,.470,3.5,8.1,.425,4.7,9.2,.510,.569,2.4,2.8,.873,0.4,3.4,3.8,2.1,0.8,0.6,1.7,1.9,22.1,AS
197,Chris Paul,2016,30,LAC,NBA,PG,74,74,32.7,7.0,15.1,.462,1.6,4.4,.371,5.3,10.6,.501,.517,4.0,4.4,.896,0.5,3.7,4.2,10.0,2.1,0.2,2.6,2.5,19.5,MVP-6
198,Anthony Davis,2016,22,NOP,NBA,C,61,61,35.5,9.2,18.6,.493,0.6,1.8,.324,8.6,16.9,.511,.508,5.3,7.0,.758,2.1,8.1,10.3,1.9,1.3,2.0,2.0,2.4,24.3,DPOY-9
199,LaMarcus Aldridge,2016,30,SAS,NBA,PF,74,74,30.6,7.2,14.1,.513,0.0,0.2,.000,7.2,13.9,.521,.513,3.5,4.1,.858,2.4,6.2,8.5,1.5,0.5,1.1,1.3,2.0,18.0,AS
200,Draymond Green,2016,25,GSW,NBA,PF,81,81,34.7,5.0,10.1,.490,1.2,3.2,.388,3.7,6.9,.537,.551,2.8,4.1,.696,1.7,7.8,9.5,7.4,1.5,1.4,3.2,3.0,14.0,MVP-7
201,DeMarcus Cousins,2016,25,SAC,NBA,C,65,65,34.6,9.2,20.5,.451,1.1,3.2,.333,8.2,17.3,.473,.477,7.3,10.2,.718,2.4,9.1,11.5,3.3,1.6,1.4,3.8,3.6,26.9,AS
202,Kyle Lowry,2016,29,TOR,NBA,PG,77,77,37.0,6.6,15.6,.427,2.8,7.1,.388,3.9,8.5,.461,.516,5.2,6.4,.811,0.7,4.0,4.7,6.4,2.1,0.4,2.9,2.7,21.2,MVP-10
203,Paul George,2016,25,IND,NBA,SF,81,81,34.8,7.5,17.9,.418,2.6,7.0,.371,4.9,10.9,.447,.490,5.6,6.5,.860,1.0,6.0,7.0,4.1,1.9,0.4,3.3,2.8,23.1,AS
204,Carmelo Anthony,2016,31,NYK,NBA,SF,72,72,35.1,7.9,18.2,.434,1.5,4.3,.339,6.4,13.8,.463,.474,4.6,5.6,.829,1.4,6.4,7.7,4.2,0.9,0.5,2.4,2.5,21.8,AS
205,Dwyane Wade,2016,34,MIA,NBA,SG,74,73,30.5,7.3,16.0,.456,0.1,0.6,.159,7.2,15.4,.468,.459,4.4,5.5,.793,1.1,3.0,4.1,4.6,1.1,0.6,2.7,1.6,19.0,AS
206,LeBron James,2016,31,CLE,NBA,SF,76,76,35.6,9.7,18.6,.520,1.1,3.7,.309,8.6,14.9,.573,.551,4.7,6.5,.731,1.5,6.0,7.4,6.8,1.4,0.6,3.3,1.9,25.3,MVP-3
207,John Wall,2016,25,WAS,NBA,PG,77,77,36.2,7.4,17.5,.424,1.5,4.3,.351,5.9,13.3,.448,.467,3.5,4.5,.791,0.5,4.4,4.9,10.2,1.9,0.8,4.1,2.1,19.9,AS
208,Paul Millsap,2016,30,ATL,NBA,PF,81,81,32.7,6.2,13.2,.470,0.9,2.9,.319,5.3,10.3,.512,.505,3.8,5.0,.757,2.4,6.6,9.0,3.3,1.8,1.7,2.4,2.9,17.1,DPOY-5
209,Isaiah Thomas,2016,26,BOS,NBA,PG,82,79,32.2,7.2,16.9,.428,2.0,5.7,.359,5.2,11.2,.462,.488,5.8,6.6,.871,0.6,2.4,3.0,6.2,1.1,0.1,2.7,2.0,22.2,AS
210,DeMar DeRozan,2016,26,TOR,NBA,SG,78,78,35.9,7.9,17.7,.446,0.6,1.8,.338,7.3,15.9,.458,.463,7.1,8.4,.850,0.8,3.7,4.5,4.0,1.0,0.3,2.2,2.1,23.5,AS
211,Andre Drummond,2016,22,DET,NBA,C,81,81,32.9,6.8,13.1,.521,0.0,0.1,.333,6.8,13.0,.522,.522,2.6,7.2,.355,4.9,9.9,14.8,0.8,1.5,1.4,1.9,3.0,16.2,DPOY-10
212,Pau Gasol,2016,35,CHI,NBA,C,72,72,31.8,6.5,13.8,.469,0.3,1.0,.348,6.2,12.9,.478,.481,3.2,4.0,.792,2.2,8.9,11.0,4.1,0.6,2.0,2.3,2.1,16.5,AS
213,Al Horford,2016,29,ATL,NBA,C,82,82,32.1,6.5,12.8,.505,1.1,3.1,.344,5.4,9.7,.557,.547,1.3,1.6,.798,1.8,5.5,7.3,3.2,0.8,1.5,1.3,2.0,15.2,DPOY-13
214,James Harden,2015,25,HOU,NBA,SG,81,81,36.8,8.0,18.1,.440,2.6,6.9,.375,5.4,11.3,.480,.511,8.8,10.2,.868,0.9,4.7,5.7,7.0,1.9,0.7,4.0,2.6,27.4,MVP-2
215,Stephen Curry,2015,26,GSW,NBA,PG,80,80,32.7,8.2,16.8,.487,3.6,8.1,.443,4.6,8.7,.528,.594,3.9,4.2,.914,0.7,3.6,4.3,7.7,2.0,0.2,3.1,2.0,23.8,MVP-1
216,Marc Gasol,2015,30,MEM,NBA,C,81,81,33.2,6.5,13.2,.494,0.0,0.2,.176,6.5,13.0,.500,.496,4.3,5.4,.795,1.4,6.4,7.8,3.8,0.9,1.6,2.2,2.6,17.4,MVP-8
217,Klay Thompson,2015,24,GSW,NBA,SG,77,77,31.9,7.8,16.9,.463,3.1,7.1,.439,4.7,9.8,.481,.555,2.9,3.3,.879,0.4,2.9,3.2,2.9,1.1,0.8,1.9,1.6,21.7,MVP-10
218,LaMarcus Aldridge,2015,29,POR,NBA,PF,71,71,35.4,9.3,19.9,.466,0.5,1.5,.352,8.8,18.5,.475,.479,4.3,5.1,.845,2.5,7.7,10.2,1.7,0.7,1.0,1.7,1.8,23.4,MVP-7
219,Chris Paul,2015,29,LAC,NBA,PG,82,82,34.8,6.9,14.3,.485,1.7,4.3,.398,5.2,10.0,.523,.545,3.5,3.9,.900,0.6,4.0,4.6,10.2,1.9,0.2,2.3,2.5,19.1,MVP-6
220,Russell Westbrook,2015,26,OKC,NBA,PG,67,67,34.4,9.4,22.0,.426,1.3,4.3,.299,8.1,17.7,.457,.455,8.1,9.8,.835,1.9,5.4,7.3,8.6,2.1,0.2,4.4,2.7,28.1,MVP-4
221,DeMarcus Cousins,2015,24,SAC,NBA,C,59,59,34.1,8.4,18.1,.467,0.0,0.1,.250,8.4,17.9,.469,.468,7.2,9.2,.782,3.1,9.5,12.7,3.6,1.5,1.7,4.3,4.1,24.1,AS
222,Damian Lillard,2015,24,POR,NBA,PG,82,82,35.7,7.2,16.6,.434,2.4,7.0,.343,4.8,9.6,.500,.506,4.2,4.9,.864,0.6,4.0,4.6,6.2,1.2,0.3,2.7,2.0,21.0,AS
223,Tim Duncan,2015,38,SAS,NBA,C,77,77,28.9,5.4,10.6,.512,0.0,0.1,.286,5.4,10.5,.514,.513,3.0,4.0,.740,2.2,6.9,9.1,3.0,0.8,2.0,1.7,2.1,13.9,MVP-10
224,Dirk Nowitzki,2015,36,DAL,NBA,PF,77,77,29.6,6.3,13.8,.459,1.4,3.6,.380,5.0,10.2,.486,.508,3.3,3.8,.882,0.6,5.4,5.9,1.9,0.5,0.4,1.1,2.1,17.3,AS
225,Kevin Durant,2015,26,OKC,NBA,SF,27,27,33.8,8.8,17.3,.510,2.4,5.9,.403,6.4,11.4,.565,.578,5.4,6.3,.854,0.6,6.0,6.6,4.1,0.9,0.9,2.7,1.5,25.4,AS
226,LeBron James,2015,30,CLE,NBA,SF,69,69,36.1,9.0,18.5,.488,1.7,4.9,.354,7.3,13.6,.536,.535,5.4,7.7,.710,0.7,5.3,6.0,7.4,1.6,0.7,3.9,2.0,25.3,MVP-3
227,Carmelo Anthony,2015,30,NYK,NBA,SF,40,40,35.7,9.0,20.2,.444,1.5,4.5,.341,7.4,15.7,.474,.482,4.7,5.9,.797,1.8,4.8,6.6,3.1,1.0,0.4,2.2,2.2,24.2,AS
228,John Wall,2015,24,WAS,NBA,PG,79,79,35.9,6.6,14.8,.445,0.8,2.7,.300,5.7,12.0,.478,.473,3.6,4.6,.785,0.5,4.2,4.6,10.0,1.7,0.6,3.8,2.3,17.6,AS
229,Pau Gasol,2015,34,CHI,NBA,PF,78,78,34.4,7.3,14.8,.494,0.2,0.3,.462,7.2,14.4,.495,.500,3.8,4.7,.803,2.8,9.0,11.8,2.7,0.3,1.9,2.0,1.9,18.5,AS
230,Kyle Lowry,2015,28,TOR,NBA,PG,70,70,34.5,6.1,14.9,.412,1.9,5.6,.338,4.3,9.3,.457,.476,3.6,4.5,.808,0.8,3.9,4.7,6.8,1.6,0.2,2.5,3.0,17.8,AS
231,Kyrie Irving,2015,22,CLE,NBA,PG,75,75,36.4,7.7,16.5,.468,2.1,5.0,.415,5.6,11.4,.491,.532,4.2,4.9,.863,0.7,2.4,3.2,5.2,1.5,0.3,2.5,1.9,21.7,AS
232,Kyle Korver,2015,33,ATL,NBA,SG,75,75,32.2,3.9,8.0,.487,2.9,6.0,.492,0.9,2.0,.470,.671,1.4,1.6,.898,0.2,3.9,4.1,2.6,0.7,0.6,1.4,1.9,12.1,AS
233,Paul Millsap,2015,29,ATL,NBA,PF,73,73,32.7,6.1,12.7,.476,1.1,3.0,.356,5.0,9.8,.513,.518,3.5,4.6,.757,1.9,5.9,7.8,3.1,1.8,0.9,2.3,2.8,16.7,AS
234,Al Horford,2015,28,ATL,NBA,C,76,76,30.5,6.8,12.7,.538,0.1,0.5,.306,6.7,12.2,.547,.544,1.4,1.9,.759,1.7,5.4,7.2,3.2,0.9,1.3,1.3,1.6,15.2,AS
235,Jeff Teague,2015,26,ATL,NBA,PG,73,72,30.5,5.6,12.2,.460,1.0,2.8,.343,4.6,9.3,.496,.500,3.8,4.4,.862,0.4,2.1,2.5,7.0,1.7,0.4,2.8,1.9,15.9,AS
236,Chris Bosh,2015,30,MIA,NBA,C,44,44,35.4,7.8,16.9,.460,1.4,3.8,.375,6.4,13.1,.485,.503,4.1,5.3,.772,1.0,6.0,7.0,2.2,0.9,0.6,2.2,1.6,21.1,AS
237,Jimmy Butler,2015,25,CHI,NBA,SG,65,65,38.7,6.5,14.0,.462,1.1,3.0,.378,5.4,11.1,.484,.502,5.9,7.1,.834,1.8,4.1,5.8,3.3,1.8,0.6,1.4,1.7,20.0,DPOY-10
238,Kyrie Irving,2014,21,CLE,NBA,PG,71,71,35.2,7.5,17.4,.430,1.7,4.8,.358,5.8,12.6,.458,.480,4.1,4.8,.861,0.7,2.9,3.6,6.1,1.5,0.3,2.7,2.3,20.8,AS
239,LeBron James,2014,29,MIA,NBA,PF,77,77,37.7,10.0,17.6,.567,1.5,4.0,.379,8.5,13.6,.622,.610,5.7,7.6,.750,1.1,5.9,6.9,6.3,1.6,0.3,3.5,1.6,27.1,MVP-2
240,Paul George,2014,23,IND,NBA,SF,80,80,36.2,7.2,17.0,.424,2.3,6.3,.364,4.9,10.8,.458,.490,5.0,5.8,.864,0.8,6.0,6.8,3.5,1.9,0.3,2.8,2.5,21.7,MVP-9
241,Carmelo Anthony,2014,29,NYK,NBA,PF,77,77,38.7,9.6,21.3,.452,2.2,5.4,.402,7.5,15.9,.469,.503,6.0,7.0,.848,1.9,6.2,8.1,3.1,1.2,0.7,2.6,2.9,27.4,MVP-15
242,Dwyane Wade,2014,32,MIA,NBA,SG,54,53,32.9,7.7,14.1,.545,0.2,0.6,.281,7.5,13.5,.557,.551,3.5,4.8,.733,1.1,3.4,4.5,4.7,1.5,0.5,3.0,2.0,19.0,AS
243,Joakim Noah,2014,28,CHI,NBA,C,80,80,35.3,4.8,10.0,.475,0.0,0.0,.000,4.8,10.0,.476,.475,3.1,4.2,.737,3.5,7.7,11.3,5.4,1.2,1.5,2.4,3.1,12.6,MVP-4
244,John Wall,2014,23,WAS,NBA,PG,82,82,36.3,7.1,16.3,.433,1.3,3.8,.351,5.7,12.5,.458,.473,3.9,4.8,.805,0.5,3.6,4.1,8.8,1.8,0.5,3.6,2.7,19.3,AS
245,DeMar DeRozan,2014,24,TOR,NBA,SG,79,79,38.2,7.6,17.8,.429,0.8,2.7,.305,6.8,15.2,.451,.452,6.6,8.0,.824,0.6,3.7,4.3,4.0,1.1,0.4,2.2,2.5,22.7,AS
246,Paul Millsap,2014,28,ATL,NBA,PF,74,73,33.5,6.5,14.1,.461,1.0,2.9,.358,5.5,11.3,.487,.498,3.9,5.3,.731,2.1,6.4,8.5,3.1,1.7,1.1,2.5,2.8,17.9,AS
247,Roy Hibbert,2014,27,IND,NBA,C,81,81,29.7,4.1,9.3,.439,0.0,0.1,.400,4.1,9.2,.439,.440,2.6,3.3,.770,2.5,4.1,6.6,1.1,0.4,2.2,1.8,3.3,10.8,DPOY-2
248,Chris Bosh,2014,29,MIA,NBA,C,79,79,32.0,6.2,12.1,.516,0.9,2.8,.339,5.3,9.3,.569,.555,2.8,3.4,.820,1.2,5.4,6.6,1.1,1.0,1.0,1.6,2.4,16.2,AS
249,Joe Johnson,2014,32,BRK,NBA,SG,79,79,32.6,5.8,12.9,.454,2.1,5.1,.401,3.8,7.8,.489,.533,2.0,2.5,.815,0.6,2.8,3.4,2.7,0.6,0.1,1.5,1.6,15.8,AS
250,Kevin Durant,2014,25,OKC,NBA,SF,81,81,38.5,10.5,20.8,.503,2.4,6.1,.391,8.1,14.8,.549,.560,8.7,9.9,.873,0.7,6.7,7.4,5.5,1.3,0.7,3.5,2.1,32.0,MVP-1
251,Kevin Love,2014,25,MIN,NBA,PF,77,77,36.3,8.4,18.5,.457,2.5,6.6,.376,6.0,11.9,.502,.524,6.8,8.2,.821,2.9,9.6,12.5,4.4,0.8,0.5,2.5,1.8,26.1,MVP-11
252,Blake Griffin,2014,24,LAC,NBA,PF,80,80,35.8,9.0,17.0,.528,0.2,0.6,.273,8.8,16.4,.537,.533,6.0,8.4,.715,2.4,7.1,9.5,3.9,1.2,0.6,2.8,3.3,24.1,MVP-3
253,Stephen Curry,2014,25,GSW,NBA,PG,78,78,36.5,8.4,17.7,.471,3.3,7.9,.424,5.0,9.8,.509,.566,3.9,4.5,.885,0.6,3.7,4.3,8.5,1.6,0.2,3.8,2.5,24.0,MVP-6
254,James Harden,2014,24,HOU,NBA,SG,73,73,38.0,7.5,16.5,.456,2.4,6.6,.366,5.1,9.9,.515,.529,7.9,9.1,.866,0.8,3.9,4.7,6.1,1.6,0.4,3.6,2.4,25.4,MVP-5
255,Chris Paul,2014,28,LAC,NBA,PG,62,62,35.0,6.5,14.0,.467,1.3,3.4,.368,5.3,10.6,.498,.511,4.8,5.6,.855,0.6,3.7,4.3,10.7,2.5,0.1,2.3,2.5,19.1,MVP-7
256,Dwight Howard,2014,28,HOU,NBA,C,71,71,33.7,6.7,11.3,.591,0.0,0.1,.286,6.6,11.2,.594,.593,4.9,9.0,.547,3.3,8.9,12.2,1.8,0.8,1.8,3.2,3.4,18.3,DPOY-8
257,LaMarcus Aldridge,2014,28,POR,NBA,PF,69,69,36.2,9.4,20.6,.458,0.0,0.2,.200,9.4,20.4,.461,.459,4.3,5.2,.822,2.4,8.7,11.1,2.6,0.9,1.0,1.8,2.1,23.2,MVP-10
258,Tony Parker,2014,31,SAS,NBA,PG,68,68,29.4,6.7,13.4,.499,0.4,1.0,.373,6.3,12.5,.509,.513,2.9,3.6,.811,0.3,2.0,2.3,5.7,0.5,0.1,2.2,1.3,16.7,MVP-12
259,Anthony Davis,2014,20,NOP,NBA,PF,67,66,35.2,7.8,15.0,.519,0.0,0.1,.222,7.8,14.9,.522,.520,5.2,6.6,.791,3.1,7.0,10.0,1.6,1.3,2.8,1.6,3.0,20.8,DPOY-8
260,Damian Lillard,2014,23,POR,NBA,PG,82,82,35.8,6.7,15.9,.424,2.7,6.8,.394,4.1,9.1,.447,.508,4.5,5.2,.871,0.4,3.1,3.5,5.6,0.8,0.3,2.4,2.4,20.7,AS
261,Dirk Nowitzki,2014,35,DAL,NBA,PF,80,80,32.9,7.9,15.9,.497,1.6,4.1,.398,6.3,11.8,.532,.549,4.2,4.7,.899,0.5,5.7,6.2,2.7,0.9,0.6,1.5,2.1,21.7,MVP-14
262,Kevin Durant,2013,24,OKC,NBA,SF,81,81,38.5,9.0,17.7,.510,1.7,4.1,.416,7.3,13.6,.539,.559,8.4,9.3,.905,0.6,7.3,7.9,4.6,1.4,1.3,3.5,1.8,28.1,MVP-2
263,Kobe Bryant,2013,34,LAL,NBA,SG,78,78,38.6,9.5,20.4,.463,1.7,5.2,.324,7.8,15.2,.510,.504,6.7,8.0,.839,0.8,4.7,5.6,6.0,1.4,0.3,3.7,2.2,27.3,MVP-5
264,Blake Griffin,2013,23,LAC,NBA,PF,80,80,32.5,7.2,13.4,.538,0.1,0.4,.179,7.2,13.1,.548,.541,3.5,5.3,.660,2.3,6.0,8.3,3.7,1.2,0.6,2.3,2.9,18.0,AS
265,Chris Paul,2013,27,LAC,NBA,PG,70,70,33.4,5.9,12.2,.481,1.1,3.3,.328,4.8,8.9,.538,.526,4.1,4.6,.885,0.8,3.0,3.7,9.7,2.4,0.1,2.3,2.0,16.9,MVP-4
266,Dwight Howard,2013,27,LAL,NBA,C,76,76,35.8,6.2,10.7,.578,0.0,0.1,.167,6.2,10.6,.581,.579,4.7,9.5,.492,3.3,9.1,12.4,1.4,1.1,2.4,3.0,3.8,17.1,DPOY-14
267,James Harden,2013,23,HOU,NBA,SG,78,78,38.3,7.5,17.1,.438,2.3,6.2,.368,5.2,10.9,.477,.504,8.6,10.2,.851,0.8,4.1,4.9,5.8,1.8,0.5,3.8,2.3,25.9,MVP-8
268,Tony Parker,2013,30,SAS,NBA,PG,66,66,32.9,7.9,15.1,.522,0.4,1.0,.353,7.5,14.0,.534,.534,4.2,5.0,.845,0.3,2.7,3.0,7.6,0.8,0.1,2.6,1.4,20.3,MVP-6
269,Russell Westbrook,2013,24,OKC,NBA,PG,82,82,34.9,8.2,18.7,.438,1.2,3.7,.323,7.0,15.1,.466,.470,5.6,7.0,.800,1.4,3.9,5.2,7.4,1.8,0.3,3.3,2.3,23.2,MVP-9
270,David Lee,2013,29,GSW,NBA,PF,79,79,36.8,7.6,14.7,.519,0.0,0.1,.000,7.6,14.6,.521,.519,3.2,4.1,.797,2.8,8.5,11.2,3.5,0.8,0.3,2.6,3.1,18.5,MVP-12
271,Zach Randolph,2013,31,MEM,NBA,PF,76,75,34.3,6.2,13.5,.460,0.0,0.3,.087,6.2,13.2,.469,.461,3.0,3.9,.750,4.1,7.2,11.2,1.4,0.8,0.4,2.0,2.4,15.4,AS
272,LaMarcus Aldridge,2013,27,POR,NBA,PF,74,74,37.7,8.6,17.8,.484,0.0,0.2,.143,8.6,17.6,.488,.485,3.8,4.7,.810,2.4,6.7,9.1,2.6,0.8,1.2,1.9,2.5,21.1,AS
273,Tim Duncan,2013,36,SAS,NBA,C,69,69,30.1,7.1,14.1,.502,0.0,0.1,.286,7.1,14.0,.504,.503,3.6,4.3,.817,1.8,8.1,9.9,2.7,0.7,2.7,2.1,1.7,17.8,MVP-7
274,Carmelo Anthony,2013,28,NYK,NBA,PF,67,67,37.0,10.0,22.2,.449,2.3,6.2,.379,7.6,16.0,.476,.502,6.3,7.6,.830,2.0,4.9,6.9,2.6,0.8,0.5,2.6,3.1,28.7,MVP-3
275,LeBron James,2013,28,MIA,NBA,PF,76,76,37.9,10.1,17.8,.565,1.4,3.3,.406,8.7,14.5,.602,.603,5.3,7.0,.753,1.3,6.8,8.0,7.3,1.7,0.9,3.0,1.4,26.8,MVP-1
276,Dwyane Wade,2013,31,MIA,NBA,SG,69,69,34.7,8.2,15.8,.521,0.2,1.0,.258,8.0,14.9,.537,.528,4.5,6.2,.725,1.2,3.7,5.0,5.1,1.9,0.8,2.8,2.0,21.2,MVP-10
277,Chris Bosh,2013,28,MIA,NBA,C,74,74,33.2,6.6,12.3,.535,0.3,1.0,.284,6.3,11.3,.557,.546,3.3,4.1,.798,1.8,5.0,6.8,1.7,0.9,1.4,1.7,2.3,16.6,AS
278,Kevin Garnett,2013,36,BOS,NBA,C,68,68,29.7,6.2,12.5,.496,0.0,0.2,.125,6.2,12.3,.504,.498,2.3,3.0,.786,1.1,6.7,7.8,2.3,1.1,0.9,1.6,2.3,14.8,MVP-12
279,Kyrie Irving,2013,20,CLE,NBA,PG,59,59,34.7,8.2,18.1,.452,1.8,4.7,.391,6.4,13.4,.474,.503,4.2,4.9,.855,0.6,3.1,3.7,5.9,1.5,0.4,3.2,2.5,22.5,AS
280,Paul George,2013,22,IND,NBA,SF,79,79,37.6,6.2,14.9,.419,2.2,5.9,.362,4.1,8.9,.457,.491,2.8,3.5,.807,1.1,6.5,7.6,4.1,1.8,0.6,2.9,2.9,17.4,DPOY-8
281,Luol Deng,2013,27,CHI,NBA,SF,75,75,38.7,6.2,14.6,.426,1.0,3.1,.322,5.2,11.5,.455,.461,3.1,3.8,.816,2.2,4.2,6.3,3.0,1.1,0.4,1.9,1.4,16.5,DPOY-15
282,Tyson Chandler,2013,30,NYK,NBA,C,66,66,32.8,3.9,6.1,.638,0.0,0.0,None,3.9,6.1,.638,.638,2.7,3.9,.694,4.1,6.6,10.7,0.9,0.6,1.1,1.3,2.8,10.4,DPOY-13
283,Joakim Noah,2013,27,CHI,NBA,C,66,64,36.8,4.6,9.5,.481,0.0,0.1,.000,4.6,9.5,.485,.481,2.7,3.6,.751,3.9,7.2,11.1,4.0,1.2,2.1,2.7,2.8,11.9,MVP-12
284,Jrue Holiday,2013,22,PHI,NBA,PG,78,78,37.5,7.1,16.5,.431,1.2,3.2,.368,5.9,13.3,.446,.466,2.3,3.1,.752,1.1,3.1,4.2,8.0,1.6,0.4,3.7,2.2,17.7,AS
285,Brook Lopez,2013,24,BRK,NBA,C,74,74,30.4,7.7,14.8,.521,0.0,0.0,.000,7.7,14.8,.522,.521,4.0,5.3,.758,2.8,4.1,6.9,0.9,0.4,2.1,1.8,2.1,19.4,AS
286,Kevin Durant,2012,23,OKC,NBA,SF,66,66,38.6,9.7,19.7,.496,2.0,5.2,.387,7.7,14.4,.535,.547,6.5,7.6,.860,0.6,7.4,8.0,3.5,1.3,1.2,3.8,2.0,28.0,MVP-2
287,Kobe Bryant,2012,33,LAL,NBA,SG,58,58,38.5,9.9,23.0,.430,1.5,4.9,.303,8.4,18.1,.464,.462,6.6,7.8,.845,1.1,4.3,5.4,4.6,1.2,0.3,3.5,1.8,27.9,MVP-4
288,Blake Griffin,2012,22,LAC,NBA,PF,66,66,36.2,8.5,15.5,.549,0.0,0.2,.125,8.5,15.2,.556,.550,3.7,7.1,.521,3.3,7.6,10.9,3.2,0.8,0.7,2.3,3.3,20.7,AS
289,Chris Paul,2012,26,LAC,NBA,PG,60,60,36.4,7.1,14.8,.478,1.3,3.6,.371,5.8,11.3,.511,.522,4.3,5.0,.861,0.7,2.9,3.6,9.1,2.5,0.1,2.1,2.3,19.8,MVP-3
290,Andrew Bynum,2012,24,LAL,NBA,C,60,60,35.2,7.4,13.3,.558,0.0,0.1,.200,7.4,13.2,.560,.558,3.9,5.6,.692,3.2,8.6,11.8,1.4,0.5,1.9,2.5,1.7,18.7,AS
291,Russell Westbrook,2012,23,OKC,NBA,PG,66,66,35.3,8.8,19.2,.457,0.9,3.0,.316,7.8,16.2,.482,.481,5.2,6.3,.823,1.5,3.1,4.6,5.5,1.7,0.3,3.6,2.2,23.6,MVP-12
292,Kevin Love,2012,23,MIN,NBA,PF,55,55,39.0,8.6,19.3,.448,1.9,5.1,.372,6.7,14.1,.475,.497,6.9,8.4,.824,4.1,9.2,13.3,2.0,0.9,0.5,2.3,2.8,26.0,MVP-6
293,Dirk Nowitzki,2012,33,DAL,NBA,PF,62,62,33.5,7.6,16.7,.457,1.3,3.4,.368,6.4,13.3,.481,.495,5.1,5.7,.896,0.7,6.0,6.7,2.2,0.7,0.5,1.9,2.1,21.6,MVP-12
294,Marc Gasol,2012,27,MEM,NBA,C,65,65,36.5,5.5,11.4,.482,0.0,0.2,.083,5.5,11.2,.489,.483,3.6,4.9,.748,1.8,7.1,8.9,3.1,1.0,1.9,1.9,3.1,14.6,DPOY-12
295,Tony Parker,2012,29,SAS,NBA,PG,60,60,32.1,7.1,14.8,.480,0.2,1.0,.230,6.9,13.8,.498,.488,3.8,4.7,.799,0.4,2.5,2.9,7.7,1.0,0.1,2.6,1.3,18.3,MVP-5
296,LaMarcus Aldridge,2012,26,POR,NBA,PF,55,55,36.3,8.8,17.1,.512,0.0,0.2,.182,8.7,16.9,.516,.513,4.1,5.0,.814,2.7,5.3,8.0,2.4,0.9,0.8,2.0,2.8,21.7,AS
297,Steve Nash,2012,37,PHO,NBA,PG,62,62,31.6,4.8,9.0,.532,0.9,2.3,.390,3.9,6.7,.580,.581,2.0,2.3,.894,0.4,2.6,3.0,10.7,0.6,0.1,3.7,0.9,12.5,MVP-9
298,Dwyane Wade,2012,30,MIA,NBA,SG,49,49,33.2,8.5,17.1,.497,0.3,1.1,.268,8.2,15.9,.513,.506,4.8,6.1,.791,1.5,3.3,4.8,4.6,1.7,1.3,2.6,2.2,22.1,MVP-10
299,LeBron James,2012,27,MIA,NBA,SF,62,62,37.5,10.0,18.9,.531,0.9,2.4,.362,9.1,16.5,.556,.554,6.2,8.1,.771,1.5,6.4,7.9,6.2,1.9,0.8,3.4,1.5,27.1,MVP-1
300,Dwight Howard,2012,26,ORL,NBA,C,54,54,38.3,7.7,13.4,.573,0.0,0.1,.000,7.7,13.3,.579,.573,5.2,10.6,.491,3.7,10.8,14.5,1.9,1.5,2.1,3.2,2.9,20.6,MVP-7
301,Carmelo Anthony,2012,27,NYK,NBA,SF,55,55,34.1,8.0,18.6,.430,1.2,3.7,.335,6.8,14.9,.454,.463,5.4,6.7,.804,1.6,4.7,6.3,3.6,1.1,0.4,2.6,2.8,22.6,AS
302,Derrick Rose,2012,23,CHI,NBA,PG,39,39,35.3,7.7,17.8,.435,1.4,4.4,.312,6.4,13.4,.475,.473,5.0,6.1,.812,0.7,2.7,3.4,7.9,0.9,0.7,3.1,1.3,21.8,MVP-11
303,Chris Bosh,2012,27,MIA,NBA,PF,57,57,35.2,6.9,14.2,.487,0.2,0.6,.286,6.7,13.5,.496,.493,4.0,4.9,.821,1.6,6.3,7.9,1.8,0.9,0.8,2.1,2.2,18.0,AS
304,Deron Williams,2012,27,NJN,NBA,PG,55,55,36.3,7.1,17.5,.407,2.1,6.2,.336,5.0,11.3,.446,.467,4.7,5.5,.843,0.4,2.9,3.3,8.7,1.2,0.4,4.0,2.2,21.0,AS
305,Rajon Rondo,2012,25,BOS,NBA,PG,53,53,36.9,4.8,10.8,.448,0.2,0.8,.238,4.6,10.0,.464,.456,2.0,3.4,.597,1.2,3.7,4.8,11.7,1.8,0.1,3.6,1.9,11.9,MVP-8
306,Andre Iguodala,2012,28,PHI,NBA,SF,62,62,35.6,4.6,10.2,.454,1.2,3.1,.394,3.4,7.1,.481,.514,2.0,3.2,.617,0.9,5.2,6.1,5.5,1.7,0.5,1.9,1.5,12.4,DPOY-7
307,Paul Pierce,2012,34,BOS,NBA,SF,61,61,34.0,6.5,14.6,.443,1.6,4.5,.366,4.8,10.1,.476,.499,4.8,5.6,.852,0.6,4.6,5.2,4.5,1.1,0.4,2.8,2.4,19.4,AS
308,Roy Hibbert,2012,25,IND,NBA,C,65,65,29.8,5.1,10.3,.497,0.0,0.0,.000,5.1,10.3,.498,.497,2.6,3.7,.711,3.3,5.5,8.8,1.7,0.5,2.0,2.0,3.0,12.8,AS
309,Luol Deng,2012,26,CHI,NBA,SF,54,54,39.4,5.8,14.0,.412,1.5,4.0,.367,4.3,10.0,.430,.464,2.4,3.1,.770,1.4,5.1,6.5,2.9,1.0,0.7,1.8,1.5,15.3,DPOY-9
310,Kevin Durant,2011,22,OKC,NBA,SF,78,78,38.9,9.1,19.7,.462,1.9,5.3,.350,7.3,14.4,.504,.509,7.6,8.7,.880,0.7,6.1,6.8,2.7,1.1,1.0,2.8,2.0,27.7,MVP-5
311,Kobe Bryant,2011,32,LAL,NBA,SG,82,82,33.9,9.0,20.0,.451,1.4,4.3,.323,7.6,15.6,.487,.487,5.9,7.1,.828,1.0,4.1,5.1,4.7,1.2,0.1,3.0,2.1,25.3,MVP-4
312,Chris Paul,2011,25,NOH,NBA,PG,80,80,36.0,5.4,11.6,.463,0.9,2.3,.388,4.5,9.3,.482,.502,4.2,4.8,.878,0.5,3.6,4.1,9.8,2.4,0.1,2.2,2.5,15.9,MVP-13
313,Carmelo Anthony,2011,26,2TM,NBA,SF,77,77,35.7,8.9,19.5,.455,1.2,3.3,.378,7.6,16.3,.470,.487,6.6,7.9,.838,1.5,5.8,7.3,2.9,0.9,0.6,2.7,2.9,25.6,AS
314,Tim Duncan,2011,34,SAS,NBA,C,76,76,28.4,5.5,11.0,.500,0.0,0.1,.000,5.5,11.0,.502,.500,2.4,3.4,.716,2.2,6.7,8.9,2.7,0.7,1.9,1.6,1.6,13.4,DPOY-17
315,Pau Gasol,2011,30,LAL,NBA,C,82,82,37.0,7.2,13.7,.529,0.0,0.0,.333,7.2,13.6,.530,.530,4.3,5.2,.823,3.3,6.9,10.2,3.3,0.6,1.6,1.7,2.5,18.8,AS
316,Manu Ginóbili,2011,33,SAS,NBA,SG,80,79,30.3,5.5,12.7,.433,1.9,5.5,.349,3.6,7.2,.497,.509,4.5,5.1,.871,0.5,3.2,3.7,4.9,1.5,0.4,2.2,2.0,17.4,MVP-8
317,Deron Williams,2011,26,2TM,NBA,PG,65,65,37.9,6.6,15.0,.439,1.6,4.9,.331,5.0,10.1,.491,.493,5.4,6.3,.845,0.6,3.4,4.0,10.3,1.2,0.2,3.5,2.9,20.1,AS
318,Blake Griffin,2011,21,LAC,NBA,PF,82,82,38.0,8.5,16.8,.506,0.1,0.3,.292,8.4,16.5,.510,.508,5.4,8.5,.642,3.3,8.8,12.1,3.8,0.8,0.5,2.7,3.1,22.5,MVP-10
319,Dirk Nowitzki,2011,32,DAL,NBA,PF,73,73,34.3,8.4,16.2,.517,0.9,2.3,.393,7.5,13.8,.538,.545,5.4,6.1,.892,0.7,6.3,7.0,2.6,0.5,0.6,1.9,2.4,23.0,MVP-6
320,Russell Westbrook,2011,22,OKC,NBA,PG,82,82,34.7,7.5,17.0,.442,0.4,1.3,.330,7.1,15.7,.451,.454,6.5,7.7,.842,1.5,3.1,4.6,8.2,1.9,0.4,3.9,2.5,21.9,AS
321,Kevin Love,2011,22,MIN,NBA,PF,73,73,35.8,6.6,14.1,.470,1.2,2.9,.417,5.4,11.2,.483,.513,5.8,6.8,.850,4.5,10.7,15.2,2.5,0.6,0.4,2.1,2.0,20.2,MIP-1
322,LeBron James,2011,26,MIA,NBA,SF,79,79,38.8,9.6,18.8,.510,1.2,3.5,.330,8.4,15.3,.552,.541,6.4,8.4,.759,1.0,6.5,7.5,7.0,1.6,0.6,3.6,2.1,26.7,MVP-3
323,Derrick Rose,2011,22,CHI,NBA,PG,81,81,37.4,8.8,19.7,.445,1.6,4.8,.332,7.2,15.0,.481,.485,5.9,6.9,.858,1.0,3.1,4.1,7.7,1.0,0.6,3.4,1.7,25.0,MVP-1
324,Amar'e Stoudemire,2011,28,NYK,NBA,C,78,78,36.8,9.5,19.0,.502,0.1,0.3,.435,9.4,18.7,.503,.505,6.1,7.7,.792,2.5,5.6,8.2,2.6,0.9,1.9,3.2,3.5,25.3,MVP-9
325,Dwight Howard,2011,25,ORL,NBA,C,78,78,37.6,7.9,13.4,.593,0.0,0.1,.000,7.9,13.3,.597,.593,7.0,11.7,.596,4.0,10.1,14.1,1.4,1.4,2.4,3.6,3.3,22.9,MVP-2
326,Dwyane Wade,2011,29,MIA,NBA,SG,76,76,37.1,9.1,18.2,.500,0.8,2.7,.306,8.3,15.5,.534,.523,6.5,8.6,.758,1.6,4.8,6.4,4.6,1.5,1.1,3.1,2.6,25.5,MVP-7
327,Chris Bosh,2011,26,MIA,NBA,PF,77,77,36.3,6.8,13.7,.496,0.1,0.3,.240,6.7,13.4,.502,.499,5.0,6.1,.815,1.8,6.5,8.3,1.9,0.8,0.6,1.8,2.2,18.7,AS
328,Rajon Rondo,2011,24,BOS,NBA,PG,68,68,37.2,4.7,9.9,.475,0.1,0.6,.233,4.5,9.2,.491,.482,1.1,1.9,.568,1.3,3.1,4.4,11.2,2.3,0.2,3.4,1.8,10.6,MVP-10
329,Joe Johnson,2011,29,ATL,NBA,SG,72,72,35.5,7.1,16.1,.443,1.2,4.2,.297,5.9,12.0,.494,.481,2.7,3.4,.802,0.8,3.2,4.0,4.7,0.7,0.1,2.0,1.8,18.2,AS
330,Ray Allen,2011,35,BOS,NBA,SG,80,80,36.1,6.0,12.2,.491,2.1,4.7,.444,3.9,7.5,.520,.577,2.4,2.7,.881,0.6,2.8,3.4,2.7,1.0,0.2,1.5,1.8,16.5,AS
331,Paul Pierce,2011,33,BOS,NBA,SF,80,80,34.7,6.3,12.8,.497,1.4,3.7,.374,5.0,9.1,.547,.551,4.8,5.6,.860,0.4,5.0,5.4,3.3,1.0,0.6,2.1,2.9,18.9,AS
332,Al Horford,2011,24,ATL,NBA,C,77,77,35.1,6.7,12.0,.557,0.0,0.1,.500,6.6,11.9,.557,.558,1.9,2.4,.798,2.4,7.0,9.3,3.5,0.8,1.0,1.5,2.5,15.3,AS
333,Kevin Garnett,2011,34,BOS,NBA,PF,71,71,31.3,6.1,11.6,.528,0.0,0.1,.200,6.1,11.5,.530,.529,2.6,3.1,.862,1.2,7.7,8.9,2.4,1.3,0.8,1.6,2.1,14.9,DPOY-2
334,LeBron James,2010,25,CLE,NBA,SF,76,76,39.0,10.1,20.1,.503,1.7,5.1,.333,8.4,15.0,.560,.545,7.8,10.2,.767,0.9,6.4,7.3,8.6,1.6,1.0,3.4,1.6,29.7,MVP-1
335,Dwyane Wade,2010,28,MIA,NBA,SG,77,77,36.3,9.3,19.6,.476,0.9,3.2,.300,8.4,16.5,.509,.500,6.9,9.1,.761,1.4,3.5,4.8,6.5,1.8,1.1,3.3,2.4,26.6,MVP-5
336,Dwight Howard,2010,24,ORL,NBA,C,82,82,34.7,6.2,10.2,.612,0.0,0.1,.000,6.2,10.1,.617,.612,5.9,10.0,.592,3.5,9.7,13.2,1.8,0.9,2.8,3.3,3.5,18.3,MVP-4
337,Joe Johnson,2010,28,ATL,NBA,SG,76,76,38.0,8.4,18.2,.458,1.7,4.6,.369,6.7,13.6,.488,.505,2.9,3.5,.818,1.0,3.7,4.6,4.9,1.1,0.1,1.9,1.9,21.3,MVP-12
338,Kevin Garnett,2010,33,BOS,NBA,PF,69,69,29.9,5.8,11.2,.521,0.0,0.1,.200,5.8,11.1,.523,.521,2.7,3.2,.837,1.1,6.2,7.3,2.7,1.0,0.8,1.5,2.5,14.3,AS
339,Chris Bosh,2010,25,TOR,NBA,C,70,70,36.1,8.6,16.5,.518,0.1,0.3,.364,8.5,16.2,.521,.522,6.7,8.4,.797,2.9,7.9,10.8,2.4,0.6,1.0,2.4,2.4,24.0,MVP-12
340,Rajon Rondo,2010,23,BOS,NBA,PG,81,81,36.6,5.7,11.2,.508,0.2,1.0,.213,5.5,10.2,.536,.517,2.2,3.5,.621,1.2,3.2,4.4,9.8,2.3,0.1,3.0,2.4,13.7,DPOY-5
341,Gerald Wallace,2010,27,CHA,NBA,SF,76,76,41.0,6.0,12.4,.484,0.7,1.8,.371,5.3,10.6,.503,.511,5.6,7.2,.776,2.0,8.1,10.0,2.1,1.5,1.1,2.3,2.6,18.2,DPOY-3
342,Derrick Rose,2010,21,CHI,NBA,PG,78,78,36.8,8.6,17.6,.489,0.2,0.8,.267,8.4,16.8,.500,.495,3.3,4.3,.766,0.8,2.9,3.8,6.0,0.7,0.3,2.8,1.2,20.8,AS
343,Al Horford,2010,23,ATL,NBA,C,81,81,35.1,5.8,10.5,.551,0.0,0.0,1.000,5.8,10.4,.551,.552,2.6,3.3,.789,2.9,7.0,9.9,2.3,0.7,1.1,1.5,2.8,14.2,AS
344,David Lee,2010,26,NYK,NBA,C,81,81,37.3,8.5,15.5,.545,0.0,0.1,.000,8.5,15.4,.549,.545,3.3,4.1,.812,2.8,8.9,11.7,3.6,1.0,0.5,2.3,3.2,20.2,DPOY-17
345,Paul Pierce,2010,32,BOS,NBA,SF,71,71,34.0,5.8,12.2,.472,1.5,3.7,.414,4.2,8.5,.497,.535,5.2,6.1,.852,0.5,3.8,4.4,3.1,1.2,0.4,2.3,2.8,18.3,AS
346,Carmelo Anthony,2010,25,DEN,NBA,SF,69,69,38.2,10.0,21.8,.458,0.9,2.7,.316,9.1,19.1,.478,.478,7.4,8.9,.830,2.2,4.4,6.6,3.2,1.3,0.4,3.0,3.3,28.2,MVP-6
347,Dirk Nowitzki,2010,31,DAL,NBA,PF,81,80,37.5,8.9,18.5,.481,0.6,1.5,.421,8.3,17.0,.487,.498,6.6,7.2,.915,1.0,6.7,7.7,2.7,0.9,1.0,1.8,2.6,25.0,MVP-7
348,Steve Nash,2010,35,PHO,NBA,PG,81,81,32.8,6.2,12.2,.507,1.5,3.6,.426,4.6,8.6,.540,.570,2.6,2.8,.938,0.4,2.9,3.3,11.0,0.5,0.1,3.6,1.3,16.5,MVP-8
349,Amar'e Stoudemire,2010,27,PHO,NBA,PF,82,82,34.6,8.6,15.4,.557,0.0,0.1,.167,8.6,15.3,.559,.557,5.9,7.7,.771,2.8,6.1,8.9,1.0,0.6,1.0,2.6,3.4,23.1,MVP-10
350,Tim Duncan,2010,33,SAS,NBA,C,78,77,31.3,7.2,13.9,.518,0.0,0.1,.182,7.2,13.7,.522,.519,3.5,4.8,.725,2.8,7.3,10.1,3.2,0.6,1.5,1.8,1.9,17.9,DPOY-14
351,Deron Williams,2010,25,UTA,NBA,PG,76,76,36.9,6.5,13.9,.469,1.3,3.4,.371,5.2,10.4,.501,.515,4.4,5.5,.801,0.7,3.3,4.0,10.5,1.3,0.2,3.3,2.7,18.7,MVP-9
352,Chauncey Billups,2010,33,DEN,NBA,PG,73,73,34.1,5.5,13.2,.418,2.2,5.6,.386,3.4,7.6,.441,.499,6.4,7.0,.910,0.3,2.8,3.1,5.6,1.1,0.1,2.4,2.1,19.5,MVP-12
353,Pau Gasol,2010,29,LAL,NBA,C,65,65,37.0,7.0,13.0,.536,0.0,0.1,.000,7.0,12.9,.539,.536,4.4,5.6,.790,3.7,7.6,11.3,3.4,0.6,1.7,2.2,2.3,18.3,AS
354,Kevin Durant,2010,21,OKC,NBA,SF,82,82,39.5,9.7,20.3,.476,1.6,4.3,.365,8.1,16.1,.506,.514,9.2,10.2,.900,1.3,6.3,7.6,2.8,1.4,1.0,3.3,2.1,30.1,MVP-2
355,Zach Randolph,2010,28,MEM,NBA,PF,81,81,37.7,8.0,16.5,.488,0.2,0.6,.288,7.9,15.9,.496,.494,4.5,5.7,.778,4.1,7.7,11.7,1.8,1.0,0.4,2.1,2.8,20.8,AS
356,Chris Kaman,2010,27,LAC,NBA,C,76,76,34.3,7.8,15.8,.490,0.0,0.1,.000,7.8,15.7,.492,.490,3.0,4.0,.749,2.4,6.8,9.3,1.6,0.5,1.2,2.9,2.8,18.5,AS
357,Jason Kidd,2010,36,DAL,NBA,PG,80,80,36.0,3.6,8.4,.423,2.2,5.2,.425,1.4,3.2,.420,.554,1.0,1.2,.808,0.6,5.0,5.6,9.1,1.8,0.4,2.4,1.8,10.3,AS
358,Kobe Bryant,2009,30,LAL,NBA,SG,82,82,36.1,9.8,20.9,.467,1.4,4.1,.351,8.3,16.8,.496,.502,5.9,6.9,.856,1.1,4.1,5.2,4.9,1.5,0.5,2.6,2.3,26.8,MVP-2
359,Chris Paul,2009,23,NOH,NBA,PG,78,78,38.5,8.1,16.1,.503,0.8,2.3,.364,7.3,13.8,.525,.528,5.8,6.7,.868,0.9,4.7,5.5,11.0,2.8,0.1,3.0,2.7,22.8,MVP-5
360,Amar'e Stoudemire,2009,26,PHO,NBA,PF,53,53,36.8,7.6,14.1,.539,0.1,0.1,.429,7.6,14.0,.540,.541,6.1,7.3,.835,2.2,5.9,8.1,2.0,0.9,1.1,2.8,3.1,21.4,AS
361,Tim Duncan,2009,32,SAS,NBA,C,75,75,33.7,7.4,14.8,.504,0.0,0.0,.000,7.4,14.7,.505,.504,4.5,6.4,.692,2.7,8.0,10.7,3.5,0.5,1.7,2.2,2.3,19.3,MVP-11
362,Yao Ming,2009,28,HOU,NBA,C,77,77,33.6,7.4,13.4,.548,0.0,0.0,1.000,7.3,13.4,.548,.549,4.9,5.7,.866,2.6,7.2,9.9,1.8,0.4,1.9,3.0,3.3,19.7,MVP-12
363,Brandon Roy,2009,24,POR,NBA,SG,78,78,37.2,8.1,16.9,.480,1.1,2.8,.377,7.1,14.1,.501,.512,5.3,6.5,.824,1.3,3.4,4.7,5.1,1.1,0.3,1.9,1.6,22.6,MVP-9
364,Tony Parker,2009,26,SAS,NBA,PG,72,71,34.1,8.9,17.5,.506,0.3,0.9,.292,8.6,16.6,.518,.513,3.9,5.0,.782,0.4,2.7,3.1,6.9,0.9,0.1,2.6,1.5,22.0,MVP-8
365,Chauncey Billups,2009,32,2TM,NBA,PG,79,79,35.3,5.2,12.4,.418,2.1,5.0,.408,3.1,7.4,.425,.501,5.3,5.8,.913,0.4,2.6,3.0,6.4,1.2,0.2,2.2,2.0,17.7,MVP-6
366,Pau Gasol,2009,28,LAL,NBA,C,81,81,37.0,7.3,12.9,.567,0.0,0.0,.500,7.3,12.9,.567,.567,4.2,5.4,.781,3.2,6.4,9.6,3.5,0.6,1.0,1.9,2.1,18.9,AS
367,David West,2009,28,NOH,NBA,PF,76,76,39.2,8.0,17.0,.472,0.1,0.3,.240,7.9,16.7,.477,.474,4.8,5.5,.884,2.1,6.4,8.5,2.3,0.6,0.9,2.1,2.7,21.0,AS
368,Dirk Nowitzki,2009,30,DAL,NBA,PF,81,81,37.7,9.6,20.0,.479,0.8,2.1,.359,8.8,17.9,.493,.498,6.0,6.7,.890,1.1,7.3,8.4,2.4,0.8,0.8,1.9,2.2,25.9,MVP-10
369,Shaquille O'Neal,2009,36,PHO,NBA,C,75,75,30.0,6.8,11.2,.609,0.0,0.0,.000,6.8,11.2,.610,.609,4.1,6.9,.595,2.5,5.9,8.4,1.7,0.7,1.4,2.2,3.4,17.8,AS
370,Dwight Howard,2009,23,ORL,NBA,C,79,79,35.7,7.1,12.4,.572,0.0,0.0,.000,7.1,12.4,.573,.572,6.4,10.7,.594,4.3,9.6,13.8,1.4,1.0,2.9,3.0,3.4,20.6,MVP-4
371,LeBron James,2009,24,CLE,NBA,SF,81,81,37.7,9.7,19.9,.489,1.6,4.7,.344,8.1,15.2,.535,.530,7.3,9.4,.780,1.3,6.3,7.6,7.2,1.7,1.1,3.0,1.7,28.4,MVP-1
372,Dwyane Wade,2009,27,MIA,NBA,SG,79,79,38.6,10.8,22.0,.491,1.1,3.5,.317,9.7,18.5,.524,.516,7.5,9.8,.765,1.1,3.9,5.0,7.5,2.2,1.3,3.4,2.3,30.2,MVP-3
373,Kevin Garnett,2009,32,BOS,NBA,PF,57,57,31.1,6.9,13.0,.531,0.0,0.1,.250,6.9,12.8,.534,.532,1.9,2.3,.841,1.4,7.1,8.5,2.5,1.1,1.2,1.6,2.2,15.8,DPOY-8
374,Allen Iverson,2009,33,2TM,NBA,SG,57,53,36.7,6.1,14.6,.417,0.5,1.7,.283,5.6,12.9,.435,.434,4.8,6.1,.781,0.5,2.5,3.0,5.0,1.5,0.1,2.6,1.5,17.5,AS
375,Joe Johnson,2009,27,ATL,NBA,SG,79,79,39.5,7.8,18.0,.437,1.9,5.2,.360,6.0,12.7,.468,.489,3.8,4.6,.826,0.8,3.6,4.4,5.8,1.1,0.2,2.5,2.2,21.4,AS
376,Rashard Lewis,2009,29,ORL,NBA,PF,79,79,36.2,6.1,13.8,.439,2.8,7.0,.397,3.3,6.8,.482,.540,2.8,3.4,.836,1.2,4.6,5.7,2.6,1.0,0.6,2.0,2.5,17.7,AS
377,Paul Pierce,2009,31,BOS,NBA,SF,81,81,37.5,6.7,14.6,.457,1.5,3.8,.391,5.2,10.8,.480,.508,5.7,6.8,.830,0.7,5.0,5.6,3.6,1.0,0.3,2.8,2.7,20.5,MVP-7
378,Ray Allen,2009,33,BOS,NBA,SG,79,79,36.4,6.3,13.2,.480,2.5,6.2,.409,3.8,7.0,.542,.575,3.0,3.2,.952,0.8,2.7,3.5,2.8,0.9,0.2,1.7,2.0,18.2,AS
379,Devin Harris,2009,25,NJN,NBA,PG,69,69,36.1,6.6,15.1,.438,0.9,3.2,.291,5.7,11.9,.477,.469,7.2,8.8,.820,0.4,2.9,3.3,6.9,1.7,0.2,3.1,2.4,21.3,AS
380,Mo Williams,2009,26,CLE,NBA,PG,81,81,35.0,6.5,13.9,.467,2.3,5.2,.436,4.2,8.7,.486,.548,2.6,2.8,.912,0.6,2.9,3.4,4.1,0.9,0.1,2.2,2.7,17.8,AS
381,Danny Granger,2009,25,IND,NBA,SF,67,66,36.2,8.5,19.1,.447,2.7,6.7,.404,5.8,12.3,.470,.518,6.0,6.9,.878,0.7,4.4,5.1,2.7,1.0,1.4,2.5,3.1,25.8,MIP-1
382,Dwight Howard,2008,22,ORL,NBA,C,82,82,37.7,7.1,11.9,.599,0.0,0.0,.000,7.1,11.8,.601,.599,6.5,10.9,.590,3.4,10.8,14.2,1.3,0.9,2.1,3.2,3.3,20.7,MVP-5
383,LeBron James,2008,23,CLE,NBA,SF,75,74,40.4,10.6,21.9,.484,1.5,4.8,.315,9.1,17.1,.531,.518,7.3,10.3,.712,1.8,6.1,7.9,7.2,1.8,1.1,3.4,2.2,30.0,MVP-4
384,Jason Kidd,2008,34,2TM,NBA,PG,80,80,36.3,3.8,9.9,.385,1.5,3.9,.381,2.3,6.0,.387,.460,1.7,2.1,.818,1.2,6.3,7.5,10.1,1.7,0.3,3.3,2.1,10.8,AS
385,Dwyane Wade,2008,26,MIA,NBA,SG,51,49,38.3,8.6,18.4,.469,0.4,1.5,.286,8.2,16.9,.485,.480,6.9,9.2,.758,0.9,3.3,4.2,6.9,1.7,0.7,4.4,2.7,24.6,AS
386,Chris Bosh,2008,23,TOR,NBA,C,67,67,36.2,7.6,15.3,.494,0.1,0.4,.400,7.4,15.0,.496,.499,7.0,8.3,.844,2.6,6.1,8.7,2.6,0.9,1.0,2.3,2.3,22.3,AS
387,Ray Allen,2008,32,BOS,NBA,SG,73,73,35.9,6.0,13.5,.445,2.5,6.2,.398,3.5,7.3,.485,.537,2.9,3.2,.907,1.0,2.6,3.7,3.1,0.9,0.2,1.7,2.0,17.4,AS
388,Chauncey Billups,2008,31,DET,NBA,PG,78,78,32.3,5.0,11.2,.448,1.8,4.4,.401,3.3,6.9,.479,.526,5.1,5.6,.918,0.5,2.2,2.7,6.8,1.3,0.2,2.1,1.7,17.0,DPOY-16
389,Richard Hamilton,2008,29,DET,NBA,SG,72,72,33.7,6.9,14.3,.484,0.9,2.0,.440,6.1,12.3,.492,.515,2.6,3.1,.833,1.0,2.2,3.3,4.2,1.0,0.1,1.8,2.4,17.3,DPOY-13
390,Rasheed Wallace,2008,33,DET,NBA,C,77,76,30.5,4.9,11.3,.432,1.5,4.1,.356,3.4,7.2,.476,.497,1.5,1.9,.767,1.1,5.5,6.6,1.8,1.2,1.7,1.1,2.8,12.7,MVP-14
391,Joe Johnson,2008,26,ATL,NBA,SG,82,82,40.8,7.9,18.3,.432,2.1,5.4,.381,5.8,12.8,.454,.489,3.9,4.6,.834,1.0,3.5,4.5,5.8,1.0,0.2,2.7,2.0,21.7,AS
392,Paul Pierce,2008,30,BOS,NBA,SF,80,80,35.9,6.4,13.7,.464,1.8,4.6,.392,4.6,9.2,.499,.529,5.1,6.1,.843,0.7,4.5,5.1,4.5,1.3,0.5,2.8,2.5,19.6,MVP-14
393,Antawn Jamison,2008,31,WAS,NBA,PF,79,79,38.7,7.8,17.9,.436,1.5,4.5,.339,6.3,13.5,.468,.478,4.2,5.5,.760,2.7,7.5,10.2,1.5,1.3,0.4,1.4,2.5,21.4,MVP-14
394,Tim Duncan,2008,31,SAS,NBA,C,78,78,34.0,7.5,15.1,.497,0.0,0.1,.000,7.5,15.1,.498,.497,4.3,5.9,.730,3.0,8.3,11.3,2.8,0.7,1.9,2.3,2.4,19.3,MVP-7
395,Carmelo Anthony,2008,23,DEN,NBA,SF,77,77,36.4,9.5,19.2,.492,0.8,2.1,.354,8.7,17.1,.509,.511,6.0,7.7,.786,2.3,5.1,7.4,3.4,1.3,0.5,3.3,3.3,25.7,MVP-13
396,Allen Iverson,2008,32,DEN,NBA,SG,82,82,41.8,8.7,19.0,.458,1.2,3.4,.345,7.5,15.6,.482,.488,7.9,9.7,.809,0.6,2.4,3.0,7.1,2.0,0.1,3.0,1.3,26.4,AS
397,Yao Ming,2008,27,HOU,NBA,C,55,55,37.2,7.9,15.5,.507,0.0,0.0,.000,7.9,15.5,.508,.507,6.3,7.4,.850,3.1,7.7,10.8,2.3,0.5,2.0,3.3,3.1,22.0,AS
398,Kobe Bryant,2008,29,LAL,NBA,SG,82,82,38.9,9.5,20.6,.459,1.8,5.1,.361,7.6,15.5,.490,.503,7.6,9.0,.840,1.1,5.2,6.3,5.4,1.8,0.5,3.1,2.8,28.3,MVP-1
399,Brandon Roy,2008,23,POR,NBA,SG,74,74,37.7,7.2,15.8,.454,1.0,2.9,.340,6.2,12.9,.480,.485,3.8,5.0,.753,1.1,3.6,4.7,5.8,1.1,0.2,1.8,2.0,19.1,AS
400,Chris Paul,2008,22,NOH,NBA,PG,80,80,37.6,7.9,16.1,.488,1.2,3.1,.369,6.7,13.0,.516,.524,4.2,4.9,.851,0.8,3.2,4.0,11.6,2.7,0.1,2.5,2.3,21.1,MVP-2
401,Dirk Nowitzki,2008,29,DAL,NBA,PF,77,77,36.0,8.2,17.1,.479,1.0,2.9,.359,7.2,14.2,.504,.510,6.2,7.1,.879,1.2,7.3,8.6,3.5,0.7,0.9,2.1,2.6,23.6,MVP-11
402,Amar'e Stoudemire,2008,25,PHO,NBA,C,79,79,33.9,9.0,15.3,.590,0.1,0.4,.161,9.0,14.9,.601,.592,7.0,8.7,.805,2.3,6.8,9.1,1.5,0.8,2.1,2.2,3.7,25.2,MVP-6
403,Steve Nash,2008,33,PHO,NBA,PG,81,81,34.3,6.0,11.9,.504,2.2,4.7,.470,3.8,7.2,.527,.597,2.7,3.0,.906,0.3,3.1,3.5,11.1,0.7,0.1,3.6,1.4,16.9,MVP-9
404,Carlos Boozer,2008,26,UTA,NBA,PF,81,81,34.9,8.8,16.0,.547,0.0,0.0,.000,8.8,16.0,.547,.547,3.6,4.9,.738,2.4,8.0,10.4,2.9,1.2,0.5,2.6,3.6,21.1,MVP-14
405,David West,2008,27,NOH,NBA,PF,76,76,37.8,8.3,17.2,.482,0.1,0.3,.240,8.2,16.8,.487,.484,3.9,4.6,.850,2.4,6.5,8.9,2.3,0.8,1.3,2.2,2.7,20.6,AS
406,Kobe Bryant,2007,28,LAL,NBA,SG,77,77,40.8,10.6,22.8,.463,1.8,5.2,.344,8.8,17.6,.497,.502,8.7,10.0,.868,1.0,4.7,5.7,5.4,1.4,0.5,3.3,2.7,31.6,MVP-3
407,Tracy McGrady,2007,27,HOU,NBA,SG,71,71,35.8,9.0,20.8,.431,1.8,5.4,.331,7.2,15.5,.466,.474,4.9,6.9,.707,0.8,4.5,5.3,6.5,1.3,0.5,3.0,1.9,24.6,MVP-6
408,Dirk Nowitzki,2007,28,DAL,NBA,PF,78,78,36.2,8.6,17.2,.502,0.9,2.2,.416,7.7,15.0,.515,.529,6.4,7.1,.904,1.6,7.3,8.9,3.4,0.7,0.8,2.1,2.2,24.6,MVP-1
409,Tim Duncan,2007,30,SAS,NBA,C,80,80,34.1,7.7,14.1,.546,0.0,0.1,.111,7.7,14.0,.550,.547,4.5,7.1,.637,2.7,7.9,10.6,3.4,0.8,2.4,2.8,2.5,20.0,MVP-4
410,Kevin Garnett,2007,30,MIN,NBA,PF,76,76,39.4,8.4,17.6,.476,0.2,0.7,.214,8.2,16.9,.487,.480,5.5,6.6,.835,2.4,10.4,12.8,4.1,1.2,1.7,2.7,2.4,22.4,MVP-9
411,Carmelo Anthony,2007,22,DEN,NBA,SF,65,65,38.2,10.6,22.4,.476,0.6,2.3,.268,10.0,20.1,.499,.489,7.1,8.7,.808,2.2,3.8,6.0,3.8,1.2,0.4,3.6,3.1,28.9,MVP-15
412,Tony Parker,2007,24,SAS,NBA,PG,77,77,32.5,7.4,14.2,.520,0.2,0.5,.395,7.2,13.7,.525,.527,3.6,4.5,.783,0.4,2.8,3.2,5.5,1.1,0.1,2.5,1.8,18.6,MVP-15
413,Shawn Marion,2007,28,PHO,NBA,SF,80,80,37.6,7.0,13.4,.524,1.0,3.2,.317,6.0,10.2,.587,.561,2.5,3.1,.810,2.2,7.7,9.8,1.7,2.0,1.5,1.4,2.7,17.5,DPOY-4
414,Ray Allen,2007,31,SEA,NBA,SG,55,55,40.3,9.2,21.0,.438,3.0,8.1,.372,6.2,12.9,.479,.510,5.1,5.6,.903,1.0,3.5,4.5,4.1,1.5,0.2,2.8,2.1,26.4,AS
415,Amar'e Stoudemire,2007,24,PHO,NBA,C,82,78,32.8,7.4,12.9,.575,0.0,0.0,.000,7.4,12.8,.577,.575,5.6,7.1,.781,2.7,6.9,9.6,1.0,1.0,1.3,2.8,3.6,20.4,MVP-14
416,Josh Howard,2007,26,DAL,NBA,SF,70,69,35.1,7.0,15.4,.459,1.3,3.4,.385,5.7,11.9,.480,.501,3.5,4.2,.827,1.9,4.9,6.8,1.8,1.2,0.8,1.8,2.6,18.9,DPOY-18
417,Mehmet Okur,2007,27,UTA,NBA,C,80,80,33.3,6.1,13.3,.462,1.6,4.2,.384,4.5,9.1,.498,.523,3.7,4.8,.765,2.0,5.2,7.2,2.0,0.5,0.5,1.6,3.2,17.6,AS
418,LeBron James,2007,22,CLE,NBA,SF,78,78,40.9,9.9,20.8,.476,1.3,4.0,.319,8.6,16.8,.513,.507,6.3,9.0,.698,1.1,5.7,6.7,6.0,1.6,0.7,3.2,2.2,27.3,MVP-5
419,Dwyane Wade,2007,25,MIA,NBA,SG,51,50,37.9,9.3,18.9,.491,0.4,1.5,.266,8.8,17.3,.511,.502,8.5,10.5,.807,1.0,3.7,4.7,7.5,2.1,1.2,4.2,2.3,27.4,MVP-12
420,Chris Bosh,2007,22,TOR,NBA,C,69,69,38.5,7.9,15.9,.496,0.2,0.5,.343,7.7,15.3,.501,.502,6.7,8.6,.785,2.7,8.0,10.7,2.5,0.6,1.3,2.6,2.4,22.6,MVP-7
421,Gilbert Arenas,2007,25,WAS,NBA,PG,74,73,39.8,8.7,20.9,.418,2.8,7.9,.351,6.0,13.0,.459,.484,8.2,9.7,.844,0.8,3.7,4.6,6.0,1.9,0.2,3.2,3.4,28.4,MVP-8
422,Shaquille O'Neal,2007,34,MIA,NBA,C,40,39,28.4,7.1,12.0,.591,0.0,0.0,None,7.1,12.0,.591,.591,3.1,7.4,.422,2.4,5.0,7.4,2.0,0.2,1.4,2.4,3.5,17.3,MVP-12
423,Jermaine O'Neal,2007,28,IND,NBA,C,69,69,35.6,7.2,16.5,.436,0.0,0.1,.000,7.2,16.4,.439,.436,5.0,6.5,.767,2.2,7.4,9.6,2.4,0.7,2.6,2.9,3.4,19.4,DPOY-10
424,Dwight Howard,2007,21,ORL,NBA,C,82,82,36.9,6.4,10.6,.603,0.0,0.0,.500,6.4,10.6,.603,.603,4.8,8.1,.586,3.5,8.8,12.3,1.9,0.9,1.9,3.9,3.0,17.6,DPOY-16
425,Joe Johnson,2007,25,ATL,NBA,SG,57,57,41.4,9.4,20.0,.471,2.1,5.5,.381,7.3,14.5,.504,.523,4.1,5.5,.748,0.9,3.3,4.2,4.4,1.1,0.2,3.1,2.0,25.0,AS
426,Chauncey Billups,2007,30,DET,NBA,PG,70,70,36.2,5.0,11.6,.427,1.6,4.5,.345,3.4,7.1,.479,.494,5.5,6.2,.883,0.3,3.1,3.4,7.2,1.2,0.2,2.0,2.3,17.0,MVP-11
427,Vince Carter,2007,30,NJN,NBA,SG,82,82,38.1,8.9,19.5,.454,1.9,5.3,.357,7.0,14.2,.491,.503,5.6,7.0,.802,1.4,4.6,6.0,4.8,1.0,0.4,2.6,3.2,25.2,AS
428,Caron Butler,2007,26,WAS,NBA,SF,63,63,39.3,7.2,15.5,.463,0.3,1.1,.250,6.9,14.3,.480,.472,4.5,5.2,.863,2.3,5.1,7.4,3.7,2.1,0.3,2.9,3.0,19.1,DPOY-21
429,Richard Hamilton,2007,28,DET,NBA,SG,75,75,36.8,7.3,15.6,.468,0.6,1.7,.341,6.7,13.9,.483,.486,4.6,5.4,.861,1.0,2.8,3.8,3.8,0.8,0.2,2.1,3.1,19.8,AS
430,Dwyane Wade,2006,24,MIA,NBA,SG,75,75,38.6,9.3,18.8,.495,0.2,1.0,.171,9.1,17.8,.513,.499,8.4,10.7,.783,1.4,4.3,5.7,6.7,1.9,0.8,3.6,2.9,27.2,MVP-6
431,LeBron James,2006,21,CLE,NBA,SF,79,79,42.5,11.1,23.1,.480,1.6,4.8,.335,9.5,18.3,.518,.515,7.6,10.3,.738,0.9,6.1,7.0,6.6,1.6,0.8,3.3,2.3,31.4,MVP-2
432,Allen Iverson,2006,30,PHI,NBA,PG,72,72,43.1,11.3,25.3,.447,1.0,3.1,.323,10.3,22.2,.465,.467,9.4,11.5,.814,0.6,2.6,3.2,7.4,1.9,0.1,3.4,1.7,33.0,MVP-10
433,Shaquille O'Neal,2006,33,MIA,NBA,C,59,58,30.6,8.1,13.6,.600,0.0,0.0,None,8.1,13.6,.600,.600,3.7,8.0,.469,2.9,6.3,9.2,1.9,0.4,1.8,2.8,3.9,20.0,AS
434,Vince Carter,2006,29,NJN,NBA,SG,79,79,36.8,8.3,19.2,.430,1.6,4.6,.341,6.7,14.6,.459,.471,6.1,7.6,.799,1.7,4.1,5.8,4.3,1.2,0.7,2.7,3.0,24.2,AS
435,Ben Wallace,2006,31,DET,NBA,C,82,82,35.2,2.9,5.7,.510,0.0,0.0,.000,2.9,5.6,.514,.510,1.5,3.6,.416,3.7,7.6,11.3,1.9,1.8,2.2,1.1,2.0,7.3,DPOY-1
436,Rasheed Wallace,2006,31,DET,NBA,PF,80,80,34.8,5.7,13.3,.430,1.9,5.4,.357,3.8,7.9,.480,.503,1.7,2.3,.743,1.1,5.7,6.8,2.3,1.0,1.6,1.1,2.9,15.1,DPOY-13
437,Chris Bosh,2006,21,TOR,NBA,C,70,70,39.3,7.8,15.5,.505,0.0,0.2,.000,7.8,15.3,.511,.505,6.8,8.3,.816,2.9,6.3,9.2,2.6,0.7,1.1,2.2,3.0,22.5,AS
438,Chauncey Billups,2006,29,DET,NBA,PG,81,81,36.1,5.2,12.5,.418,2.3,5.2,.433,3.0,7.2,.407,.509,5.7,6.4,.894,0.5,2.6,3.1,8.6,0.9,0.1,2.1,2.0,18.5,MVP-5
439,Paul Pierce,2006,28,BOS,NBA,SF,79,79,39.0,8.7,18.5,.471,1.4,4.0,.354,7.3,14.5,.503,.509,7.9,10.3,.772,1.0,5.7,6.7,4.7,1.4,0.4,3.5,2.8,26.8,AS
440,Richard Hamilton,2006,27,DET,NBA,SG,80,80,35.3,8.1,16.5,.491,0.7,1.5,.458,7.4,15.0,.494,.512,3.2,3.8,.845,1.1,2.2,3.2,3.4,0.7,0.2,2.2,2.6,20.1,AS
441,Gilbert Arenas,2006,24,WAS,NBA,PG,80,80,42.3,9.3,20.9,.447,2.5,6.8,.369,6.8,14.1,.485,.507,8.2,10.0,.820,0.7,2.8,3.5,6.1,2.0,0.3,3.7,3.6,29.3,AS
442,Steve Nash,2006,31,PHO,NBA,PG,79,79,35.4,6.8,13.4,.512,1.9,4.3,.439,4.9,9.0,.548,.583,3.3,3.5,.921,0.6,3.6,4.2,10.5,0.8,0.2,3.5,1.5,18.8,MVP-1
443,Tracy McGrady,2006,26,HOU,NBA,SF,47,47,37.1,8.7,21.5,.406,1.6,5.0,.312,7.2,16.5,.434,.442,5.4,7.2,.747,1.0,5.6,6.5,4.8,1.3,0.9,2.6,1.9,24.4,AS
444,Kobe Bryant,2006,27,LAL,NBA,SG,80,80,41.0,12.2,27.2,.450,2.3,6.5,.347,10.0,20.7,.482,.491,8.7,10.2,.850,0.9,4.4,5.3,4.5,1.8,0.4,3.1,2.9,35.4,MVP-4
445,Tim Duncan,2006,29,SAS,NBA,PF,80,80,34.8,7.2,14.8,.484,0.0,0.1,.400,7.2,14.8,.485,.485,4.2,6.7,.629,2.9,8.1,11.0,3.2,0.9,2.0,2.5,2.7,18.6,MVP-8
446,Yao Ming,2006,25,HOU,NBA,C,57,57,34.2,8.2,15.8,.519,0.0,0.0,.000,8.2,15.8,.519,.519,5.9,6.9,.853,2.6,7.6,10.2,1.5,0.5,1.6,2.6,3.4,22.3,AS
447,Tony Parker,2006,23,SAS,NBA,PG,80,80,33.9,7.8,14.2,.548,0.1,0.5,.306,7.7,13.8,.556,.553,3.2,4.5,.707,0.5,2.8,3.3,5.8,1.0,0.1,3.1,2.0,18.9,MVP-9
448,Ray Allen,2006,30,SEA,NBA,SG,78,78,38.7,8.7,19.2,.454,3.4,8.4,.412,5.3,10.9,.486,.544,4.2,4.6,.903,0.9,3.3,4.3,3.7,1.3,0.2,2.4,1.9,25.1,AS
449,Shawn Marion,2006,27,PHO,NBA,PF,81,81,40.3,8.8,16.9,.525,1.2,3.6,.331,7.7,13.3,.577,.560,3.0,3.7,.809,3.1,8.8,11.8,1.8,2.0,1.7,1.5,2.8,21.8,MVP-10
450,Elton Brand,2006,26,LAC,NBA,PF,79,79,39.2,9.6,18.2,.527,0.0,0.0,.333,9.6,18.1,.527,.527,5.6,7.2,.775,3.0,7.0,10.0,2.6,1.0,2.5,2.2,2.9,24.7,MVP-7
451,Kevin Garnett,2006,29,MIN,NBA,PF,76,76,38.9,8.2,15.7,.526,0.1,0.4,.267,8.1,15.3,.532,.529,5.2,6.4,.810,2.8,9.9,12.7,4.1,1.4,1.4,2.4,2.7,21.8,DPOY-13
452,Dirk Nowitzki,2006,27,DAL,NBA,PF,81,81,38.1,9.3,19.3,.480,1.4,3.3,.406,7.9,16.0,.496,.515,6.7,7.4,.901,1.4,7.6,9.0,2.8,0.7,1.0,1.9,2.0,26.6,MVP-3
453,Pau Gasol,2006,25,MEM,NBA,PF,80,80,39.2,7.5,14.9,.503,0.0,0.2,.250,7.5,14.8,.505,.504,5.3,7.7,.689,2.4,6.5,8.9,4.6,0.6,1.9,2.9,2.3,20.4,AS
454,Allen Iverson,2005,29,PHI,NBA,PG,75,75,42.3,10.3,24.2,.424,1.4,4.5,.308,8.9,19.7,.451,.453,8.7,10.5,.835,0.7,3.3,4.0,7.9,2.4,0.1,4.6,1.9,30.7,MVP-5
455,LeBron James,2005,20,CLE,NBA,SF,80,80,42.4,9.9,21.1,.472,1.4,3.9,.351,8.6,17.2,.499,.504,6.0,8.0,.750,1.4,6.0,7.4,7.2,2.2,0.7,3.3,1.8,27.2,MVP-6
456,Shaquille O'Neal,2005,32,MIA,NBA,C,73,73,34.1,9.0,15.0,.601,0.0,0.0,None,9.0,15.0,.601,.601,4.8,10.5,.461,3.5,6.9,10.4,2.7,0.5,2.3,2.8,3.6,22.9,MVP-2
457,Vince Carter,2005,28,2TM,NBA,SG,77,76,36.7,9.0,20.0,.452,1.6,4.1,.406,7.4,15.9,.463,.493,4.8,6.0,.798,1.4,3.8,5.2,4.2,1.4,0.6,2.2,3.2,24.5,MVP-13
458,Grant Hill,2005,32,ORL,NBA,SF,67,67,34.9,7.7,15.1,.509,0.0,0.2,.231,7.7,15.0,.513,.511,4.2,5.1,.821,1.1,3.6,4.7,3.3,1.4,0.4,2.4,2.1,19.7,AS
459,Dwyane Wade,2005,23,MIA,NBA,SG,77,77,38.6,8.2,17.1,.478,0.2,0.6,.289,8.0,16.5,.485,.483,7.5,9.9,.762,1.4,3.7,5.2,6.8,1.6,1.1,4.2,3.0,24.1,MVP-8
460,Jermaine O'Neal,2005,26,IND,NBA,PF,44,41,34.8,8.8,19.4,.452,0.0,0.1,.167,8.8,19.3,.454,.453,6.7,8.9,.754,1.9,6.9,8.8,1.9,0.6,2.0,3.0,3.9,24.3,AS
461,Zydrunas Ilgauskas,2005,29,CLE,NBA,C,78,78,33.5,5.9,12.6,.468,0.0,0.1,.286,5.8,12.5,.469,.469,5.2,6.4,.799,3.8,4.8,8.6,1.3,0.7,2.1,2.4,4.0,16.9,AS
462,Paul Pierce,2005,27,BOS,NBA,SF,82,82,36.1,6.8,14.9,.455,1.3,3.6,.370,5.5,11.4,.481,.499,6.7,8.1,.822,1.0,5.6,6.6,4.2,1.6,0.5,2.8,3.1,21.6,AS
463,Gilbert Arenas,2005,23,WAS,NBA,PG,80,80,40.9,8.2,19.0,.431,2.6,7.0,.365,5.6,12.0,.469,.498,6.5,8.0,.814,1.0,3.7,4.7,5.1,1.7,0.3,3.0,3.1,25.5,MVP-12
464,Ben Wallace,2005,30,DET,NBA,C,74,74,36.1,4.0,8.8,.453,0.0,0.1,.111,4.0,8.7,.458,.454,1.8,4.1,.428,3.9,8.2,12.2,1.7,1.4,2.4,1.1,2.1,9.7,DPOY-1
465,Antawn Jamison,2005,28,WAS,NBA,PF,68,68,38.3,7.6,17.5,.437,1.0,3.1,.341,6.6,14.4,.457,.466,3.3,4.4,.760,2.4,5.3,7.6,2.3,0.8,0.2,1.7,2.2,19.6,AS
466,Kobe Bryant,2005,26,LAL,NBA,SG,66,66,40.7,8.7,20.1,.433,2.0,5.9,.339,6.7,14.2,.472,.482,8.2,10.1,.816,1.4,4.5,5.9,6.0,1.3,0.8,4.1,2.6,27.6,AS
467,Tracy McGrady,2005,25,HOU,NBA,SF,78,78,40.8,9.2,21.3,.431,1.8,5.6,.326,7.3,15.7,.468,.473,5.5,7.1,.774,0.9,5.3,6.2,5.7,1.7,0.7,2.6,2.1,25.7,MVP-7
468,Yao Ming,2005,24,HOU,NBA,C,80,80,30.6,6.7,12.2,.552,0.0,0.0,None,6.7,12.2,.552,.552,4.9,6.2,.783,2.6,5.8,8.4,0.8,0.4,2.0,2.5,3.7,18.3,AS
469,Tim Duncan,2005,28,SAS,NBA,PF,66,66,33.4,7.8,15.8,.496,0.0,0.1,.333,7.8,15.7,.498,.498,4.6,6.9,.670,3.1,8.0,11.1,2.7,0.7,2.6,1.9,2.2,20.3,MVP-4
470,Kevin Garnett,2005,28,MIN,NBA,PF,82,82,38.1,8.3,16.6,.502,0.1,0.3,.240,8.3,16.3,.507,.504,5.4,6.7,.811,3.0,10.5,13.5,5.7,1.5,1.4,2.7,2.5,22.2,MVP-11
471,Ray Allen,2005,29,SEA,NBA,SG,78,78,39.3,8.2,19.2,.428,2.7,7.1,.376,5.5,12.0,.459,.498,4.8,5.5,.883,1.0,3.4,4.4,3.7,1.1,0.1,2.2,2.1,23.9,MVP-9
472,Manu Ginóbili,2005,27,SAS,NBA,SG,74,74,29.6,5.0,10.5,.471,1.3,3.5,.376,3.6,7.1,.517,.533,4.8,6.0,.803,1.0,3.4,4.4,3.9,1.6,0.4,2.3,2.6,16.0,DPOY-18
473,Dirk Nowitzki,2005,26,DAL,NBA,PF,78,78,38.7,8.5,18.5,.459,1.2,2.9,.399,7.3,15.6,.470,.490,7.9,9.1,.869,1.2,8.5,9.7,3.1,1.2,1.5,2.3,2.8,26.1,MVP-3
474,Amar'e Stoudemire,2005,22,PHO,NBA,C,80,80,36.1,9.3,16.7,.559,0.0,0.2,.188,9.3,16.5,.564,.560,7.3,9.9,.733,2.7,6.2,8.9,1.6,1.0,1.6,2.4,3.5,26.0,MVP-9
475,Steve Nash,2005,30,PHO,NBA,PG,75,75,34.3,5.7,11.4,.502,1.3,2.9,.431,4.5,8.5,.526,.557,2.8,3.2,.887,0.8,2.6,3.3,11.5,1.0,0.1,3.3,1.8,15.5,MVP-1
476,Shawn Marion,2005,26,PHO,NBA,PF,81,81,38.8,7.6,15.9,.476,1.4,4.2,.334,6.2,11.7,.526,.520,2.8,3.4,.833,2.9,8.4,11.3,1.9,2.0,1.5,1.5,2.5,19.4,MVP-14
477,Rashard Lewis,2005,25,SEA,NBA,SF,71,71,38.0,7.5,16.2,.462,2.4,6.1,.400,5.1,10.1,.499,.537,3.1,4.0,.777,1.5,3.9,5.5,1.3,1.1,0.9,1.7,2.2,20.5,AS
478,Kobe Bryant,2004,25,LAL,NBA,SG,65,64,37.6,7.9,18.1,.438,1.1,3.3,.327,6.8,14.8,.463,.468,7.0,8.2,.852,1.6,3.9,5.5,5.1,1.7,0.4,2.6,2.7,24.0,MVP-5
479,Kevin Garnett,2004,27,MIN,NBA,PF,82,82,39.4,9.8,19.6,.499,0.1,0.5,.256,9.7,19.1,.506,.502,4.5,5.7,.791,3.0,10.9,13.9,5.0,1.5,2.2,2.6,2.5,24.2,MVP-1
480,Tim Duncan,2004,27,SAS,NBA,PF,69,68,36.6,8.6,17.1,.501,0.0,0.2,.167,8.6,16.9,.505,.502,5.1,8.5,.599,3.3,9.2,12.4,3.1,0.9,2.7,2.7,2.4,22.3,MVP-2
481,Steve Francis,2004,26,HOU,NBA,PG,79,79,40.4,5.7,14.1,.403,0.9,3.2,.292,4.8,11.0,.435,.436,4.3,5.5,.775,1.5,4.0,5.5,6.2,1.8,0.4,3.7,3.3,16.6,AS
482,Yao Ming,2004,23,HOU,NBA,C,82,82,32.8,6.5,12.5,.522,0.0,0.0,.000,6.5,12.5,.523,.522,4.4,5.4,.809,2.4,6.6,9.0,1.5,0.3,1.9,2.5,3.3,17.5,MVP-14
483,Ray Allen,2004,28,SEA,NBA,SG,56,56,38.4,8.0,18.2,.440,2.6,6.8,.392,5.3,11.4,.468,.512,4.4,4.8,.904,1.2,3.9,5.1,4.8,1.3,0.2,2.8,2.4,23.0,AS
484,Shaquille O'Neal,2004,31,LAL,NBA,C,67,67,36.8,8.3,14.1,.584,0.0,0.0,None,8.3,14.1,.584,.584,4.9,10.1,.490,3.7,7.8,11.5,2.9,0.5,2.5,2.9,3.4,21.5,MVP-6
485,Sam Cassell,2004,34,MIN,NBA,PG,81,81,35.0,7.7,15.7,.488,0.9,2.3,.398,6.7,13.4,.504,.517,3.6,4.1,.873,0.5,2.8,3.3,7.3,1.3,0.2,2.7,3.0,19.8,MVP-10
486,Peja Stojaković,2004,26,SAC,NBA,SF,81,81,40.3,8.2,17.1,.480,3.0,6.8,.433,5.2,10.3,.511,.566,4.9,5.2,.927,1.1,5.1,6.3,2.1,1.3,0.2,1.9,2.0,24.2,MVP-4
487,Dirk Nowitzki,2004,25,DAL,NBA,C,77,77,37.9,7.9,17.0,.462,1.3,3.8,.341,6.6,13.2,.496,.500,4.8,5.5,.877,1.2,7.5,8.7,2.7,1.2,1.4,1.8,2.8,21.8,MVP-10
488,Andrei Kirilenko,2004,22,UTA,NBA,PF,78,78,37.1,5.3,11.9,.443,0.9,2.6,.338,4.4,9.4,.471,.479,5.0,6.4,.790,2.9,5.2,8.1,3.1,1.9,2.8,2.8,2.2,16.5,MVP-13
489,Brad Miller,2004,27,SAC,NBA,PF,72,53,36.4,5.2,10.2,.510,0.2,0.5,.316,5.0,9.6,.521,.518,3.6,4.6,.778,2.7,7.7,10.3,4.3,0.9,1.2,2.0,3.4,14.1,AS
490,Jermaine O'Neal,2004,25,IND,NBA,PF,78,78,35.7,7.8,17.9,.434,0.0,0.2,.111,7.8,17.7,.438,.435,4.5,5.9,.757,2.5,7.5,10.0,2.1,0.8,2.6,2.3,3.2,20.1,MVP-3
491,Allen Iverson,2004,28,PHI,NBA,SG,48,47,42.5,9.1,23.4,.387,1.2,4.1,.286,7.9,19.3,.408,.412,7.1,9.5,.745,0.7,3.0,3.7,6.8,2.4,0.1,4.4,1.8,26.4,AS
492,Ben Wallace,2004,29,DET,NBA,C,81,81,37.7,3.9,9.2,.421,0.0,0.1,.125,3.9,9.1,.424,.422,1.8,3.6,.490,4.0,8.4,12.4,1.7,1.8,3.0,1.5,2.0,9.5,MVP-7
493,Tracy McGrady,2004,24,ORL,NBA,SG,67,67,39.9,9.7,23.4,.417,2.6,7.7,.339,7.1,15.7,.455,.473,5.9,7.5,.796,1.4,4.6,6.0,5.5,1.4,0.6,2.7,1.9,28.0,AS
494,Vince Carter,2004,27,TOR,NBA,SG,73,73,38.2,8.3,20.0,.417,1.3,3.3,.383,7.1,16.6,.424,.449,4.6,5.7,.806,1.3,3.5,4.8,4.8,1.2,0.9,3.1,2.9,22.5,AS
495,Kenyon Martin,2004,26,NJN,NBA,PF,65,62,34.6,6.8,13.8,.488,0.1,0.4,.280,6.6,13.5,.494,.492,3.1,4.5,.684,2.0,7.4,9.5,2.5,1.5,1.3,2.6,3.5,16.7,DPOY-9
496,Jason Kidd,2004,30,NJN,NBA,PG,67,66,36.6,5.5,14.3,.384,1.4,4.4,.321,4.1,9.9,.411,.433,3.1,3.7,.827,1.3,5.1,6.4,9.2,1.8,0.2,3.2,1.6,15.5,MVP-8
497,Jamaal Magloire,2004,25,NOH,NBA,C,82,82,33.9,4.7,9.9,.473,0.0,0.0,.000,4.7,9.9,.474,.473,4.3,5.7,.751,3.3,7.1,10.3,1.0,0.5,1.2,2.5,3.4,13.6,AS
498,Metta World Peace,2004,24,IND,NBA,SF,73,71,37.2,6.4,15.2,.421,1.0,3.3,.310,5.4,11.9,.452,.455,4.4,6.0,.733,1.4,3.9,5.3,3.7,2.1,0.7,2.8,2.7,18.3,DPOY-1
499,Baron Davis,2004,24,NOH,NBA,PG,67,66,40.1,8.3,20.9,.395,2.8,8.7,.321,5.5,12.2,.448,.462,3.5,5.3,.673,1.0,3.3,4.3,7.5,2.4,0.4,3.2,2.7,22.9,MVP-10
500,Michael Redd,2004,24,MIL,NBA,SG,82,82,36.8,7.7,17.5,.440,1.5,4.4,.350,6.2,13.1,.470,.484,4.7,5.4,.868,1.4,3.5,5.0,2.3,1.0,0.1,1.4,1.9,21.7,MVP-14
501,Paul Pierce,2004,26,BOS,NBA,SG,80,80,38.7,7.5,18.7,.402,1.4,4.8,.299,6.1,13.9,.438,.441,6.5,7.9,.819,0.9,5.7,6.5,5.1,1.6,0.7,3.8,2.9,23.0,AS
502,Kevin Garnett,2003,26,MIN,NBA,PF,82,82,40.5,9.1,18.1,.502,0.2,0.9,.282,8.8,17.2,.513,.508,4.6,6.1,.751,3.0,10.5,13.4,6.0,1.4,1.6,2.8,2.4,23.0,MVP-2
503,Tim Duncan,2003,26,SAS,NBA,PF,81,81,39.3,8.8,17.2,.513,0.1,0.3,.273,8.7,16.9,.517,.515,5.6,7.8,.710,3.2,9.7,12.9,3.9,0.7,2.9,3.1,2.9,23.3,MVP-1
504,Kobe Bryant,2003,24,LAL,NBA,SG,82,82,41.5,10.6,23.5,.451,1.5,4.0,.383,9.1,19.5,.465,.483,7.3,8.7,.843,1.3,5.6,6.9,5.9,2.2,0.8,3.5,2.7,30.0,MVP-3
505,Steve Francis,2003,25,HOU,NBA,PG,81,81,41.0,7.0,16.2,.435,1.0,3.0,.354,6.0,13.2,.453,.468,5.9,7.3,.800,2.0,4.2,6.2,6.2,1.7,0.5,3.7,3.1,21.0,AS
506,Yao Ming,2003,22,HOU,NBA,C,82,72,29.0,4.9,9.8,.498,0.0,0.0,.500,4.9,9.8,.498,.499,3.7,4.5,.811,2.4,5.8,8.2,1.7,0.4,1.8,2.1,2.8,13.5,ROY-2
507,Shaquille O'Neal,2003,30,LAL,NBA,C,67,66,37.8,10.4,18.1,.574,0.0,0.0,None,10.4,18.1,.574,.574,6.7,10.8,.622,3.9,7.2,11.1,3.1,0.6,2.4,2.9,3.4,27.5,MVP-5
508,Shawn Marion,2003,24,PHO,NBA,SF,81,81,41.6,8.2,18.1,.452,1.7,4.5,.387,6.4,13.6,.473,.500,3.1,3.6,.851,2.5,7.1,9.5,2.4,2.3,1.2,1.9,2.6,21.2,DPOY-13
509,Dirk Nowitzki,2003,24,DAL,NBA,PF,80,80,39.0,8.6,18.6,.463,1.9,4.9,.379,6.8,13.7,.493,.513,6.0,6.9,.881,1.0,8.9,9.9,3.0,1.4,1.0,1.9,2.6,25.1,MVP-7
510,Steve Nash,2003,28,DAL,NBA,PG,82,82,33.1,6.3,13.6,.465,1.4,3.3,.413,5.0,10.3,.482,.515,3.8,4.1,.909,0.8,2.1,2.9,7.3,1.0,0.1,2.3,1.6,17.7,MVP-11
511,Gary Payton,2003,34,2TM,NBA,PG,80,80,40.1,8.3,18.3,.454,0.7,2.3,.297,7.6,16.1,.476,.472,3.1,4.4,.710,1.0,3.2,4.2,8.3,1.7,0.3,2.3,2.3,20.4,DPOY-11
512,Stephon Marbury,2003,25,PHO,NBA,PG,81,81,40.0,8.3,18.9,.439,1.1,3.7,.301,7.2,15.2,.472,.468,4.6,5.8,.803,0.7,2.6,3.2,8.1,1.3,0.2,3.2,2.5,22.3,AS
513,Peja Stojaković,2003,25,SAC,NBA,SF,72,72,34.0,6.9,14.4,.481,2.2,5.6,.382,4.8,8.7,.545,.556,3.2,3.7,.875,0.8,4.7,5.5,2.0,1.0,0.1,1.4,2.0,19.2,AS
514,Allen Iverson,2003,27,PHI,NBA,SG,82,82,42.5,9.8,23.7,.414,1.0,3.7,.277,8.8,20.0,.440,.436,7.0,9.0,.774,0.8,3.4,4.2,5.5,2.7,0.2,3.5,1.8,27.6,MVP-6
515,Tracy McGrady,2003,23,ORL,NBA,SG,75,74,39.4,11.1,24.2,.457,2.3,6.0,.386,8.7,18.2,.481,.505,7.7,9.7,.793,1.6,4.9,6.5,5.5,1.7,0.8,2.6,2.1,32.1,MVP-4
516,Michael Jordan,2003,39,WAS,NBA,SF,82,67,37.0,8.3,18.6,.445,0.2,0.7,.291,8.1,18.0,.450,.450,3.2,4.0,.821,0.9,5.2,6.1,3.8,1.5,0.5,2.1,2.1,20.0,AS
517,Jermaine O'Neal,2003,24,IND,NBA,PF,77,76,37.2,7.9,16.4,.484,0.1,0.3,.333,7.8,16.1,.487,.487,4.8,6.6,.731,2.6,7.7,10.3,2.0,0.9,2.3,2.3,3.6,20.8,AS
518,Ben Wallace,2003,28,DET,NBA,C,73,73,39.4,2.9,6.0,.481,0.0,0.1,.167,2.9,5.9,.485,.482,1.2,2.6,.450,4.0,11.4,15.4,1.6,1.4,3.2,1.2,2.5,6.9,MVP-8
519,Jason Kidd,2003,29,NJN,NBA,PG,80,80,37.4,6.4,15.6,.414,1.6,4.6,.341,4.9,10.9,.445,.465,4.2,5.0,.841,1.4,4.9,6.3,8.9,2.2,0.3,3.7,1.6,18.7,MVP-9
520,Vince Carter,2003,26,TOR,NBA,SG,43,42,34.2,8.3,17.7,.467,1.0,3.0,.344,7.2,14.6,.493,.497,3.0,3.7,.806,1.4,3.0,4.4,3.3,1.1,1.0,1.7,2.8,20.6,AS
521,Paul Pierce,2003,25,BOS,NBA,SG,79,79,39.2,8.4,20.2,.416,1.5,4.9,.302,6.9,15.2,.454,.454,7.6,9.5,.802,1.3,6.0,7.3,4.4,1.8,0.8,3.6,2.9,25.9,MVP-11
522,Brad Miller,2003,26,IND,NBA,C,73,72,31.1,4.5,9.1,.493,0.1,0.2,.313,4.4,8.9,.498,.497,4.0,4.9,.818,2.5,5.7,8.3,2.6,0.9,0.6,1.6,2.8,13.1,AS
523,Jamal Mashburn,2003,30,NOH,NBA,SF,82,81,40.5,8.2,19.3,.422,1.5,3.7,.389,6.7,15.6,.430,.460,3.8,4.5,.848,0.8,5.3,6.1,5.6,1.0,0.2,2.8,2.4,21.6,MVP-11
524,Antoine Walker,2003,26,BOS,NBA,PF,78,78,41.5,7.7,19.9,.388,2.4,7.5,.323,5.3,12.5,.427,.449,2.3,3.7,.615,1.3,5.9,7.2,4.8,1.5,0.4,3.3,2.8,20.1,AS
525,Zydrunas Ilgauskas,2003,27,CLE,NBA,C,81,81,30.0,6.1,13.9,.441,0.0,0.1,.000,6.1,13.8,.443,.441,4.9,6.3,.781,3.0,4.6,7.5,1.6,0.7,1.9,2.6,3.4,17.2,AS
