,Year,Team,Wins,Losses,Percent,Games Back,PPG,OPPG,SRS
0,2024,Boston Celtics,64,18,.780,—,120.6,109.2,10.75
1,2024,New York Knicks,50,32,.610,14.0,112.8,108.2,4.36
2,2024,Milwaukee Bucks,49,33,.598,15.0,119.0,116.4,2.44
3,2024,Cleveland Cavaliers,48,34,.585,16.0,112.6,110.2,1.98
4,2024,Orlando Magic,47,35,.573,17.0,110.5,108.4,1.48
5,2024,Indiana Pacers,47,35,.573,17.0,123.3,120.2,2.75
6,2024,Philadelphia 76ers,47,35,.573,17.0,114.6,111.5,2.51
7,2024,Miami Heat,46,36,.561,18.0,110.1,108.4,1.10
8,2024,Chicago Bulls,39,43,.476,25.0,112.3,113.7,-1.77
9,2024,Atlanta Hawks,36,46,.439,28.0,118.3,120.5,-2.38
10,2024,Brooklyn Nets,32,50,.390,32.0,110.4,113.3,-3.02
11,2024,Toronto Raptors,25,57,.305,39.0,112.4,118.8,-6.45
12,2024,Charlotte Hornets,21,61,.256,43.0,106.6,116.8,-10.12
13,2024,Washington Wizards,15,67,.183,49.0,113.7,123.0,-9.29
14,2024,Detroit Pistons,14,68,.171,50.0,109.9,119.0,-9.06
15,2024,Boston Celtics,64,18,.780,—,120.6,109.2,10.75
16,2024,New York Knicks,50,32,.610,14.0,112.8,108.2,4.36
17,2024,Milwaukee Bucks,49,33,.598,15.0,119.0,116.4,2.44
18,2024,Cleveland Cavaliers,48,34,.585,16.0,112.6,110.2,1.98
19,2024,Orlando Magic,47,35,.573,17.0,110.5,108.4,1.48
20,2024,Indiana Pacers,47,35,.573,17.0,123.3,120.2,2.75
21,2024,Philadelphia 76ers,47,35,.573,17.0,114.6,111.5,2.51
22,2024,Miami Heat,46,36,.561,18.0,110.1,108.4,1.10
23,2024,Chicago Bulls,39,43,.476,25.0,112.3,113.7,-1.77
24,2024,Atlanta Hawks,36,46,.439,28.0,118.3,120.5,-2.38
25,2024,Brooklyn Nets,32,50,.390,32.0,110.4,113.3,-3.02
26,2024,Toronto Raptors,25,57,.305,39.0,112.4,118.8,-6.45
27,2024,Charlotte Hornets,21,61,.256,43.0,106.6,116.8,-10.12
28,2024,Washington Wizards,15,67,.183,49.0,113.7,123.0,-9.29
29,2024,Detroit Pistons,14,68,.171,50.0,109.9,119.0,-9.06
30,2024,Boston Celtics,64,18,.780,—,120.6,109.2,10.75
31,2024,New York Knicks,50,32,.610,14.0,112.8,108.2,4.36
32,2024,Milwaukee Bucks,49,33,.598,15.0,119.0,116.4,2.44
33,2024,Cleveland Cavaliers,48,34,.585,16.0,112.6,110.2,1.98
34,2024,Orlando Magic,47,35,.573,17.0,110.5,108.4,1.48
35,2024,Indiana Pacers,47,35,.573,17.0,123.3,120.2,2.75
36,2024,Philadelphia 76ers,47,35,.573,17.0,114.6,111.5,2.51
37,2024,Miami Heat,46,36,.561,18.0,110.1,108.4,1.10
38,2024,Chicago Bulls,39,43,.476,25.0,112.3,113.7,-1.77
39,2024,Atlanta Hawks,36,46,.439,28.0,118.3,120.5,-2.38
40,2024,Brooklyn Nets,32,50,.390,32.0,110.4,113.3,-3.02
41,2024,Toronto Raptors,25,57,.305,39.0,112.4,118.8,-6.45
42,2024,Charlotte Hornets,21,61,.256,43.0,106.6,116.8,-10.12
43,2024,Washington Wizards,15,67,.183,49.0,113.7,123.0,-9.29
44,2024,Detroit Pistons,14,68,.171,50.0,109.9,119.0,-9.06
45,2024,Oklahoma City Thunder,57,25,.695,—,120.1,112.7,7.36
46,2024,Denver Nuggets,57,25,.695,—,114.9,109.6,5.23
47,2024,Minnesota Timberwolves,56,26,.683,1.0,113.0,106.5,6.39
48,2024,Los Angeles Clippers,51,31,.622,6.0,115.6,112.3,3.41
49,2024,Dallas Mavericks,50,32,.610,7.0,117.9,115.6,2.30
50,2024,Phoenix Suns,49,33,.598,8.0,116.2,113.2,3.08
51,2024,New Orleans Pelicans,49,33,.598,8.0,115.1,110.7,4.46
52,2024,Los Angeles Lakers,47,35,.573,10.0,118.0,117.4,1.07
53,2024,Sacramento Kings,46,36,.561,11.0,116.6,114.8,2.29
54,2024,Golden State Warriors,46,36,.561,11.0,117.8,115.2,2.77
55,2024,Houston Rockets,41,41,.500,16.0,114.3,113.2,1.24
56,2024,Utah Jazz,31,51,.378,26.0,115.7,120.5,-4.22
57,2024,Memphis Grizzlies,27,55,.329,30.0,105.8,112.8,-6.57
58,2024,San Antonio Spurs,22,60,.268,35.0,112.1,118.6,-5.80
59,2024,Portland Trail Blazers,21,61,.256,36.0,106.4,115.4,-8.29
60,2024,Oklahoma City Thunder,57,25,.695,—,120.1,112.7,7.36
61,2024,Denver Nuggets,57,25,.695,—,114.9,109.6,5.23
62,2024,Minnesota Timberwolves,56,26,.683,1.0,113.0,106.5,6.39
63,2024,Los Angeles Clippers,51,31,.622,6.0,115.6,112.3,3.41
64,2024,Dallas Mavericks,50,32,.610,7.0,117.9,115.6,2.30
65,2024,Phoenix Suns,49,33,.598,8.0,116.2,113.2,3.08
66,2024,New Orleans Pelicans,49,33,.598,8.0,115.1,110.7,4.46
67,2024,Los Angeles Lakers,47,35,.573,10.0,118.0,117.4,1.07
68,2024,Sacramento Kings,46,36,.561,11.0,116.6,114.8,2.29
69,2024,Golden State Warriors,46,36,.561,11.0,117.8,115.2,2.77
70,2024,Houston Rockets,41,41,.500,16.0,114.3,113.2,1.24
71,2024,Utah Jazz,31,51,.378,26.0,115.7,120.5,-4.22
72,2024,Memphis Grizzlies,27,55,.329,30.0,105.8,112.8,-6.57
73,2024,San Antonio Spurs,22,60,.268,35.0,112.1,118.6,-5.80
74,2024,Portland Trail Blazers,21,61,.256,36.0,106.4,115.4,-8.29
75,2024,Oklahoma City Thunder,57,25,.695,—,120.1,112.7,7.36
76,2024,Denver Nuggets,57,25,.695,—,114.9,109.6,5.23
77,2024,Minnesota Timberwolves,56,26,.683,1.0,113.0,106.5,6.39
78,2024,Los Angeles Clippers,51,31,.622,6.0,115.6,112.3,3.41
79,2024,Dallas Mavericks,50,32,.610,7.0,117.9,115.6,2.30
80,2024,Phoenix Suns,49,33,.598,8.0,116.2,113.2,3.08
81,2024,New Orleans Pelicans,49,33,.598,8.0,115.1,110.7,4.46
82,2024,Los Angeles Lakers,47,35,.573,10.0,118.0,117.4,1.07
83,2024,Sacramento Kings,46,36,.561,11.0,116.6,114.8,2.29
84,2024,Golden State Warriors,46,36,.561,11.0,117.8,115.2,2.77
85,2024,Houston Rockets,41,41,.500,16.0,114.3,113.2,1.24
86,2024,Utah Jazz,31,51,.378,26.0,115.7,120.5,-4.22
87,2024,Memphis Grizzlies,27,55,.329,30.0,105.8,112.8,-6.57
88,2024,San Antonio Spurs,22,60,.268,35.0,112.1,118.6,-5.80
89,2024,Portland Trail Blazers,21,61,.256,36.0,106.4,115.4,-8.29
90,2023,Milwaukee Bucks,58,24,.707,—,116.9,113.3,3.61
91,2023,Boston Celtics,57,25,.695,1.0,117.9,111.4,6.38
92,2023,Philadelphia 76ers,54,28,.659,4.0,115.2,110.9,4.37
93,2023,Cleveland Cavaliers,51,31,.622,7.0,112.3,106.9,5.23
94,2023,New York Knicks,47,35,.573,11.0,116.0,113.1,2.99
95,2023,Brooklyn Nets,45,37,.549,13.0,113.4,112.5,1.03
96,2023,Miami Heat,44,38,.537,14.0,109.5,109.8,-0.13
97,2023,Atlanta Hawks,41,41,.500,17.0,118.4,118.1,0.32
98,2023,Toronto Raptors,41,41,.500,17.0,112.9,111.4,1.59
99,2023,Chicago Bulls,40,42,.488,18.0,113.1,111.8,1.37
100,2023,Indiana Pacers,35,47,.427,23.0,116.3,119.5,-2.91
101,2023,Washington Wizards,35,47,.427,23.0,113.2,114.4,-1.06
102,2023,Orlando Magic,34,48,.415,24.0,111.4,114.0,-2.39
103,2023,Charlotte Hornets,27,55,.329,31.0,111.0,117.2,-5.89
104,2023,Detroit Pistons,17,65,.207,41.0,110.3,118.5,-7.73
105,2023,Milwaukee Bucks,58,24,.707,—,116.9,113.3,3.61
106,2023,Boston Celtics,57,25,.695,1.0,117.9,111.4,6.38
107,2023,Philadelphia 76ers,54,28,.659,4.0,115.2,110.9,4.37
108,2023,Cleveland Cavaliers,51,31,.622,7.0,112.3,106.9,5.23
109,2023,New York Knicks,47,35,.573,11.0,116.0,113.1,2.99
110,2023,Brooklyn Nets,45,37,.549,13.0,113.4,112.5,1.03
111,2023,Miami Heat,44,38,.537,14.0,109.5,109.8,-0.13
112,2023,Atlanta Hawks,41,41,.500,17.0,118.4,118.1,0.32
113,2023,Toronto Raptors,41,41,.500,17.0,112.9,111.4,1.59
114,2023,Chicago Bulls,40,42,.488,18.0,113.1,111.8,1.37
115,2023,Indiana Pacers,35,47,.427,23.0,116.3,119.5,-2.91
116,2023,Washington Wizards,35,47,.427,23.0,113.2,114.4,-1.06
117,2023,Orlando Magic,34,48,.415,24.0,111.4,114.0,-2.39
118,2023,Charlotte Hornets,27,55,.329,31.0,111.0,117.2,-5.89
119,2023,Detroit Pistons,17,65,.207,41.0,110.3,118.5,-7.73
120,2023,Milwaukee Bucks,58,24,.707,—,116.9,113.3,3.61
121,2023,Boston Celtics,57,25,.695,1.0,117.9,111.4,6.38
122,2023,Philadelphia 76ers,54,28,.659,4.0,115.2,110.9,4.37
123,2023,Cleveland Cavaliers,51,31,.622,7.0,112.3,106.9,5.23
124,2023,New York Knicks,47,35,.573,11.0,116.0,113.1,2.99
125,2023,Brooklyn Nets,45,37,.549,13.0,113.4,112.5,1.03
126,2023,Miami Heat,44,38,.537,14.0,109.5,109.8,-0.13
127,2023,Atlanta Hawks,41,41,.500,17.0,118.4,118.1,0.32
128,2023,Toronto Raptors,41,41,.500,17.0,112.9,111.4,1.59
129,2023,Chicago Bulls,40,42,.488,18.0,113.1,111.8,1.37
130,2023,Indiana Pacers,35,47,.427,23.0,116.3,119.5,-2.91
131,2023,Washington Wizards,35,47,.427,23.0,113.2,114.4,-1.06
132,2023,Orlando Magic,34,48,.415,24.0,111.4,114.0,-2.39
133,2023,Charlotte Hornets,27,55,.329,31.0,111.0,117.2,-5.89
134,2023,Detroit Pistons,17,65,.207,41.0,110.3,118.5,-7.73
135,2023,Denver Nuggets,53,29,.646,—,115.8,112.5,3.04
136,2023,Memphis Grizzlies,51,31,.622,2.0,116.9,113.0,3.60
137,2023,Sacramento Kings,48,34,.585,5.0,120.7,118.1,2.30
138,2023,Phoenix Suns,45,37,.549,8.0,113.6,111.6,2.08
139,2023,Los Angeles Clippers,44,38,.537,9.0,113.6,113.1,0.31
140,2023,Golden State Warriors,44,38,.537,9.0,118.9,117.1,1.66
141,2023,Los Angeles Lakers,43,39,.524,10.0,117.2,116.6,0.43
142,2023,Minnesota Timberwolves,42,40,.512,11.0,115.8,115.8,-0.22
143,2023,New Orleans Pelicans,42,40,.512,11.0,114.4,112.5,1.63
144,2023,Oklahoma City Thunder,40,42,.488,13.0,117.5,116.4,0.96
145,2023,Dallas Mavericks,38,44,.463,15.0,114.2,114.1,-0.14
146,2023,Utah Jazz,37,45,.451,16.0,117.1,118.0,-1.03
147,2023,Portland Trail Blazers,33,49,.402,20.0,113.4,117.4,-3.96
148,2023,Houston Rockets,22,60,.268,31.0,110.7,118.6,-7.62
149,2023,San Antonio Spurs,22,60,.268,31.0,113.0,123.1,-9.82
150,2023,Denver Nuggets,53,29,.646,—,115.8,112.5,3.04
151,2023,Memphis Grizzlies,51,31,.622,2.0,116.9,113.0,3.60
152,2023,Sacramento Kings,48,34,.585,5.0,120.7,118.1,2.30
153,2023,Phoenix Suns,45,37,.549,8.0,113.6,111.6,2.08
154,2023,Los Angeles Clippers,44,38,.537,9.0,113.6,113.1,0.31
155,2023,Golden State Warriors,44,38,.537,9.0,118.9,117.1,1.66
156,2023,Los Angeles Lakers,43,39,.524,10.0,117.2,116.6,0.43
157,2023,Minnesota Timberwolves,42,40,.512,11.0,115.8,115.8,-0.22
158,2023,New Orleans Pelicans,42,40,.512,11.0,114.4,112.5,1.63
159,2023,Oklahoma City Thunder,40,42,.488,13.0,117.5,116.4,0.96
160,2023,Dallas Mavericks,38,44,.463,15.0,114.2,114.1,-0.14
161,2023,Utah Jazz,37,45,.451,16.0,117.1,118.0,-1.03
162,2023,Portland Trail Blazers,33,49,.402,20.0,113.4,117.4,-3.96
163,2023,Houston Rockets,22,60,.268,31.0,110.7,118.6,-7.62
164,2023,San Antonio Spurs,22,60,.268,31.0,113.0,123.1,-9.82
165,2023,Denver Nuggets,53,29,.646,—,115.8,112.5,3.04
166,2023,Memphis Grizzlies,51,31,.622,2.0,116.9,113.0,3.60
167,2023,Sacramento Kings,48,34,.585,5.0,120.7,118.1,2.30
168,2023,Phoenix Suns,45,37,.549,8.0,113.6,111.6,2.08
169,2023,Los Angeles Clippers,44,38,.537,9.0,113.6,113.1,0.31
170,2023,Golden State Warriors,44,38,.537,9.0,118.9,117.1,1.66
171,2023,Los Angeles Lakers,43,39,.524,10.0,117.2,116.6,0.43
172,2023,Minnesota Timberwolves,42,40,.512,11.0,115.8,115.8,-0.22
173,2023,New Orleans Pelicans,42,40,.512,11.0,114.4,112.5,1.63
174,2023,Oklahoma City Thunder,40,42,.488,13.0,117.5,116.4,0.96
175,2023,Dallas Mavericks,38,44,.463,15.0,114.2,114.1,-0.14
176,2023,Utah Jazz,37,45,.451,16.0,117.1,118.0,-1.03
177,2023,Portland Trail Blazers,33,49,.402,20.0,113.4,117.4,-3.96
178,2023,Houston Rockets,22,60,.268,31.0,110.7,118.6,-7.62
179,2023,San Antonio Spurs,22,60,.268,31.0,113.0,123.1,-9.82
180,2022,Miami Heat,53,29,.646,—,110.0,105.6,4.23
181,2022,Boston Celtics,51,31,.622,2.0,111.8,104.5,7.02
182,2022,Milwaukee Bucks,51,31,.622,2.0,115.5,112.1,3.22
183,2022,Philadelphia 76ers,51,31,.622,2.0,109.9,107.3,2.57
184,2022,Toronto Raptors,48,34,.585,5.0,109.4,107.1,2.38
185,2022,Chicago Bulls,46,36,.561,7.0,111.6,112.0,-0.38
186,2022,Brooklyn Nets,44,38,.537,9.0,112.9,112.1,0.82
187,2022,Cleveland Cavaliers,44,38,.537,9.0,107.8,105.7,2.04
188,2022,Atlanta Hawks,43,39,.524,10.0,113.9,112.4,1.55
189,2022,Charlotte Hornets,43,39,.524,10.0,115.3,114.9,0.53
190,2022,New York Knicks,37,45,.451,16.0,106.5,106.6,-0.01
191,2022,Washington Wizards,35,47,.427,18.0,108.6,112.0,-3.23
192,2022,Indiana Pacers,25,57,.305,28.0,111.5,114.9,-3.26
193,2022,Detroit Pistons,23,59,.280,30.0,104.8,112.5,-7.36
194,2022,Orlando Magic,22,60,.268,31.0,104.2,112.2,-7.67
195,2022,Miami Heat,53,29,.646,—,110.0,105.6,4.23
196,2022,Boston Celtics,51,31,.622,2.0,111.8,104.5,7.02
197,2022,Milwaukee Bucks,51,31,.622,2.0,115.5,112.1,3.22
198,2022,Philadelphia 76ers,51,31,.622,2.0,109.9,107.3,2.57
199,2022,Toronto Raptors,48,34,.585,5.0,109.4,107.1,2.38
200,2022,Chicago Bulls,46,36,.561,7.0,111.6,112.0,-0.38
201,2022,Brooklyn Nets,44,38,.537,9.0,112.9,112.1,0.82
202,2022,Cleveland Cavaliers,44,38,.537,9.0,107.8,105.7,2.04
203,2022,Atlanta Hawks,43,39,.524,10.0,113.9,112.4,1.55
204,2022,Charlotte Hornets,43,39,.524,10.0,115.3,114.9,0.53
205,2022,New York Knicks,37,45,.451,16.0,106.5,106.6,-0.01
206,2022,Washington Wizards,35,47,.427,18.0,108.6,112.0,-3.23
207,2022,Indiana Pacers,25,57,.305,28.0,111.5,114.9,-3.26
208,2022,Detroit Pistons,23,59,.280,30.0,104.8,112.5,-7.36
209,2022,Orlando Magic,22,60,.268,31.0,104.2,112.2,-7.67
210,2022,Miami Heat,53,29,.646,—,110.0,105.6,4.23
211,2022,Boston Celtics,51,31,.622,2.0,111.8,104.5,7.02
212,2022,Milwaukee Bucks,51,31,.622,2.0,115.5,112.1,3.22
213,2022,Philadelphia 76ers,51,31,.622,2.0,109.9,107.3,2.57
214,2022,Toronto Raptors,48,34,.585,5.0,109.4,107.1,2.38
215,2022,Chicago Bulls,46,36,.561,7.0,111.6,112.0,-0.38
216,2022,Brooklyn Nets,44,38,.537,9.0,112.9,112.1,0.82
217,2022,Cleveland Cavaliers,44,38,.537,9.0,107.8,105.7,2.04
218,2022,Atlanta Hawks,43,39,.524,10.0,113.9,112.4,1.55
219,2022,Charlotte Hornets,43,39,.524,10.0,115.3,114.9,0.53
220,2022,New York Knicks,37,45,.451,16.0,106.5,106.6,-0.01
221,2022,Washington Wizards,35,47,.427,18.0,108.6,112.0,-3.23
222,2022,Indiana Pacers,25,57,.305,28.0,111.5,114.9,-3.26
223,2022,Detroit Pistons,23,59,.280,30.0,104.8,112.5,-7.36
224,2022,Orlando Magic,22,60,.268,31.0,104.2,112.2,-7.67
225,2022,Phoenix Suns,64,18,.780,—,114.8,107.3,6.94
226,2022,Memphis Grizzlies,56,26,.683,8.0,115.6,109.9,5.37
227,2022,Golden State Warriors,53,29,.646,11.0,111.0,105.5,5.52
228,2022,Dallas Mavericks,52,30,.634,12.0,108.0,104.7,3.12
229,2022,Utah Jazz,49,33,.598,15.0,113.6,107.6,5.67
230,2022,Denver Nuggets,48,34,.585,16.0,112.7,110.4,2.16
231,2022,Minnesota Timberwolves,46,36,.561,18.0,115.9,113.3,2.53
232,2022,Los Angeles Clippers,42,40,.512,22.0,108.4,108.4,0.09
233,2022,New Orleans Pelicans,36,46,.439,28.0,109.3,110.3,-0.84
234,2022,San Antonio Spurs,34,48,.415,30.0,113.2,113.0,0.02
235,2022,Los Angeles Lakers,33,49,.402,31.0,112.1,115.1,-3.08
236,2022,Sacramento Kings,30,52,.366,34.0,110.3,115.8,-5.26
237,2022,Portland Trail Blazers,27,55,.329,37.0,106.2,115.1,-8.55
238,2022,Oklahoma City Thunder,24,58,.293,40.0,103.7,111.8,-7.90
239,2022,Houston Rockets,20,62,.244,44.0,109.7,118.2,-8.26
240,2022,Phoenix Suns,64,18,.780,—,114.8,107.3,6.94
241,2022,Memphis Grizzlies,56,26,.683,8.0,115.6,109.9,5.37
242,2022,Golden State Warriors,53,29,.646,11.0,111.0,105.5,5.52
243,2022,Dallas Mavericks,52,30,.634,12.0,108.0,104.7,3.12
244,2022,Utah Jazz,49,33,.598,15.0,113.6,107.6,5.67
245,2022,Denver Nuggets,48,34,.585,16.0,112.7,110.4,2.16
246,2022,Minnesota Timberwolves,46,36,.561,18.0,115.9,113.3,2.53
247,2022,Los Angeles Clippers,42,40,.512,22.0,108.4,108.4,0.09
248,2022,New Orleans Pelicans,36,46,.439,28.0,109.3,110.3,-0.84
249,2022,San Antonio Spurs,34,48,.415,30.0,113.2,113.0,0.02
250,2022,Los Angeles Lakers,33,49,.402,31.0,112.1,115.1,-3.08
251,2022,Sacramento Kings,30,52,.366,34.0,110.3,115.8,-5.26
252,2022,Portland Trail Blazers,27,55,.329,37.0,106.2,115.1,-8.55
253,2022,Oklahoma City Thunder,24,58,.293,40.0,103.7,111.8,-7.90
254,2022,Houston Rockets,20,62,.244,44.0,109.7,118.2,-8.26
255,2022,Phoenix Suns,64,18,.780,—,114.8,107.3,6.94
256,2022,Memphis Grizzlies,56,26,.683,8.0,115.6,109.9,5.37
257,2022,Golden State Warriors,53,29,.646,11.0,111.0,105.5,5.52
258,2022,Dallas Mavericks,52,30,.634,12.0,108.0,104.7,3.12
259,2022,Utah Jazz,49,33,.598,15.0,113.6,107.6,5.67
260,2022,Denver Nuggets,48,34,.585,16.0,112.7,110.4,2.16
261,2022,Minnesota Timberwolves,46,36,.561,18.0,115.9,113.3,2.53
262,2022,Los Angeles Clippers,42,40,.512,22.0,108.4,108.4,0.09
263,2022,New Orleans Pelicans,36,46,.439,28.0,109.3,110.3,-0.84
264,2022,San Antonio Spurs,34,48,.415,30.0,113.2,113.0,0.02
265,2022,Los Angeles Lakers,33,49,.402,31.0,112.1,115.1,-3.08
266,2022,Sacramento Kings,30,52,.366,34.0,110.3,115.8,-5.26
267,2022,Portland Trail Blazers,27,55,.329,37.0,106.2,115.1,-8.55
268,2022,Oklahoma City Thunder,24,58,.293,40.0,103.7,111.8,-7.90
269,2022,Houston Rockets,20,62,.244,44.0,109.7,118.2,-8.26
270,2021,Philadelphia 76ers,49,23,.681,—,113.6,108.1,5.28
271,2021,Brooklyn Nets,48,24,.667,1.0,118.6,114.1,4.24
272,2021,Milwaukee Bucks,46,26,.639,3.0,120.1,114.2,5.57
273,2021,New York Knicks,41,31,.569,8.0,107.0,104.7,2.13
274,2021,Atlanta Hawks,41,31,.569,8.0,113.7,111.4,2.14
275,2021,Miami Heat,40,32,.556,9.0,108.1,108.0,-0.06
276,2021,Boston Celtics,36,36,.500,13.0,112.6,111.2,1.32
277,2021,Washington Wizards,34,38,.472,15.0,116.6,118.5,-1.85
278,2021,Indiana Pacers,34,38,.472,15.0,115.3,115.3,-0.13
279,2021,Charlotte Hornets,33,39,.458,16.0,109.5,111.4,-1.94
280,2021,Chicago Bulls,31,41,.431,18.0,110.7,111.6,-0.94
281,2021,Toronto Raptors,27,45,.375,22.0,111.3,111.7,-0.54
282,2021,Cleveland Cavaliers,22,50,.306,27.0,103.8,112.3,-8.19
283,2021,Orlando Magic,21,51,.292,28.0,104.0,113.3,-9.02
284,2021,Detroit Pistons,20,52,.278,29.0,106.6,111.1,-4.38
285,2021,Philadelphia 76ers,49,23,.681,—,113.6,108.1,5.28
286,2021,Brooklyn Nets,48,24,.667,1.0,118.6,114.1,4.24
287,2021,Milwaukee Bucks,46,26,.639,3.0,120.1,114.2,5.57
288,2021,New York Knicks,41,31,.569,8.0,107.0,104.7,2.13
289,2021,Atlanta Hawks,41,31,.569,8.0,113.7,111.4,2.14
290,2021,Miami Heat,40,32,.556,9.0,108.1,108.0,-0.06
291,2021,Boston Celtics,36,36,.500,13.0,112.6,111.2,1.32
292,2021,Washington Wizards,34,38,.472,15.0,116.6,118.5,-1.85
293,2021,Indiana Pacers,34,38,.472,15.0,115.3,115.3,-0.13
294,2021,Charlotte Hornets,33,39,.458,16.0,109.5,111.4,-1.94
295,2021,Chicago Bulls,31,41,.431,18.0,110.7,111.6,-0.94
296,2021,Toronto Raptors,27,45,.375,22.0,111.3,111.7,-0.54
297,2021,Cleveland Cavaliers,22,50,.306,27.0,103.8,112.3,-8.19
298,2021,Orlando Magic,21,51,.292,28.0,104.0,113.3,-9.02
299,2021,Detroit Pistons,20,52,.278,29.0,106.6,111.1,-4.38
300,2021,Philadelphia 76ers,49,23,.681,—,113.6,108.1,5.28
301,2021,Brooklyn Nets,48,24,.667,1.0,118.6,114.1,4.24
302,2021,Milwaukee Bucks,46,26,.639,3.0,120.1,114.2,5.57
303,2021,New York Knicks,41,31,.569,8.0,107.0,104.7,2.13
304,2021,Atlanta Hawks,41,31,.569,8.0,113.7,111.4,2.14
305,2021,Miami Heat,40,32,.556,9.0,108.1,108.0,-0.06
306,2021,Boston Celtics,36,36,.500,13.0,112.6,111.2,1.32
307,2021,Washington Wizards,34,38,.472,15.0,116.6,118.5,-1.85
308,2021,Indiana Pacers,34,38,.472,15.0,115.3,115.3,-0.13
309,2021,Charlotte Hornets,33,39,.458,16.0,109.5,111.4,-1.94
310,2021,Chicago Bulls,31,41,.431,18.0,110.7,111.6,-0.94
311,2021,Toronto Raptors,27,45,.375,22.0,111.3,111.7,-0.54
312,2021,Cleveland Cavaliers,22,50,.306,27.0,103.8,112.3,-8.19
313,2021,Orlando Magic,21,51,.292,28.0,104.0,113.3,-9.02
314,2021,Detroit Pistons,20,52,.278,29.0,106.6,111.1,-4.38
315,2021,Utah Jazz,52,20,.722,—,116.4,107.2,8.97
316,2021,Phoenix Suns,51,21,.708,1.0,115.3,109.5,5.67
317,2021,Denver Nuggets,47,25,.653,5.0,115.1,110.1,4.82
318,2021,Los Angeles Clippers,47,25,.653,5.0,114.0,107.8,6.02
319,2021,Dallas Mavericks,42,30,.583,10.0,112.4,110.2,2.26
320,2021,Portland Trail Blazers,42,30,.583,10.0,116.1,114.3,1.81
321,2021,Los Angeles Lakers,42,30,.583,10.0,109.5,106.8,2.77
322,2021,Golden State Warriors,39,33,.542,13.0,113.7,112.7,1.10
323,2021,Memphis Grizzlies,38,34,.528,14.0,113.3,112.3,1.07
324,2021,San Antonio Spurs,33,39,.458,19.0,111.1,112.8,-1.58
325,2021,New Orleans Pelicans,31,41,.431,21.0,114.6,114.9,-0.20
326,2021,Sacramento Kings,31,41,.431,21.0,113.7,117.4,-3.45
327,2021,Minnesota Timberwolves,23,49,.319,29.0,112.1,117.7,-5.25
328,2021,Oklahoma City Thunder,22,50,.306,30.0,105.0,115.6,-10.13
329,2021,Houston Rockets,17,55,.236,35.0,108.8,116.7,-7.50
330,2021,Utah Jazz,52,20,.722,—,116.4,107.2,8.97
331,2021,Phoenix Suns,51,21,.708,1.0,115.3,109.5,5.67
332,2021,Denver Nuggets,47,25,.653,5.0,115.1,110.1,4.82
333,2021,Los Angeles Clippers,47,25,.653,5.0,114.0,107.8,6.02
334,2021,Dallas Mavericks,42,30,.583,10.0,112.4,110.2,2.26
335,2021,Portland Trail Blazers,42,30,.583,10.0,116.1,114.3,1.81
336,2021,Los Angeles Lakers,42,30,.583,10.0,109.5,106.8,2.77
337,2021,Golden State Warriors,39,33,.542,13.0,113.7,112.7,1.10
338,2021,Memphis Grizzlies,38,34,.528,14.0,113.3,112.3,1.07
339,2021,San Antonio Spurs,33,39,.458,19.0,111.1,112.8,-1.58
340,2021,New Orleans Pelicans,31,41,.431,21.0,114.6,114.9,-0.20
341,2021,Sacramento Kings,31,41,.431,21.0,113.7,117.4,-3.45
342,2021,Minnesota Timberwolves,23,49,.319,29.0,112.1,117.7,-5.25
343,2021,Oklahoma City Thunder,22,50,.306,30.0,105.0,115.6,-10.13
344,2021,Houston Rockets,17,55,.236,35.0,108.8,116.7,-7.50
345,2021,Utah Jazz,52,20,.722,—,116.4,107.2,8.97
346,2021,Phoenix Suns,51,21,.708,1.0,115.3,109.5,5.67
347,2021,Denver Nuggets,47,25,.653,5.0,115.1,110.1,4.82
348,2021,Los Angeles Clippers,47,25,.653,5.0,114.0,107.8,6.02
349,2021,Dallas Mavericks,42,30,.583,10.0,112.4,110.2,2.26
350,2021,Portland Trail Blazers,42,30,.583,10.0,116.1,114.3,1.81
351,2021,Los Angeles Lakers,42,30,.583,10.0,109.5,106.8,2.77
352,2021,Golden State Warriors,39,33,.542,13.0,113.7,112.7,1.10
353,2021,Memphis Grizzlies,38,34,.528,14.0,113.3,112.3,1.07
354,2021,San Antonio Spurs,33,39,.458,19.0,111.1,112.8,-1.58
355,2021,New Orleans Pelicans,31,41,.431,21.0,114.6,114.9,-0.20
356,2021,Sacramento Kings,31,41,.431,21.0,113.7,117.4,-3.45
357,2021,Minnesota Timberwolves,23,49,.319,29.0,112.1,117.7,-5.25
358,2021,Oklahoma City Thunder,22,50,.306,30.0,105.0,115.6,-10.13
359,2021,Houston Rockets,17,55,.236,35.0,108.8,116.7,-7.50
360,2020,Milwaukee Bucks,56,17,.767,—,118.7,108.6,9.41
361,2020,Toronto Raptors,53,19,.736,2.5,112.8,106.5,5.97
362,2020,Boston Celtics,48,24,.667,7.5,113.7,107.3,5.83
363,2020,Indiana Pacers,45,28,.616,11.0,109.4,107.5,1.63
364,2020,Miami Heat,44,29,.603,12.0,112.0,109.1,2.59
365,2020,Philadelphia 76ers,43,30,.589,13.0,110.7,108.4,2.25
366,2020,Brooklyn Nets,35,37,.486,20.5,111.8,112.3,-1.01
367,2020,Orlando Magic,33,40,.452,23.0,107.3,108.3,-0.93
368,2020,Charlotte Hornets,23,42,.354,29.0,102.9,109.6,-7.03
369,2020,Washington Wizards,25,47,.347,30.5,114.4,119.1,-5.24
370,2020,Chicago Bulls,22,43,.338,30.0,106.8,109.9,-4.00
371,2020,New York Knicks,21,45,.318,31.5,105.8,112.3,-6.72
372,2020,Detroit Pistons,20,46,.303,32.5,107.2,110.8,-4.38
373,2020,Atlanta Hawks,20,47,.299,33.0,111.8,119.7,-7.71
374,2020,Cleveland Cavaliers,19,46,.292,33.0,106.9,114.8,-7.77
375,2020,Milwaukee Bucks,56,17,.767,—,118.7,108.6,9.41
376,2020,Toronto Raptors,53,19,.736,2.5,112.8,106.5,5.97
377,2020,Boston Celtics,48,24,.667,7.5,113.7,107.3,5.83
378,2020,Indiana Pacers,45,28,.616,11.0,109.4,107.5,1.63
379,2020,Miami Heat,44,29,.603,12.0,112.0,109.1,2.59
380,2020,Philadelphia 76ers,43,30,.589,13.0,110.7,108.4,2.25
381,2020,Brooklyn Nets,35,37,.486,20.5,111.8,112.3,-1.01
382,2020,Orlando Magic,33,40,.452,23.0,107.3,108.3,-0.93
383,2020,Charlotte Hornets,23,42,.354,29.0,102.9,109.6,-7.03
384,2020,Washington Wizards,25,47,.347,30.5,114.4,119.1,-5.24
385,2020,Chicago Bulls,22,43,.338,30.0,106.8,109.9,-4.00
386,2020,New York Knicks,21,45,.318,31.5,105.8,112.3,-6.72
387,2020,Detroit Pistons,20,46,.303,32.5,107.2,110.8,-4.38
388,2020,Atlanta Hawks,20,47,.299,33.0,111.8,119.7,-7.71
389,2020,Cleveland Cavaliers,19,46,.292,33.0,106.9,114.8,-7.77
390,2020,Milwaukee Bucks,56,17,.767,—,118.7,108.6,9.41
391,2020,Toronto Raptors,53,19,.736,2.5,112.8,106.5,5.97
392,2020,Boston Celtics,48,24,.667,7.5,113.7,107.3,5.83
393,2020,Indiana Pacers,45,28,.616,11.0,109.4,107.5,1.63
394,2020,Miami Heat,44,29,.603,12.0,112.0,109.1,2.59
395,2020,Philadelphia 76ers,43,30,.589,13.0,110.7,108.4,2.25
396,2020,Brooklyn Nets,35,37,.486,20.5,111.8,112.3,-1.01
397,2020,Orlando Magic,33,40,.452,23.0,107.3,108.3,-0.93
398,2020,Charlotte Hornets,23,42,.354,29.0,102.9,109.6,-7.03
399,2020,Washington Wizards,25,47,.347,30.5,114.4,119.1,-5.24
400,2020,Chicago Bulls,22,43,.338,30.0,106.8,109.9,-4.00
401,2020,New York Knicks,21,45,.318,31.5,105.8,112.3,-6.72
402,2020,Detroit Pistons,20,46,.303,32.5,107.2,110.8,-4.38
403,2020,Atlanta Hawks,20,47,.299,33.0,111.8,119.7,-7.71
404,2020,Cleveland Cavaliers,19,46,.292,33.0,106.9,114.8,-7.77
405,2020,Los Angeles Lakers,52,19,.732,—,113.4,107.6,6.28
406,2020,Los Angeles Clippers,49,23,.681,3.5,116.3,109.9,6.66
407,2020,Denver Nuggets,46,27,.630,7.0,111.3,109.2,2.35
408,2020,Houston Rockets,44,28,.611,8.5,117.8,114.8,3.13
409,2020,Oklahoma City Thunder,44,28,.611,8.5,110.4,108.4,2.33
410,2020,Utah Jazz,44,28,.611,8.5,111.3,108.8,2.52
411,2020,Dallas Mavericks,43,32,.573,11.0,117.0,112.1,4.87
412,2020,Portland Trail Blazers,35,39,.473,18.5,115.0,116.1,-0.61
413,2020,Memphis Grizzlies,34,39,.466,19.0,112.6,113.7,-0.91
414,2020,Phoenix Suns,34,39,.466,19.0,113.6,113.4,0.56
415,2020,San Antonio Spurs,32,39,.451,20.0,114.1,115.2,-0.65
416,2020,Sacramento Kings,31,41,.431,21.5,110.1,112.1,-1.59
417,2020,New Orleans Pelicans,30,42,.417,22.5,115.8,117.1,-0.55
418,2020,Minnesota Timberwolves,19,45,.297,29.5,113.3,117.5,-4.02
419,2020,Golden State Warriors,15,50,.231,34.0,106.3,115.0,-8.12
420,2020,Los Angeles Lakers,52,19,.732,—,113.4,107.6,6.28
421,2020,Los Angeles Clippers,49,23,.681,3.5,116.3,109.9,6.66
422,2020,Denver Nuggets,46,27,.630,7.0,111.3,109.2,2.35
423,2020,Houston Rockets,44,28,.611,8.5,117.8,114.8,3.13
424,2020,Oklahoma City Thunder,44,28,.611,8.5,110.4,108.4,2.33
425,2020,Utah Jazz,44,28,.611,8.5,111.3,108.8,2.52
426,2020,Dallas Mavericks,43,32,.573,11.0,117.0,112.1,4.87
427,2020,Portland Trail Blazers,35,39,.473,18.5,115.0,116.1,-0.61
428,2020,Memphis Grizzlies,34,39,.466,19.0,112.6,113.7,-0.91
429,2020,Phoenix Suns,34,39,.466,19.0,113.6,113.4,0.56
430,2020,San Antonio Spurs,32,39,.451,20.0,114.1,115.2,-0.65
431,2020,Sacramento Kings,31,41,.431,21.5,110.1,112.1,-1.59
432,2020,New Orleans Pelicans,30,42,.417,22.5,115.8,117.1,-0.55
433,2020,Minnesota Timberwolves,19,45,.297,29.5,113.3,117.5,-4.02
434,2020,Golden State Warriors,15,50,.231,34.0,106.3,115.0,-8.12
435,2020,Los Angeles Lakers,52,19,.732,—,113.4,107.6,6.28
436,2020,Los Angeles Clippers,49,23,.681,3.5,116.3,109.9,6.66
437,2020,Denver Nuggets,46,27,.630,7.0,111.3,109.2,2.35
438,2020,Houston Rockets,44,28,.611,8.5,117.8,114.8,3.13
439,2020,Oklahoma City Thunder,44,28,.611,8.5,110.4,108.4,2.33
440,2020,Utah Jazz,44,28,.611,8.5,111.3,108.8,2.52
441,2020,Dallas Mavericks,43,32,.573,11.0,117.0,112.1,4.87
442,2020,Portland Trail Blazers,35,39,.473,18.5,115.0,116.1,-0.61
443,2020,Memphis Grizzlies,34,39,.466,19.0,112.6,113.7,-0.91
444,2020,Phoenix Suns,34,39,.466,19.0,113.6,113.4,0.56
445,2020,San Antonio Spurs,32,39,.451,20.0,114.1,115.2,-0.65
446,2020,Sacramento Kings,31,41,.431,21.5,110.1,112.1,-1.59
447,2020,New Orleans Pelicans,30,42,.417,22.5,115.8,117.1,-0.55
448,2020,Minnesota Timberwolves,19,45,.297,29.5,113.3,117.5,-4.02
449,2020,Golden State Warriors,15,50,.231,34.0,106.3,115.0,-8.12
450,2019,Milwaukee Bucks,60,22,.732,—,118.1,109.3,8.04
451,2019,Toronto Raptors,58,24,.707,2.0,114.4,108.4,5.49
452,2019,Philadelphia 76ers,51,31,.622,9.0,115.2,112.5,2.25
453,2019,Boston Celtics,49,33,.598,11.0,112.4,108.0,3.90
454,2019,Indiana Pacers,48,34,.585,12.0,108.0,104.7,2.76
455,2019,Orlando Magic,42,40,.512,18.0,107.3,106.6,0.28
456,2019,Brooklyn Nets,42,40,.512,18.0,112.2,112.3,-0.40
457,2019,Detroit Pistons,41,41,.500,19.0,107.0,107.3,-0.56
458,2019,Charlotte Hornets,39,43,.476,21.0,110.7,111.8,-1.32
459,2019,Miami Heat,39,43,.476,21.0,105.7,105.9,-0.45
460,2019,Washington Wizards,32,50,.390,28.0,114.0,116.9,-3.30
461,2019,Atlanta Hawks,29,53,.354,31.0,113.3,119.4,-6.06
462,2019,Chicago Bulls,22,60,.268,38.0,104.9,113.4,-8.32
463,2019,Cleveland Cavaliers,19,63,.232,41.0,104.5,114.1,-9.39
464,2019,New York Knicks,17,65,.207,43.0,104.6,113.8,-8.93
465,2019,Milwaukee Bucks,60,22,.732,—,118.1,109.3,8.04
466,2019,Toronto Raptors,58,24,.707,2.0,114.4,108.4,5.49
467,2019,Philadelphia 76ers,51,31,.622,9.0,115.2,112.5,2.25
468,2019,Boston Celtics,49,33,.598,11.0,112.4,108.0,3.90
469,2019,Indiana Pacers,48,34,.585,12.0,108.0,104.7,2.76
470,2019,Orlando Magic,42,40,.512,18.0,107.3,106.6,0.28
471,2019,Brooklyn Nets,42,40,.512,18.0,112.2,112.3,-0.40
472,2019,Detroit Pistons,41,41,.500,19.0,107.0,107.3,-0.56
473,2019,Charlotte Hornets,39,43,.476,21.0,110.7,111.8,-1.32
474,2019,Miami Heat,39,43,.476,21.0,105.7,105.9,-0.45
475,2019,Washington Wizards,32,50,.390,28.0,114.0,116.9,-3.30
476,2019,Atlanta Hawks,29,53,.354,31.0,113.3,119.4,-6.06
477,2019,Chicago Bulls,22,60,.268,38.0,104.9,113.4,-8.32
478,2019,Cleveland Cavaliers,19,63,.232,41.0,104.5,114.1,-9.39
479,2019,New York Knicks,17,65,.207,43.0,104.6,113.8,-8.93
480,2019,Milwaukee Bucks,60,22,.732,—,118.1,109.3,8.04
481,2019,Toronto Raptors,58,24,.707,2.0,114.4,108.4,5.49
482,2019,Philadelphia 76ers,51,31,.622,9.0,115.2,112.5,2.25
483,2019,Boston Celtics,49,33,.598,11.0,112.4,108.0,3.90
484,2019,Indiana Pacers,48,34,.585,12.0,108.0,104.7,2.76
485,2019,Orlando Magic,42,40,.512,18.0,107.3,106.6,0.28
486,2019,Brooklyn Nets,42,40,.512,18.0,112.2,112.3,-0.40
487,2019,Detroit Pistons,41,41,.500,19.0,107.0,107.3,-0.56
488,2019,Charlotte Hornets,39,43,.476,21.0,110.7,111.8,-1.32
489,2019,Miami Heat,39,43,.476,21.0,105.7,105.9,-0.45
490,2019,Washington Wizards,32,50,.390,28.0,114.0,116.9,-3.30
491,2019,Atlanta Hawks,29,53,.354,31.0,113.3,119.4,-6.06
492,2019,Chicago Bulls,22,60,.268,38.0,104.9,113.4,-8.32
493,2019,Cleveland Cavaliers,19,63,.232,41.0,104.5,114.1,-9.39
494,2019,New York Knicks,17,65,.207,43.0,104.6,113.8,-8.93
495,2019,Golden State Warriors,57,25,.695,—,117.7,111.2,6.42
496,2019,Denver Nuggets,54,28,.659,3.0,110.7,106.7,4.19
497,2019,Houston Rockets,53,29,.646,4.0,113.9,109.1,4.96
498,2019,Portland Trail Blazers,53,29,.646,4.0,114.7,110.5,4.43
499,2019,Utah Jazz,50,32,.610,7.0,111.7,106.5,5.28
500,2019,Oklahoma City Thunder,49,33,.598,8.0,114.5,111.1,3.56
501,2019,San Antonio Spurs,48,34,.585,9.0,111.7,110.0,1.80
502,2019,Los Angeles Clippers,48,34,.585,9.0,115.1,114.3,1.09
503,2019,Sacramento Kings,39,43,.476,18.0,114.2,115.3,-0.81
504,2019,Los Angeles Lakers,37,45,.451,20.0,111.8,113.5,-1.33
505,2019,Minnesota Timberwolves,36,46,.439,21.0,112.5,114.0,-1.02
506,2019,Memphis Grizzlies,33,49,.402,24.0,103.5,106.1,-2.08
507,2019,New Orleans Pelicans,33,49,.402,24.0,115.4,116.8,-1.10
508,2019,Dallas Mavericks,33,49,.402,24.0,108.9,110.1,-0.87
509,2019,Phoenix Suns,19,63,.232,38.0,107.5,116.8,-8.61
510,2019,Golden State Warriors,57,25,.695,—,117.7,111.2,6.42
511,2019,Denver Nuggets,54,28,.659,3.0,110.7,106.7,4.19
512,2019,Houston Rockets,53,29,.646,4.0,113.9,109.1,4.96
513,2019,Portland Trail Blazers,53,29,.646,4.0,114.7,110.5,4.43
514,2019,Utah Jazz,50,32,.610,7.0,111.7,106.5,5.28
515,2019,Oklahoma City Thunder,49,33,.598,8.0,114.5,111.1,3.56
516,2019,San Antonio Spurs,48,34,.585,9.0,111.7,110.0,1.80
517,2019,Los Angeles Clippers,48,34,.585,9.0,115.1,114.3,1.09
518,2019,Sacramento Kings,39,43,.476,18.0,114.2,115.3,-0.81
519,2019,Los Angeles Lakers,37,45,.451,20.0,111.8,113.5,-1.33
520,2019,Minnesota Timberwolves,36,46,.439,21.0,112.5,114.0,-1.02
521,2019,Memphis Grizzlies,33,49,.402,24.0,103.5,106.1,-2.08
522,2019,New Orleans Pelicans,33,49,.402,24.0,115.4,116.8,-1.10
523,2019,Dallas Mavericks,33,49,.402,24.0,108.9,110.1,-0.87
524,2019,Phoenix Suns,19,63,.232,38.0,107.5,116.8,-8.61
525,2019,Golden State Warriors,57,25,.695,—,117.7,111.2,6.42
526,2019,Denver Nuggets,54,28,.659,3.0,110.7,106.7,4.19
527,2019,Houston Rockets,53,29,.646,4.0,113.9,109.1,4.96
528,2019,Portland Trail Blazers,53,29,.646,4.0,114.7,110.5,4.43
529,2019,Utah Jazz,50,32,.610,7.0,111.7,106.5,5.28
530,2019,Oklahoma City Thunder,49,33,.598,8.0,114.5,111.1,3.56
531,2019,San Antonio Spurs,48,34,.585,9.0,111.7,110.0,1.80
532,2019,Los Angeles Clippers,48,34,.585,9.0,115.1,114.3,1.09
533,2019,Sacramento Kings,39,43,.476,18.0,114.2,115.3,-0.81
534,2019,Los Angeles Lakers,37,45,.451,20.0,111.8,113.5,-1.33
535,2019,Minnesota Timberwolves,36,46,.439,21.0,112.5,114.0,-1.02
536,2019,Memphis Grizzlies,33,49,.402,24.0,103.5,106.1,-2.08
537,2019,New Orleans Pelicans,33,49,.402,24.0,115.4,116.8,-1.10
538,2019,Dallas Mavericks,33,49,.402,24.0,108.9,110.1,-0.87
539,2019,Phoenix Suns,19,63,.232,38.0,107.5,116.8,-8.61
540,2018,Toronto Raptors,59,23,.720,—,111.7,103.9,7.29
541,2018,Boston Celtics,55,27,.671,4.0,104.0,100.4,3.23
542,2018,Philadelphia 76ers,52,30,.634,7.0,109.8,105.3,4.30
543,2018,Cleveland Cavaliers,50,32,.610,9.0,110.9,109.9,0.59
544,2018,Indiana Pacers,48,34,.585,11.0,105.6,104.2,1.18
545,2018,Miami Heat,44,38,.537,15.0,103.4,102.9,0.15
546,2018,Milwaukee Bucks,44,38,.537,15.0,106.5,106.8,-0.45
547,2018,Washington Wizards,43,39,.524,16.0,106.6,106.0,0.53
548,2018,Detroit Pistons,39,43,.476,20.0,103.8,103.9,-0.26
549,2018,Charlotte Hornets,36,46,.439,23.0,108.2,108.0,0.07
550,2018,New York Knicks,29,53,.354,30.0,104.5,108.0,-3.53
551,2018,Brooklyn Nets,28,54,.341,31.0,106.6,110.3,-3.67
552,2018,Chicago Bulls,27,55,.329,32.0,102.9,110.0,-6.84
553,2018,Orlando Magic,25,57,.305,34.0,103.4,108.2,-4.92
554,2018,Atlanta Hawks,24,58,.293,35.0,103.4,108.8,-5.30
555,2018,Toronto Raptors,59,23,.720,—,111.7,103.9,7.29
556,2018,Boston Celtics,55,27,.671,4.0,104.0,100.4,3.23
557,2018,Philadelphia 76ers,52,30,.634,7.0,109.8,105.3,4.30
558,2018,Cleveland Cavaliers,50,32,.610,9.0,110.9,109.9,0.59
559,2018,Indiana Pacers,48,34,.585,11.0,105.6,104.2,1.18
560,2018,Miami Heat,44,38,.537,15.0,103.4,102.9,0.15
561,2018,Milwaukee Bucks,44,38,.537,15.0,106.5,106.8,-0.45
562,2018,Washington Wizards,43,39,.524,16.0,106.6,106.0,0.53
563,2018,Detroit Pistons,39,43,.476,20.0,103.8,103.9,-0.26
564,2018,Charlotte Hornets,36,46,.439,23.0,108.2,108.0,0.07
565,2018,New York Knicks,29,53,.354,30.0,104.5,108.0,-3.53
566,2018,Brooklyn Nets,28,54,.341,31.0,106.6,110.3,-3.67
567,2018,Chicago Bulls,27,55,.329,32.0,102.9,110.0,-6.84
568,2018,Orlando Magic,25,57,.305,34.0,103.4,108.2,-4.92
569,2018,Atlanta Hawks,24,58,.293,35.0,103.4,108.8,-5.30
570,2018,Toronto Raptors,59,23,.720,—,111.7,103.9,7.29
571,2018,Boston Celtics,55,27,.671,4.0,104.0,100.4,3.23
572,2018,Philadelphia 76ers,52,30,.634,7.0,109.8,105.3,4.30
573,2018,Cleveland Cavaliers,50,32,.610,9.0,110.9,109.9,0.59
574,2018,Indiana Pacers,48,34,.585,11.0,105.6,104.2,1.18
575,2018,Miami Heat,44,38,.537,15.0,103.4,102.9,0.15
576,2018,Milwaukee Bucks,44,38,.537,15.0,106.5,106.8,-0.45
577,2018,Washington Wizards,43,39,.524,16.0,106.6,106.0,0.53
578,2018,Detroit Pistons,39,43,.476,20.0,103.8,103.9,-0.26
579,2018,Charlotte Hornets,36,46,.439,23.0,108.2,108.0,0.07
580,2018,New York Knicks,29,53,.354,30.0,104.5,108.0,-3.53
581,2018,Brooklyn Nets,28,54,.341,31.0,106.6,110.3,-3.67
582,2018,Chicago Bulls,27,55,.329,32.0,102.9,110.0,-6.84
583,2018,Orlando Magic,25,57,.305,34.0,103.4,108.2,-4.92
584,2018,Atlanta Hawks,24,58,.293,35.0,103.4,108.8,-5.30
585,2018,Houston Rockets,65,17,.793,—,112.4,103.9,8.21
586,2018,Golden State Warriors,58,24,.707,7.0,113.5,107.5,5.79
587,2018,Portland Trail Blazers,49,33,.598,16.0,105.6,103.0,2.60
588,2018,Oklahoma City Thunder,48,34,.585,17.0,107.9,104.4,3.42
589,2018,Utah Jazz,48,34,.585,17.0,104.1,99.8,4.47
590,2018,New Orleans Pelicans,48,34,.585,17.0,111.7,110.4,1.48
591,2018,San Antonio Spurs,47,35,.573,18.0,102.7,99.8,2.89
592,2018,Minnesota Timberwolves,47,35,.573,18.0,109.5,107.3,2.35
593,2018,Denver Nuggets,46,36,.561,19.0,110.0,108.5,1.57
594,2018,Los Angeles Clippers,42,40,.512,23.0,109.0,109.0,0.15
595,2018,Los Angeles Lakers,35,47,.427,30.0,108.1,109.6,-1.44
596,2018,Sacramento Kings,27,55,.329,38.0,98.8,105.8,-6.60
597,2018,Dallas Mavericks,24,58,.293,41.0,102.3,105.4,-2.70
598,2018,Memphis Grizzlies,22,60,.268,43.0,99.3,105.5,-5.81
599,2018,Phoenix Suns,21,61,.256,44.0,103.9,113.3,-8.80
600,2018,Houston Rockets,65,17,.793,—,112.4,103.9,8.21
601,2018,Golden State Warriors,58,24,.707,7.0,113.5,107.5,5.79
602,2018,Portland Trail Blazers,49,33,.598,16.0,105.6,103.0,2.60
603,2018,Oklahoma City Thunder,48,34,.585,17.0,107.9,104.4,3.42
604,2018,Utah Jazz,48,34,.585,17.0,104.1,99.8,4.47
605,2018,New Orleans Pelicans,48,34,.585,17.0,111.7,110.4,1.48
606,2018,San Antonio Spurs,47,35,.573,18.0,102.7,99.8,2.89
607,2018,Minnesota Timberwolves,47,35,.573,18.0,109.5,107.3,2.35
608,2018,Denver Nuggets,46,36,.561,19.0,110.0,108.5,1.57
609,2018,Los Angeles Clippers,42,40,.512,23.0,109.0,109.0,0.15
610,2018,Los Angeles Lakers,35,47,.427,30.0,108.1,109.6,-1.44
611,2018,Sacramento Kings,27,55,.329,38.0,98.8,105.8,-6.60
612,2018,Dallas Mavericks,24,58,.293,41.0,102.3,105.4,-2.70
613,2018,Memphis Grizzlies,22,60,.268,43.0,99.3,105.5,-5.81
614,2018,Phoenix Suns,21,61,.256,44.0,103.9,113.3,-8.80
615,2018,Houston Rockets,65,17,.793,—,112.4,103.9,8.21
616,2018,Golden State Warriors,58,24,.707,7.0,113.5,107.5,5.79
617,2018,Portland Trail Blazers,49,33,.598,16.0,105.6,103.0,2.60
618,2018,Oklahoma City Thunder,48,34,.585,17.0,107.9,104.4,3.42
619,2018,Utah Jazz,48,34,.585,17.0,104.1,99.8,4.47
620,2018,New Orleans Pelicans,48,34,.585,17.0,111.7,110.4,1.48
621,2018,San Antonio Spurs,47,35,.573,18.0,102.7,99.8,2.89
622,2018,Minnesota Timberwolves,47,35,.573,18.0,109.5,107.3,2.35
623,2018,Denver Nuggets,46,36,.561,19.0,110.0,108.5,1.57
624,2018,Los Angeles Clippers,42,40,.512,23.0,109.0,109.0,0.15
625,2018,Los Angeles Lakers,35,47,.427,30.0,108.1,109.6,-1.44
626,2018,Sacramento Kings,27,55,.329,38.0,98.8,105.8,-6.60
627,2018,Dallas Mavericks,24,58,.293,41.0,102.3,105.4,-2.70
628,2018,Memphis Grizzlies,22,60,.268,43.0,99.3,105.5,-5.81
629,2018,Phoenix Suns,21,61,.256,44.0,103.9,113.3,-8.80
630,2017,Boston Celtics,53,29,.646,—,108.0,105.4,2.25
631,2017,Cleveland Cavaliers,51,31,.622,2.0,110.3,107.2,2.87
632,2017,Toronto Raptors,51,31,.622,2.0,106.9,102.6,3.65
633,2017,Washington Wizards,49,33,.598,4.0,109.2,107.4,1.36
634,2017,Atlanta Hawks,43,39,.524,10.0,103.2,104.0,-1.23
635,2017,Milwaukee Bucks,42,40,.512,11.0,103.6,103.8,-0.45
636,2017,Indiana Pacers,42,40,.512,11.0,105.1,105.3,-0.64
637,2017,Chicago Bulls,41,41,.500,12.0,102.9,102.4,0.03
638,2017,Miami Heat,41,41,.500,12.0,103.2,102.1,0.77
639,2017,Detroit Pistons,37,45,.451,16.0,101.3,102.5,-1.29
640,2017,Charlotte Hornets,36,46,.439,17.0,104.9,104.7,-0.07
641,2017,New York Knicks,31,51,.378,22.0,104.3,108.0,-3.87
642,2017,Orlando Magic,29,53,.354,24.0,101.1,107.6,-6.61
643,2017,Philadelphia 76ers,28,54,.341,25.0,102.4,108.1,-5.83
644,2017,Brooklyn Nets,20,62,.244,33.0,105.8,112.5,-6.74
645,2017,Boston Celtics,53,29,.646,—,108.0,105.4,2.25
646,2017,Cleveland Cavaliers,51,31,.622,2.0,110.3,107.2,2.87
647,2017,Toronto Raptors,51,31,.622,2.0,106.9,102.6,3.65
648,2017,Washington Wizards,49,33,.598,4.0,109.2,107.4,1.36
649,2017,Atlanta Hawks,43,39,.524,10.0,103.2,104.0,-1.23
650,2017,Milwaukee Bucks,42,40,.512,11.0,103.6,103.8,-0.45
651,2017,Indiana Pacers,42,40,.512,11.0,105.1,105.3,-0.64
652,2017,Chicago Bulls,41,41,.500,12.0,102.9,102.4,0.03
653,2017,Miami Heat,41,41,.500,12.0,103.2,102.1,0.77
654,2017,Detroit Pistons,37,45,.451,16.0,101.3,102.5,-1.29
655,2017,Charlotte Hornets,36,46,.439,17.0,104.9,104.7,-0.07
656,2017,New York Knicks,31,51,.378,22.0,104.3,108.0,-3.87
657,2017,Orlando Magic,29,53,.354,24.0,101.1,107.6,-6.61
658,2017,Philadelphia 76ers,28,54,.341,25.0,102.4,108.1,-5.83
659,2017,Brooklyn Nets,20,62,.244,33.0,105.8,112.5,-6.74
660,2017,Boston Celtics,53,29,.646,—,108.0,105.4,2.25
661,2017,Cleveland Cavaliers,51,31,.622,2.0,110.3,107.2,2.87
662,2017,Toronto Raptors,51,31,.622,2.0,106.9,102.6,3.65
663,2017,Washington Wizards,49,33,.598,4.0,109.2,107.4,1.36
664,2017,Atlanta Hawks,43,39,.524,10.0,103.2,104.0,-1.23
665,2017,Milwaukee Bucks,42,40,.512,11.0,103.6,103.8,-0.45
666,2017,Indiana Pacers,42,40,.512,11.0,105.1,105.3,-0.64
667,2017,Chicago Bulls,41,41,.500,12.0,102.9,102.4,0.03
668,2017,Miami Heat,41,41,.500,12.0,103.2,102.1,0.77
669,2017,Detroit Pistons,37,45,.451,16.0,101.3,102.5,-1.29
670,2017,Charlotte Hornets,36,46,.439,17.0,104.9,104.7,-0.07
671,2017,New York Knicks,31,51,.378,22.0,104.3,108.0,-3.87
672,2017,Orlando Magic,29,53,.354,24.0,101.1,107.6,-6.61
673,2017,Philadelphia 76ers,28,54,.341,25.0,102.4,108.1,-5.83
674,2017,Brooklyn Nets,20,62,.244,33.0,105.8,112.5,-6.74
675,2017,Golden State Warriors,67,15,.817,—,115.9,104.3,11.35
676,2017,San Antonio Spurs,61,21,.744,6.0,105.3,98.1,7.13
677,2017,Houston Rockets,55,27,.671,12.0,115.3,109.6,5.84
678,2017,Los Angeles Clippers,51,31,.622,16.0,108.7,104.4,4.42
679,2017,Utah Jazz,51,31,.622,16.0,100.7,96.8,4.00
680,2017,Oklahoma City Thunder,47,35,.573,20.0,106.6,105.8,1.14
681,2017,Memphis Grizzlies,43,39,.524,24.0,100.5,100.0,0.96
682,2017,Portland Trail Blazers,41,41,.500,26.0,107.9,108.5,-0.23
683,2017,Denver Nuggets,40,42,.488,27.0,111.7,111.2,0.70
684,2017,New Orleans Pelicans,34,48,.415,33.0,104.3,106.4,-1.69
685,2017,Dallas Mavericks,33,49,.402,34.0,97.9,100.8,-2.53
686,2017,Sacramento Kings,32,50,.390,35.0,102.8,106.7,-3.29
687,2017,Minnesota Timberwolves,31,51,.378,36.0,105.6,106.7,-0.64
688,2017,Los Angeles Lakers,26,56,.317,41.0,104.6,111.5,-6.29
689,2017,Phoenix Suns,24,58,.293,43.0,107.7,113.3,-5.14
690,2017,Golden State Warriors,67,15,.817,—,115.9,104.3,11.35
691,2017,San Antonio Spurs,61,21,.744,6.0,105.3,98.1,7.13
692,2017,Houston Rockets,55,27,.671,12.0,115.3,109.6,5.84
693,2017,Los Angeles Clippers,51,31,.622,16.0,108.7,104.4,4.42
694,2017,Utah Jazz,51,31,.622,16.0,100.7,96.8,4.00
695,2017,Oklahoma City Thunder,47,35,.573,20.0,106.6,105.8,1.14
696,2017,Memphis Grizzlies,43,39,.524,24.0,100.5,100.0,0.96
697,2017,Portland Trail Blazers,41,41,.500,26.0,107.9,108.5,-0.23
698,2017,Denver Nuggets,40,42,.488,27.0,111.7,111.2,0.70
699,2017,New Orleans Pelicans,34,48,.415,33.0,104.3,106.4,-1.69
700,2017,Dallas Mavericks,33,49,.402,34.0,97.9,100.8,-2.53
701,2017,Sacramento Kings,32,50,.390,35.0,102.8,106.7,-3.29
702,2017,Minnesota Timberwolves,31,51,.378,36.0,105.6,106.7,-0.64
703,2017,Los Angeles Lakers,26,56,.317,41.0,104.6,111.5,-6.29
704,2017,Phoenix Suns,24,58,.293,43.0,107.7,113.3,-5.14
705,2017,Golden State Warriors,67,15,.817,—,115.9,104.3,11.35
706,2017,San Antonio Spurs,61,21,.744,6.0,105.3,98.1,7.13
707,2017,Houston Rockets,55,27,.671,12.0,115.3,109.6,5.84
708,2017,Los Angeles Clippers,51,31,.622,16.0,108.7,104.4,4.42
709,2017,Utah Jazz,51,31,.622,16.0,100.7,96.8,4.00
710,2017,Oklahoma City Thunder,47,35,.573,20.0,106.6,105.8,1.14
711,2017,Memphis Grizzlies,43,39,.524,24.0,100.5,100.0,0.96
712,2017,Portland Trail Blazers,41,41,.500,26.0,107.9,108.5,-0.23
713,2017,Denver Nuggets,40,42,.488,27.0,111.7,111.2,0.70
714,2017,New Orleans Pelicans,34,48,.415,33.0,104.3,106.4,-1.69
715,2017,Dallas Mavericks,33,49,.402,34.0,97.9,100.8,-2.53
716,2017,Sacramento Kings,32,50,.390,35.0,102.8,106.7,-3.29
717,2017,Minnesota Timberwolves,31,51,.378,36.0,105.6,106.7,-0.64
718,2017,Los Angeles Lakers,26,56,.317,41.0,104.6,111.5,-6.29
719,2017,Phoenix Suns,24,58,.293,43.0,107.7,113.3,-5.14
720,2016,Cleveland Cavaliers,57,25,.695,—,104.3,98.3,5.45
721,2016,Toronto Raptors,56,26,.683,1.0,102.7,98.2,4.08
722,2016,Miami Heat,48,34,.585,9.0,100.0,98.4,1.50
723,2016,Atlanta Hawks,48,34,.585,9.0,102.8,99.2,3.49
724,2016,Boston Celtics,48,34,.585,9.0,105.7,102.5,2.84
725,2016,Charlotte Hornets,48,34,.585,9.0,103.4,100.7,2.36
726,2016,Indiana Pacers,45,37,.549,12.0,102.2,100.5,1.62
727,2016,Detroit Pistons,44,38,.537,13.0,102.0,101.4,0.43
728,2016,Chicago Bulls,42,40,.512,15.0,101.6,103.1,-1.46
729,2016,Washington Wizards,41,41,.500,16.0,104.1,104.6,-0.50
730,2016,Orlando Magic,35,47,.427,22.0,102.1,103.7,-1.68
731,2016,Milwaukee Bucks,33,49,.402,24.0,99.0,103.2,-3.98
732,2016,New York Knicks,32,50,.390,25.0,98.4,101.1,-2.74
733,2016,Brooklyn Nets,21,61,.256,36.0,98.6,106.0,-7.12
734,2016,Philadelphia 76ers,10,72,.122,47.0,97.4,107.6,-9.92
735,2016,Cleveland Cavaliers,57,25,.695,—,104.3,98.3,5.45
736,2016,Toronto Raptors,56,26,.683,1.0,102.7,98.2,4.08
737,2016,Miami Heat,48,34,.585,9.0,100.0,98.4,1.50
738,2016,Atlanta Hawks,48,34,.585,9.0,102.8,99.2,3.49
739,2016,Boston Celtics,48,34,.585,9.0,105.7,102.5,2.84
740,2016,Charlotte Hornets,48,34,.585,9.0,103.4,100.7,2.36
741,2016,Indiana Pacers,45,37,.549,12.0,102.2,100.5,1.62
742,2016,Detroit Pistons,44,38,.537,13.0,102.0,101.4,0.43
743,2016,Chicago Bulls,42,40,.512,15.0,101.6,103.1,-1.46
744,2016,Washington Wizards,41,41,.500,16.0,104.1,104.6,-0.50
745,2016,Orlando Magic,35,47,.427,22.0,102.1,103.7,-1.68
746,2016,Milwaukee Bucks,33,49,.402,24.0,99.0,103.2,-3.98
747,2016,New York Knicks,32,50,.390,25.0,98.4,101.1,-2.74
748,2016,Brooklyn Nets,21,61,.256,36.0,98.6,106.0,-7.12
749,2016,Philadelphia 76ers,10,72,.122,47.0,97.4,107.6,-9.92
750,2016,Cleveland Cavaliers,57,25,.695,—,104.3,98.3,5.45
751,2016,Toronto Raptors,56,26,.683,1.0,102.7,98.2,4.08
752,2016,Miami Heat,48,34,.585,9.0,100.0,98.4,1.50
753,2016,Atlanta Hawks,48,34,.585,9.0,102.8,99.2,3.49
754,2016,Boston Celtics,48,34,.585,9.0,105.7,102.5,2.84
755,2016,Charlotte Hornets,48,34,.585,9.0,103.4,100.7,2.36
756,2016,Indiana Pacers,45,37,.549,12.0,102.2,100.5,1.62
757,2016,Detroit Pistons,44,38,.537,13.0,102.0,101.4,0.43
758,2016,Chicago Bulls,42,40,.512,15.0,101.6,103.1,-1.46
759,2016,Washington Wizards,41,41,.500,16.0,104.1,104.6,-0.50
760,2016,Orlando Magic,35,47,.427,22.0,102.1,103.7,-1.68
761,2016,Milwaukee Bucks,33,49,.402,24.0,99.0,103.2,-3.98
762,2016,New York Knicks,32,50,.390,25.0,98.4,101.1,-2.74
763,2016,Brooklyn Nets,21,61,.256,36.0,98.6,106.0,-7.12
764,2016,Philadelphia 76ers,10,72,.122,47.0,97.4,107.6,-9.92
765,2016,Golden State Warriors,73,9,.890,—,114.9,104.1,10.38
766,2016,San Antonio Spurs,67,15,.817,6.0,103.5,92.9,10.28
767,2016,Oklahoma City Thunder,55,27,.671,18.0,110.2,102.9,7.09
768,2016,Los Angeles Clippers,53,29,.646,20.0,104.5,100.2,4.13
769,2016,Portland Trail Blazers,44,38,.537,29.0,105.1,104.3,0.98
770,2016,Dallas Mavericks,42,40,.512,31.0,102.3,102.6,-0.02
771,2016,Memphis Grizzlies,42,40,.512,31.0,99.1,101.3,-2.14
772,2016,Houston Rockets,41,41,.500,32.0,106.5,106.4,0.34
773,2016,Utah Jazz,40,42,.488,33.0,97.7,95.9,1.84
774,2016,Sacramento Kings,33,49,.402,40.0,106.6,109.1,-2.32
775,2016,Denver Nuggets,33,49,.402,40.0,101.9,105.0,-2.81
776,2016,New Orleans Pelicans,30,52,.366,43.0,102.7,106.5,-3.56
777,2016,Minnesota Timberwolves,29,53,.354,44.0,102.4,106.0,-3.38
778,2016,Phoenix Suns,23,59,.280,50.0,100.9,107.5,-6.32
779,2016,Los Angeles Lakers,17,65,.207,56.0,97.3,106.9,-8.92
780,2016,Golden State Warriors,73,9,.890,—,114.9,104.1,10.38
781,2016,San Antonio Spurs,67,15,.817,6.0,103.5,92.9,10.28
782,2016,Oklahoma City Thunder,55,27,.671,18.0,110.2,102.9,7.09
783,2016,Los Angeles Clippers,53,29,.646,20.0,104.5,100.2,4.13
784,2016,Portland Trail Blazers,44,38,.537,29.0,105.1,104.3,0.98
785,2016,Dallas Mavericks,42,40,.512,31.0,102.3,102.6,-0.02
786,2016,Memphis Grizzlies,42,40,.512,31.0,99.1,101.3,-2.14
787,2016,Houston Rockets,41,41,.500,32.0,106.5,106.4,0.34
788,2016,Utah Jazz,40,42,.488,33.0,97.7,95.9,1.84
789,2016,Sacramento Kings,33,49,.402,40.0,106.6,109.1,-2.32
790,2016,Denver Nuggets,33,49,.402,40.0,101.9,105.0,-2.81
791,2016,New Orleans Pelicans,30,52,.366,43.0,102.7,106.5,-3.56
792,2016,Minnesota Timberwolves,29,53,.354,44.0,102.4,106.0,-3.38
793,2016,Phoenix Suns,23,59,.280,50.0,100.9,107.5,-6.32
794,2016,Los Angeles Lakers,17,65,.207,56.0,97.3,106.9,-8.92
795,2016,Golden State Warriors,73,9,.890,—,114.9,104.1,10.38
796,2016,San Antonio Spurs,67,15,.817,6.0,103.5,92.9,10.28
797,2016,Oklahoma City Thunder,55,27,.671,18.0,110.2,102.9,7.09
798,2016,Los Angeles Clippers,53,29,.646,20.0,104.5,100.2,4.13
799,2016,Portland Trail Blazers,44,38,.537,29.0,105.1,104.3,0.98
800,2016,Dallas Mavericks,42,40,.512,31.0,102.3,102.6,-0.02
801,2016,Memphis Grizzlies,42,40,.512,31.0,99.1,101.3,-2.14
802,2016,Houston Rockets,41,41,.500,32.0,106.5,106.4,0.34
803,2016,Utah Jazz,40,42,.488,33.0,97.7,95.9,1.84
804,2016,Sacramento Kings,33,49,.402,40.0,106.6,109.1,-2.32
805,2016,Denver Nuggets,33,49,.402,40.0,101.9,105.0,-2.81
806,2016,New Orleans Pelicans,30,52,.366,43.0,102.7,106.5,-3.56
807,2016,Minnesota Timberwolves,29,53,.354,44.0,102.4,106.0,-3.38
808,2016,Phoenix Suns,23,59,.280,50.0,100.9,107.5,-6.32
809,2016,Los Angeles Lakers,17,65,.207,56.0,97.3,106.9,-8.92
810,2015,Toronto Raptors,49,33,.598,—,104.0,100.9,2.45
811,2015,Boston Celtics,40,42,.488,9.0,101.4,101.2,-0.40
812,2015,Brooklyn Nets,38,44,.463,11.0,98.0,100.9,-3.13
813,2015,Philadelphia 76ers,18,64,.220,31.0,92.0,101.0,-9.04
814,2015,New York Knicks,17,65,.207,32.0,91.9,101.2,-9.50
815,2015,Cleveland Cavaliers,53,29,.646,—,103.1,98.7,4.08
816,2015,Chicago Bulls,50,32,.610,3.0,100.8,97.8,2.54
817,2015,Milwaukee Bucks,41,41,.500,12.0,97.8,97.4,-0.09
818,2015,Indiana Pacers,38,44,.463,15.0,97.3,97.0,-0.23
819,2015,Detroit Pistons,32,50,.390,21.0,98.5,99.5,-1.39
820,2015,Atlanta Hawks,60,22,.732,—,102.5,97.1,4.75
821,2015,Washington Wizards,46,36,.561,14.0,98.5,97.8,0.17
822,2015,Miami Heat,37,45,.451,23.0,94.7,97.3,-2.92
823,2015,Charlotte Hornets,33,49,.402,27.0,94.2,97.3,-3.44
824,2015,Orlando Magic,25,57,.305,35.0,95.7,101.4,-5.87
825,2015,Toronto Raptors,49,33,.598,—,104.0,100.9,2.45
826,2015,Boston Celtics,40,42,.488,9.0,101.4,101.2,-0.40
827,2015,Brooklyn Nets,38,44,.463,11.0,98.0,100.9,-3.13
828,2015,Philadelphia 76ers,18,64,.220,31.0,92.0,101.0,-9.04
829,2015,New York Knicks,17,65,.207,32.0,91.9,101.2,-9.50
830,2015,Cleveland Cavaliers,53,29,.646,—,103.1,98.7,4.08
831,2015,Chicago Bulls,50,32,.610,3.0,100.8,97.8,2.54
832,2015,Milwaukee Bucks,41,41,.500,12.0,97.8,97.4,-0.09
833,2015,Indiana Pacers,38,44,.463,15.0,97.3,97.0,-0.23
834,2015,Detroit Pistons,32,50,.390,21.0,98.5,99.5,-1.39
835,2015,Atlanta Hawks,60,22,.732,—,102.5,97.1,4.75
836,2015,Washington Wizards,46,36,.561,14.0,98.5,97.8,0.17
837,2015,Miami Heat,37,45,.451,23.0,94.7,97.3,-2.92
838,2015,Charlotte Hornets,33,49,.402,27.0,94.2,97.3,-3.44
839,2015,Orlando Magic,25,57,.305,35.0,95.7,101.4,-5.87
840,2015,Toronto Raptors,49,33,.598,—,104.0,100.9,2.45
841,2015,Boston Celtics,40,42,.488,9.0,101.4,101.2,-0.40
842,2015,Brooklyn Nets,38,44,.463,11.0,98.0,100.9,-3.13
843,2015,Philadelphia 76ers,18,64,.220,31.0,92.0,101.0,-9.04
844,2015,New York Knicks,17,65,.207,32.0,91.9,101.2,-9.50
845,2015,Cleveland Cavaliers,53,29,.646,—,103.1,98.7,4.08
846,2015,Chicago Bulls,50,32,.610,3.0,100.8,97.8,2.54
847,2015,Milwaukee Bucks,41,41,.500,12.0,97.8,97.4,-0.09
848,2015,Indiana Pacers,38,44,.463,15.0,97.3,97.0,-0.23
849,2015,Detroit Pistons,32,50,.390,21.0,98.5,99.5,-1.39
850,2015,Atlanta Hawks,60,22,.732,—,102.5,97.1,4.75
851,2015,Washington Wizards,46,36,.561,14.0,98.5,97.8,0.17
852,2015,Miami Heat,37,45,.451,23.0,94.7,97.3,-2.92
853,2015,Charlotte Hornets,33,49,.402,27.0,94.2,97.3,-3.44
854,2015,Orlando Magic,25,57,.305,35.0,95.7,101.4,-5.87
855,2015,Portland Trail Blazers,51,31,.622,—,102.8,98.6,4.41
856,2015,Oklahoma City Thunder,45,37,.549,6.0,104.0,101.8,2.47
857,2015,Utah Jazz,38,44,.463,13.0,95.1,94.9,0.71
858,2015,Denver Nuggets,30,52,.366,21.0,101.5,105.0,-3.07
859,2015,Minnesota Timberwolves,16,66,.195,35.0,97.8,106.5,-8.00
860,2015,Golden State Warriors,67,15,.817,—,110.0,99.9,10.01
861,2015,Los Angeles Clippers,56,26,.683,11.0,106.7,100.1,6.80
862,2015,Phoenix Suns,39,43,.476,28.0,102.4,103.3,-0.38
863,2015,Sacramento Kings,29,53,.354,38.0,101.3,105.0,-3.07
864,2015,Los Angeles Lakers,21,61,.256,46.0,98.5,105.3,-6.17
865,2015,Houston Rockets,56,26,.683,—,103.9,100.5,3.82
866,2015,Memphis Grizzlies,55,27,.671,1.0,98.3,95.1,3.62
867,2015,San Antonio Spurs,55,27,.671,1.0,103.2,97.0,6.34
868,2015,Dallas Mavericks,50,32,.610,6.0,105.2,102.3,3.36
869,2015,New Orleans Pelicans,45,37,.549,11.0,99.4,98.6,1.13
870,2015,Portland Trail Blazers,51,31,.622,—,102.8,98.6,4.41
871,2015,Oklahoma City Thunder,45,37,.549,6.0,104.0,101.8,2.47
872,2015,Utah Jazz,38,44,.463,13.0,95.1,94.9,0.71
873,2015,Denver Nuggets,30,52,.366,21.0,101.5,105.0,-3.07
874,2015,Minnesota Timberwolves,16,66,.195,35.0,97.8,106.5,-8.00
875,2015,Golden State Warriors,67,15,.817,—,110.0,99.9,10.01
876,2015,Los Angeles Clippers,56,26,.683,11.0,106.7,100.1,6.80
877,2015,Phoenix Suns,39,43,.476,28.0,102.4,103.3,-0.38
878,2015,Sacramento Kings,29,53,.354,38.0,101.3,105.0,-3.07
879,2015,Los Angeles Lakers,21,61,.256,46.0,98.5,105.3,-6.17
880,2015,Houston Rockets,56,26,.683,—,103.9,100.5,3.82
881,2015,Memphis Grizzlies,55,27,.671,1.0,98.3,95.1,3.62
882,2015,San Antonio Spurs,55,27,.671,1.0,103.2,97.0,6.34
883,2015,Dallas Mavericks,50,32,.610,6.0,105.2,102.3,3.36
884,2015,New Orleans Pelicans,45,37,.549,11.0,99.4,98.6,1.13
885,2015,Portland Trail Blazers,51,31,.622,—,102.8,98.6,4.41
886,2015,Oklahoma City Thunder,45,37,.549,6.0,104.0,101.8,2.47
887,2015,Utah Jazz,38,44,.463,13.0,95.1,94.9,0.71
888,2015,Denver Nuggets,30,52,.366,21.0,101.5,105.0,-3.07
889,2015,Minnesota Timberwolves,16,66,.195,35.0,97.8,106.5,-8.00
890,2015,Golden State Warriors,67,15,.817,—,110.0,99.9,10.01
891,2015,Los Angeles Clippers,56,26,.683,11.0,106.7,100.1,6.80
892,2015,Phoenix Suns,39,43,.476,28.0,102.4,103.3,-0.38
893,2015,Sacramento Kings,29,53,.354,38.0,101.3,105.0,-3.07
894,2015,Los Angeles Lakers,21,61,.256,46.0,98.5,105.3,-6.17
895,2015,Houston Rockets,56,26,.683,—,103.9,100.5,3.82
896,2015,Memphis Grizzlies,55,27,.671,1.0,98.3,95.1,3.62
897,2015,San Antonio Spurs,55,27,.671,1.0,103.2,97.0,6.34
898,2015,Dallas Mavericks,50,32,.610,6.0,105.2,102.3,3.36
899,2015,New Orleans Pelicans,45,37,.549,11.0,99.4,98.6,1.13
900,2014,Toronto Raptors,48,34,.585,—,101.3,98.0,2.55
901,2014,Brooklyn Nets,44,38,.537,4.0,98.5,99.5,-1.58
902,2014,New York Knicks,37,45,.451,11.0,98.6,99.4,-1.40
903,2014,Boston Celtics,25,57,.305,23.0,96.2,100.7,-4.97
904,2014,Philadelphia 76ers,19,63,.232,29.0,99.5,109.9,-10.66
905,2014,Indiana Pacers,56,26,.683,—,96.7,92.3,3.63
906,2014,Chicago Bulls,48,34,.585,8.0,93.7,91.8,1.20
907,2014,Cleveland Cavaliers,33,49,.402,23.0,98.2,101.5,-3.86
908,2014,Detroit Pistons,29,53,.354,27.0,101.0,104.7,-4.13
909,2014,Milwaukee Bucks,15,67,.183,41.0,95.5,103.7,-8.41
910,2014,Miami Heat,54,28,.659,—,102.2,97.4,4.15
911,2014,Washington Wizards,44,38,.537,10.0,100.7,99.4,0.48
912,2014,Charlotte Bobcats,43,39,.524,11.0,96.9,97.1,-0.89
913,2014,Atlanta Hawks,38,44,.463,16.0,101.0,101.5,-0.88
914,2014,Orlando Magic,23,59,.280,31.0,96.5,102.0,-5.88
915,2014,Toronto Raptors,48,34,.585,—,101.3,98.0,2.55
916,2014,Brooklyn Nets,44,38,.537,4.0,98.5,99.5,-1.58
917,2014,New York Knicks,37,45,.451,11.0,98.6,99.4,-1.40
918,2014,Boston Celtics,25,57,.305,23.0,96.2,100.7,-4.97
919,2014,Philadelphia 76ers,19,63,.232,29.0,99.5,109.9,-10.66
920,2014,Indiana Pacers,56,26,.683,—,96.7,92.3,3.63
921,2014,Chicago Bulls,48,34,.585,8.0,93.7,91.8,1.20
922,2014,Cleveland Cavaliers,33,49,.402,23.0,98.2,101.5,-3.86
923,2014,Detroit Pistons,29,53,.354,27.0,101.0,104.7,-4.13
924,2014,Milwaukee Bucks,15,67,.183,41.0,95.5,103.7,-8.41
925,2014,Miami Heat,54,28,.659,—,102.2,97.4,4.15
926,2014,Washington Wizards,44,38,.537,10.0,100.7,99.4,0.48
927,2014,Charlotte Bobcats,43,39,.524,11.0,96.9,97.1,-0.89
928,2014,Atlanta Hawks,38,44,.463,16.0,101.0,101.5,-0.88
929,2014,Orlando Magic,23,59,.280,31.0,96.5,102.0,-5.88
930,2014,Toronto Raptors,48,34,.585,—,101.3,98.0,2.55
931,2014,Brooklyn Nets,44,38,.537,4.0,98.5,99.5,-1.58
932,2014,New York Knicks,37,45,.451,11.0,98.6,99.4,-1.40
933,2014,Boston Celtics,25,57,.305,23.0,96.2,100.7,-4.97
934,2014,Philadelphia 76ers,19,63,.232,29.0,99.5,109.9,-10.66
935,2014,Indiana Pacers,56,26,.683,—,96.7,92.3,3.63
936,2014,Chicago Bulls,48,34,.585,8.0,93.7,91.8,1.20
937,2014,Cleveland Cavaliers,33,49,.402,23.0,98.2,101.5,-3.86
938,2014,Detroit Pistons,29,53,.354,27.0,101.0,104.7,-4.13
939,2014,Milwaukee Bucks,15,67,.183,41.0,95.5,103.7,-8.41
940,2014,Miami Heat,54,28,.659,—,102.2,97.4,4.15
941,2014,Washington Wizards,44,38,.537,10.0,100.7,99.4,0.48
942,2014,Charlotte Bobcats,43,39,.524,11.0,96.9,97.1,-0.89
943,2014,Atlanta Hawks,38,44,.463,16.0,101.0,101.5,-0.88
944,2014,Orlando Magic,23,59,.280,31.0,96.5,102.0,-5.88
945,2014,Oklahoma City Thunder,59,23,.720,—,106.2,99.8,6.66
946,2014,Portland Trail Blazers,54,28,.659,5.0,106.7,102.8,4.44
947,2014,Minnesota Timberwolves,40,42,.488,19.0,106.9,104.3,3.10
948,2014,Denver Nuggets,36,46,.439,23.0,104.4,106.5,-1.40
949,2014,Utah Jazz,25,57,.305,34.0,95.0,102.2,-6.27
950,2014,Los Angeles Clippers,57,25,.695,—,107.9,101.0,7.27
951,2014,Golden State Warriors,51,31,.622,6.0,104.3,99.5,5.15
952,2014,Phoenix Suns,48,34,.585,9.0,105.2,102.6,3.02
953,2014,Sacramento Kings,28,54,.341,29.0,100.5,103.4,-2.08
954,2014,Los Angeles Lakers,27,55,.329,30.0,103.0,109.2,-5.33
955,2014,San Antonio Spurs,62,20,.756,—,105.4,97.6,8.00
956,2014,Houston Rockets,54,28,.659,8.0,107.7,103.1,5.06
957,2014,Memphis Grizzlies,50,32,.610,12.0,96.1,94.6,2.18
958,2014,Dallas Mavericks,49,33,.598,13.0,104.8,102.4,2.91
959,2014,New Orleans Pelicans,34,48,.415,28.0,99.7,102.4,-1.98
960,2014,Oklahoma City Thunder,59,23,.720,—,106.2,99.8,6.66
961,2014,Portland Trail Blazers,54,28,.659,5.0,106.7,102.8,4.44
962,2014,Minnesota Timberwolves,40,42,.488,19.0,106.9,104.3,3.10
963,2014,Denver Nuggets,36,46,.439,23.0,104.4,106.5,-1.40
964,2014,Utah Jazz,25,57,.305,34.0,95.0,102.2,-6.27
965,2014,Los Angeles Clippers,57,25,.695,—,107.9,101.0,7.27
966,2014,Golden State Warriors,51,31,.622,6.0,104.3,99.5,5.15
967,2014,Phoenix Suns,48,34,.585,9.0,105.2,102.6,3.02
968,2014,Sacramento Kings,28,54,.341,29.0,100.5,103.4,-2.08
969,2014,Los Angeles Lakers,27,55,.329,30.0,103.0,109.2,-5.33
970,2014,San Antonio Spurs,62,20,.756,—,105.4,97.6,8.00
971,2014,Houston Rockets,54,28,.659,8.0,107.7,103.1,5.06
972,2014,Memphis Grizzlies,50,32,.610,12.0,96.1,94.6,2.18
973,2014,Dallas Mavericks,49,33,.598,13.0,104.8,102.4,2.91
974,2014,New Orleans Pelicans,34,48,.415,28.0,99.7,102.4,-1.98
975,2014,Oklahoma City Thunder,59,23,.720,—,106.2,99.8,6.66
976,2014,Portland Trail Blazers,54,28,.659,5.0,106.7,102.8,4.44
977,2014,Minnesota Timberwolves,40,42,.488,19.0,106.9,104.3,3.10
978,2014,Denver Nuggets,36,46,.439,23.0,104.4,106.5,-1.40
979,2014,Utah Jazz,25,57,.305,34.0,95.0,102.2,-6.27
980,2014,Los Angeles Clippers,57,25,.695,—,107.9,101.0,7.27
981,2014,Golden State Warriors,51,31,.622,6.0,104.3,99.5,5.15
982,2014,Phoenix Suns,48,34,.585,9.0,105.2,102.6,3.02
983,2014,Sacramento Kings,28,54,.341,29.0,100.5,103.4,-2.08
984,2014,Los Angeles Lakers,27,55,.329,30.0,103.0,109.2,-5.33
985,2014,San Antonio Spurs,62,20,.756,—,105.4,97.6,8.00
986,2014,Houston Rockets,54,28,.659,8.0,107.7,103.1,5.06
987,2014,Memphis Grizzlies,50,32,.610,12.0,96.1,94.6,2.18
988,2014,Dallas Mavericks,49,33,.598,13.0,104.8,102.4,2.91
989,2014,New Orleans Pelicans,34,48,.415,28.0,99.7,102.4,-1.98
990,2013,New York Knicks,54,28,.659,—,100.0,95.7,3.73
991,2013,Brooklyn Nets,49,33,.598,5.0,96.9,95.1,1.25
992,2013,Boston Celtics,41,40,.506,12.5,96.5,96.7,-0.62
993,2013,Philadelphia 76ers,34,48,.415,20.0,93.2,96.5,-3.51
994,2013,Toronto Raptors,34,48,.415,20.0,97.2,98.7,-1.96
995,2013,Indiana Pacers,49,32,.605,—,94.7,90.7,3.34
996,2013,Chicago Bulls,45,37,.549,4.5,93.2,92.9,-0.02
997,2013,Milwaukee Bucks,38,44,.463,11.5,98.9,100.4,-1.83
998,2013,Detroit Pistons,29,53,.354,20.5,94.9,98.8,-4.33
999,2013,Cleveland Cavaliers,24,58,.293,25.5,96.5,101.2,-4.87
1000,2013,Miami Heat,66,16,.805,—,102.9,95.0,7.03
1001,2013,Atlanta Hawks,44,38,.537,22.0,98.0,97.5,-0.08
1002,2013,Washington Wizards,29,53,.354,37.0,93.2,95.8,-2.78
1003,2013,Charlotte Bobcats,21,61,.256,45.0,93.4,102.7,-9.29
1004,2013,Orlando Magic,20,62,.244,46.0,94.1,101.1,-7.12
1005,2013,New York Knicks,54,28,.659,—,100.0,95.7,3.73
1006,2013,Brooklyn Nets,49,33,.598,5.0,96.9,95.1,1.25
1007,2013,Boston Celtics,41,40,.506,12.5,96.5,96.7,-0.62
1008,2013,Philadelphia 76ers,34,48,.415,20.0,93.2,96.5,-3.51
1009,2013,Toronto Raptors,34,48,.415,20.0,97.2,98.7,-1.96
1010,2013,Indiana Pacers,49,32,.605,—,94.7,90.7,3.34
1011,2013,Chicago Bulls,45,37,.549,4.5,93.2,92.9,-0.02
1012,2013,Milwaukee Bucks,38,44,.463,11.5,98.9,100.4,-1.83
1013,2013,Detroit Pistons,29,53,.354,20.5,94.9,98.8,-4.33
1014,2013,Cleveland Cavaliers,24,58,.293,25.5,96.5,101.2,-4.87
1015,2013,Miami Heat,66,16,.805,—,102.9,95.0,7.03
1016,2013,Atlanta Hawks,44,38,.537,22.0,98.0,97.5,-0.08
1017,2013,Washington Wizards,29,53,.354,37.0,93.2,95.8,-2.78
1018,2013,Charlotte Bobcats,21,61,.256,45.0,93.4,102.7,-9.29
1019,2013,Orlando Magic,20,62,.244,46.0,94.1,101.1,-7.12
1020,2013,New York Knicks,54,28,.659,—,100.0,95.7,3.73
1021,2013,Brooklyn Nets,49,33,.598,5.0,96.9,95.1,1.25
1022,2013,Boston Celtics,41,40,.506,12.5,96.5,96.7,-0.62
1023,2013,Philadelphia 76ers,34,48,.415,20.0,93.2,96.5,-3.51
1024,2013,Toronto Raptors,34,48,.415,20.0,97.2,98.7,-1.96
1025,2013,Indiana Pacers,49,32,.605,—,94.7,90.7,3.34
1026,2013,Chicago Bulls,45,37,.549,4.5,93.2,92.9,-0.02
1027,2013,Milwaukee Bucks,38,44,.463,11.5,98.9,100.4,-1.83
1028,2013,Detroit Pistons,29,53,.354,20.5,94.9,98.8,-4.33
1029,2013,Cleveland Cavaliers,24,58,.293,25.5,96.5,101.2,-4.87
1030,2013,Miami Heat,66,16,.805,—,102.9,95.0,7.03
1031,2013,Atlanta Hawks,44,38,.537,22.0,98.0,97.5,-0.08
1032,2013,Washington Wizards,29,53,.354,37.0,93.2,95.8,-2.78
1033,2013,Charlotte Bobcats,21,61,.256,45.0,93.4,102.7,-9.29
1034,2013,Orlando Magic,20,62,.244,46.0,94.1,101.1,-7.12
1035,2013,Oklahoma City Thunder,60,22,.732,—,105.7,96.5,9.15
1036,2013,Denver Nuggets,57,25,.695,3.0,106.1,101.1,5.37
1037,2013,Utah Jazz,43,39,.524,17.0,98.0,98.1,0.30
1038,2013,Portland Trail Blazers,33,49,.402,27.0,97.5,100.7,-2.53
1039,2013,Minnesota Timberwolves,31,51,.378,29.0,95.7,98.1,-1.83
1040,2013,Los Angeles Clippers,56,26,.683,—,101.1,94.6,6.43
1041,2013,Golden State Warriors,47,35,.573,9.0,101.2,100.3,1.32
1042,2013,Los Angeles Lakers,45,37,.549,11.0,102.2,101.0,1.48
1043,2013,Sacramento Kings,28,54,.341,28.0,100.2,105.1,-4.26
1044,2013,Phoenix Suns,25,57,.305,31.0,95.2,101.6,-5.75
1045,2013,San Antonio Spurs,58,24,.707,—,103.0,96.6,6.67
1046,2013,Memphis Grizzlies,56,26,.683,2.0,93.4,89.3,4.32
1047,2013,Houston Rockets,45,37,.549,13.0,106.0,102.5,3.69
1048,2013,Dallas Mavericks,41,41,.500,17.0,101.1,101.7,-0.24
1049,2013,New Orleans Hornets,27,55,.329,31.0,94.1,97.9,-3.12
1050,2013,Oklahoma City Thunder,60,22,.732,—,105.7,96.5,9.15
1051,2013,Denver Nuggets,57,25,.695,3.0,106.1,101.1,5.37
1052,2013,Utah Jazz,43,39,.524,17.0,98.0,98.1,0.30
1053,2013,Portland Trail Blazers,33,49,.402,27.0,97.5,100.7,-2.53
1054,2013,Minnesota Timberwolves,31,51,.378,29.0,95.7,98.1,-1.83
1055,2013,Los Angeles Clippers,56,26,.683,—,101.1,94.6,6.43
1056,2013,Golden State Warriors,47,35,.573,9.0,101.2,100.3,1.32
1057,2013,Los Angeles Lakers,45,37,.549,11.0,102.2,101.0,1.48
1058,2013,Sacramento Kings,28,54,.341,28.0,100.2,105.1,-4.26
1059,2013,Phoenix Suns,25,57,.305,31.0,95.2,101.6,-5.75
1060,2013,San Antonio Spurs,58,24,.707,—,103.0,96.6,6.67
1061,2013,Memphis Grizzlies,56,26,.683,2.0,93.4,89.3,4.32
1062,2013,Houston Rockets,45,37,.549,13.0,106.0,102.5,3.69
1063,2013,Dallas Mavericks,41,41,.500,17.0,101.1,101.7,-0.24
1064,2013,New Orleans Hornets,27,55,.329,31.0,94.1,97.9,-3.12
1065,2013,Oklahoma City Thunder,60,22,.732,—,105.7,96.5,9.15
1066,2013,Denver Nuggets,57,25,.695,3.0,106.1,101.1,5.37
1067,2013,Utah Jazz,43,39,.524,17.0,98.0,98.1,0.30
1068,2013,Portland Trail Blazers,33,49,.402,27.0,97.5,100.7,-2.53
1069,2013,Minnesota Timberwolves,31,51,.378,29.0,95.7,98.1,-1.83
1070,2013,Los Angeles Clippers,56,26,.683,—,101.1,94.6,6.43
1071,2013,Golden State Warriors,47,35,.573,9.0,101.2,100.3,1.32
1072,2013,Los Angeles Lakers,45,37,.549,11.0,102.2,101.0,1.48
1073,2013,Sacramento Kings,28,54,.341,28.0,100.2,105.1,-4.26
1074,2013,Phoenix Suns,25,57,.305,31.0,95.2,101.6,-5.75
1075,2013,San Antonio Spurs,58,24,.707,—,103.0,96.6,6.67
1076,2013,Memphis Grizzlies,56,26,.683,2.0,93.4,89.3,4.32
1077,2013,Houston Rockets,45,37,.549,13.0,106.0,102.5,3.69
1078,2013,Dallas Mavericks,41,41,.500,17.0,101.1,101.7,-0.24
1079,2013,New Orleans Hornets,27,55,.329,31.0,94.1,97.9,-3.12
1080,2012,Boston Celtics,39,27,.591,—,91.8,89.3,2.26
1081,2012,New York Knicks,36,30,.545,3.0,97.8,94.7,2.39
1082,2012,Philadelphia 76ers,35,31,.530,4.0,93.6,89.4,3.59
1083,2012,Toronto Raptors,23,43,.348,16.0,90.7,94.0,-3.67
1084,2012,New Jersey Nets,22,44,.333,17.0,93.1,99.1,-6.37
1085,2012,Chicago Bulls,50,16,.758,—,96.3,88.2,7.43
1086,2012,Indiana Pacers,42,24,.636,8.0,97.7,94.4,2.60
1087,2012,Milwaukee Bucks,31,35,.470,19.0,99.0,98.7,-0.23
1088,2012,Detroit Pistons,25,41,.379,25.0,90.9,95.7,-5.19
1089,2012,Cleveland Cavaliers,21,45,.318,29.0,93.0,100.2,-7.34
1090,2012,Miami Heat,46,20,.697,—,98.5,92.5,5.72
1091,2012,Atlanta Hawks,40,26,.606,6.0,96.6,93.2,2.67
1092,2012,Orlando Magic,37,29,.561,9.0,94.2,93.4,0.46
1093,2012,Washington Wizards,20,46,.303,26.0,93.6,98.4,-5.14
1094,2012,Charlotte Bobcats,7,59,.106,39.0,87.0,100.9,-13.96
1095,2012,Boston Celtics,39,27,.591,—,91.8,89.3,2.26
1096,2012,New York Knicks,36,30,.545,3.0,97.8,94.7,2.39
1097,2012,Philadelphia 76ers,35,31,.530,4.0,93.6,89.4,3.59
1098,2012,Toronto Raptors,23,43,.348,16.0,90.7,94.0,-3.67
1099,2012,New Jersey Nets,22,44,.333,17.0,93.1,99.1,-6.37
1100,2012,Chicago Bulls,50,16,.758,—,96.3,88.2,7.43
1101,2012,Indiana Pacers,42,24,.636,8.0,97.7,94.4,2.60
1102,2012,Milwaukee Bucks,31,35,.470,19.0,99.0,98.7,-0.23
1103,2012,Detroit Pistons,25,41,.379,25.0,90.9,95.7,-5.19
1104,2012,Cleveland Cavaliers,21,45,.318,29.0,93.0,100.2,-7.34
1105,2012,Miami Heat,46,20,.697,—,98.5,92.5,5.72
1106,2012,Atlanta Hawks,40,26,.606,6.0,96.6,93.2,2.67
1107,2012,Orlando Magic,37,29,.561,9.0,94.2,93.4,0.46
1108,2012,Washington Wizards,20,46,.303,26.0,93.6,98.4,-5.14
1109,2012,Charlotte Bobcats,7,59,.106,39.0,87.0,100.9,-13.96
1110,2012,Boston Celtics,39,27,.591,—,91.8,89.3,2.26
1111,2012,New York Knicks,36,30,.545,3.0,97.8,94.7,2.39
1112,2012,Philadelphia 76ers,35,31,.530,4.0,93.6,89.4,3.59
1113,2012,Toronto Raptors,23,43,.348,16.0,90.7,94.0,-3.67
1114,2012,New Jersey Nets,22,44,.333,17.0,93.1,99.1,-6.37
1115,2012,Chicago Bulls,50,16,.758,—,96.3,88.2,7.43
1116,2012,Indiana Pacers,42,24,.636,8.0,97.7,94.4,2.60
1117,2012,Milwaukee Bucks,31,35,.470,19.0,99.0,98.7,-0.23
1118,2012,Detroit Pistons,25,41,.379,25.0,90.9,95.7,-5.19
1119,2012,Cleveland Cavaliers,21,45,.318,29.0,93.0,100.2,-7.34
1120,2012,Miami Heat,46,20,.697,—,98.5,92.5,5.72
1121,2012,Atlanta Hawks,40,26,.606,6.0,96.6,93.2,2.67
1122,2012,Orlando Magic,37,29,.561,9.0,94.2,93.4,0.46
1123,2012,Washington Wizards,20,46,.303,26.0,93.6,98.4,-5.14
1124,2012,Charlotte Bobcats,7,59,.106,39.0,87.0,100.9,-13.96
1125,2012,Oklahoma City Thunder,47,19,.712,—,103.1,96.9,6.44
1126,2012,Denver Nuggets,38,28,.576,9.0,104.1,101.2,3.16
1127,2012,Utah Jazz,36,30,.545,11.0,99.7,99.0,0.92
1128,2012,Portland Trail Blazers,28,38,.424,19.0,97.2,97.8,-0.22
1129,2012,Minnesota Timberwolves,26,40,.394,21.0,97.9,100.1,-1.83
1130,2012,Los Angeles Lakers,41,25,.621,—,97.3,95.9,1.96
1131,2012,Los Angeles Clippers,40,26,.606,1.0,97.5,95.0,2.82
1132,2012,Phoenix Suns,33,33,.500,8.0,98.4,98.6,0.29
1133,2012,Golden State Warriors,23,43,.348,18.0,97.8,101.2,-2.79
1134,2012,Sacramento Kings,22,44,.333,19.0,98.8,104.4,-4.95
1135,2012,San Antonio Spurs,50,16,.758,—,103.7,96.5,7.28
1136,2012,Memphis Grizzlies,41,25,.621,9.0,95.0,93.0,2.43
1137,2012,Dallas Mavericks,36,30,.545,14.0,95.8,94.8,1.78
1138,2012,Houston Rockets,34,32,.515,16.0,98.1,97.9,0.57
1139,2012,New Orleans Hornets,21,45,.318,29.0,89.6,93.4,-3.11
1140,2012,Oklahoma City Thunder,47,19,.712,—,103.1,96.9,6.44
1141,2012,Denver Nuggets,38,28,.576,9.0,104.1,101.2,3.16
1142,2012,Utah Jazz,36,30,.545,11.0,99.7,99.0,0.92
1143,2012,Portland Trail Blazers,28,38,.424,19.0,97.2,97.8,-0.22
1144,2012,Minnesota Timberwolves,26,40,.394,21.0,97.9,100.1,-1.83
1145,2012,Los Angeles Lakers,41,25,.621,—,97.3,95.9,1.96
1146,2012,Los Angeles Clippers,40,26,.606,1.0,97.5,95.0,2.82
1147,2012,Phoenix Suns,33,33,.500,8.0,98.4,98.6,0.29
1148,2012,Golden State Warriors,23,43,.348,18.0,97.8,101.2,-2.79
1149,2012,Sacramento Kings,22,44,.333,19.0,98.8,104.4,-4.95
1150,2012,San Antonio Spurs,50,16,.758,—,103.7,96.5,7.28
1151,2012,Memphis Grizzlies,41,25,.621,9.0,95.0,93.0,2.43
1152,2012,Dallas Mavericks,36,30,.545,14.0,95.8,94.8,1.78
1153,2012,Houston Rockets,34,32,.515,16.0,98.1,97.9,0.57
1154,2012,New Orleans Hornets,21,45,.318,29.0,89.6,93.4,-3.11
1155,2012,Oklahoma City Thunder,47,19,.712,—,103.1,96.9,6.44
1156,2012,Denver Nuggets,38,28,.576,9.0,104.1,101.2,3.16
1157,2012,Utah Jazz,36,30,.545,11.0,99.7,99.0,0.92
1158,2012,Portland Trail Blazers,28,38,.424,19.0,97.2,97.8,-0.22
1159,2012,Minnesota Timberwolves,26,40,.394,21.0,97.9,100.1,-1.83
1160,2012,Los Angeles Lakers,41,25,.621,—,97.3,95.9,1.96
1161,2012,Los Angeles Clippers,40,26,.606,1.0,97.5,95.0,2.82
1162,2012,Phoenix Suns,33,33,.500,8.0,98.4,98.6,0.29
1163,2012,Golden State Warriors,23,43,.348,18.0,97.8,101.2,-2.79
1164,2012,Sacramento Kings,22,44,.333,19.0,98.8,104.4,-4.95
1165,2012,San Antonio Spurs,50,16,.758,—,103.7,96.5,7.28
1166,2012,Memphis Grizzlies,41,25,.621,9.0,95.0,93.0,2.43
1167,2012,Dallas Mavericks,36,30,.545,14.0,95.8,94.8,1.78
1168,2012,Houston Rockets,34,32,.515,16.0,98.1,97.9,0.57
1169,2012,New Orleans Hornets,21,45,.318,29.0,89.6,93.4,-3.11
1170,2011,Boston Celtics,56,26,.683,—,96.5,91.1,4.83
1171,2011,New York Knicks,42,40,.512,14.0,106.5,105.7,0.48
1172,2011,Philadelphia 76ers,41,41,.500,15.0,99.0,97.5,1.01
1173,2011,New Jersey Nets,24,58,.293,32.0,94.2,100.4,-6.28
1174,2011,Toronto Raptors,22,60,.268,34.0,99.1,105.4,-6.28
1175,2011,Chicago Bulls,62,20,.756,—,98.6,91.3,6.53
1176,2011,Indiana Pacers,37,45,.451,25.0,99.8,100.9,-1.38
1177,2011,Milwaukee Bucks,35,47,.427,27.0,91.9,92.7,-1.02
1178,2011,Detroit Pistons,30,52,.366,32.0,97.0,100.6,-3.78
1179,2011,Cleveland Cavaliers,19,63,.232,43.0,95.5,104.5,-8.88
1180,2011,Miami Heat,58,24,.707,—,102.1,94.6,6.76
1181,2011,Orlando Magic,52,30,.634,6.0,99.2,93.7,4.92
1182,2011,Atlanta Hawks,44,38,.537,14.0,95.0,95.8,-1.10
1183,2011,Charlotte Bobcats,34,48,.415,24.0,93.3,97.3,-4.08
1184,2011,Washington Wizards,23,59,.280,35.0,97.3,104.7,-7.30
1185,2011,Boston Celtics,56,26,.683,—,96.5,91.1,4.83
1186,2011,New York Knicks,42,40,.512,14.0,106.5,105.7,0.48
1187,2011,Philadelphia 76ers,41,41,.500,15.0,99.0,97.5,1.01
1188,2011,New Jersey Nets,24,58,.293,32.0,94.2,100.4,-6.28
1189,2011,Toronto Raptors,22,60,.268,34.0,99.1,105.4,-6.28
1190,2011,Chicago Bulls,62,20,.756,—,98.6,91.3,6.53
1191,2011,Indiana Pacers,37,45,.451,25.0,99.8,100.9,-1.38
1192,2011,Milwaukee Bucks,35,47,.427,27.0,91.9,92.7,-1.02
1193,2011,Detroit Pistons,30,52,.366,32.0,97.0,100.6,-3.78
1194,2011,Cleveland Cavaliers,19,63,.232,43.0,95.5,104.5,-8.88
1195,2011,Miami Heat,58,24,.707,—,102.1,94.6,6.76
1196,2011,Orlando Magic,52,30,.634,6.0,99.2,93.7,4.92
1197,2011,Atlanta Hawks,44,38,.537,14.0,95.0,95.8,-1.10
1198,2011,Charlotte Bobcats,34,48,.415,24.0,93.3,97.3,-4.08
1199,2011,Washington Wizards,23,59,.280,35.0,97.3,104.7,-7.30
1200,2011,Boston Celtics,56,26,.683,—,96.5,91.1,4.83
1201,2011,New York Knicks,42,40,.512,14.0,106.5,105.7,0.48
1202,2011,Philadelphia 76ers,41,41,.500,15.0,99.0,97.5,1.01
1203,2011,New Jersey Nets,24,58,.293,32.0,94.2,100.4,-6.28
1204,2011,Toronto Raptors,22,60,.268,34.0,99.1,105.4,-6.28
1205,2011,Chicago Bulls,62,20,.756,—,98.6,91.3,6.53
1206,2011,Indiana Pacers,37,45,.451,25.0,99.8,100.9,-1.38
1207,2011,Milwaukee Bucks,35,47,.427,27.0,91.9,92.7,-1.02
1208,2011,Detroit Pistons,30,52,.366,32.0,97.0,100.6,-3.78
1209,2011,Cleveland Cavaliers,19,63,.232,43.0,95.5,104.5,-8.88
1210,2011,Miami Heat,58,24,.707,—,102.1,94.6,6.76
1211,2011,Orlando Magic,52,30,.634,6.0,99.2,93.7,4.92
1212,2011,Atlanta Hawks,44,38,.537,14.0,95.0,95.8,-1.10
1213,2011,Charlotte Bobcats,34,48,.415,24.0,93.3,97.3,-4.08
1214,2011,Washington Wizards,23,59,.280,35.0,97.3,104.7,-7.30
1215,2011,Oklahoma City Thunder,55,27,.671,—,104.8,101.0,3.81
1216,2011,Denver Nuggets,50,32,.610,5.0,107.5,102.7,4.81
1217,2011,Portland Trail Blazers,48,34,.585,7.0,96.3,94.8,1.85
1218,2011,Utah Jazz,39,43,.476,16.0,99.4,101.3,-1.44
1219,2011,Minnesota Timberwolves,17,65,.207,38.0,101.1,107.7,-5.97
1220,2011,Los Angeles Lakers,57,25,.695,—,101.5,95.4,6.01
1221,2011,Phoenix Suns,40,42,.488,17.0,105.0,105.9,-0.46
1222,2011,Golden State Warriors,36,46,.439,21.0,103.4,105.7,-2.00
1223,2011,Los Angeles Clippers,32,50,.390,25.0,98.6,101.8,-2.71
1224,2011,Sacramento Kings,24,58,.293,33.0,99.4,104.7,-4.80
1225,2011,San Antonio Spurs,61,21,.744,—,103.7,98.0,5.86
1226,2011,Dallas Mavericks,57,25,.695,4.0,100.2,96.0,4.41
1227,2011,New Orleans Hornets,46,36,.561,15.0,94.9,94.0,1.28
1228,2011,Memphis Grizzlies,46,36,.561,15.0,99.9,97.6,2.55
1229,2011,Houston Rockets,43,39,.524,18.0,105.9,103.7,2.37
1230,2011,Oklahoma City Thunder,55,27,.671,—,104.8,101.0,3.81
1231,2011,Denver Nuggets,50,32,.610,5.0,107.5,102.7,4.81
1232,2011,Portland Trail Blazers,48,34,.585,7.0,96.3,94.8,1.85
1233,2011,Utah Jazz,39,43,.476,16.0,99.4,101.3,-1.44
1234,2011,Minnesota Timberwolves,17,65,.207,38.0,101.1,107.7,-5.97
1235,2011,Los Angeles Lakers,57,25,.695,—,101.5,95.4,6.01
1236,2011,Phoenix Suns,40,42,.488,17.0,105.0,105.9,-0.46
1237,2011,Golden State Warriors,36,46,.439,21.0,103.4,105.7,-2.00
1238,2011,Los Angeles Clippers,32,50,.390,25.0,98.6,101.8,-2.71
1239,2011,Sacramento Kings,24,58,.293,33.0,99.4,104.7,-4.80
1240,2011,San Antonio Spurs,61,21,.744,—,103.7,98.0,5.86
1241,2011,Dallas Mavericks,57,25,.695,4.0,100.2,96.0,4.41
1242,2011,New Orleans Hornets,46,36,.561,15.0,94.9,94.0,1.28
1243,2011,Memphis Grizzlies,46,36,.561,15.0,99.9,97.6,2.55
1244,2011,Houston Rockets,43,39,.524,18.0,105.9,103.7,2.37
1245,2011,Oklahoma City Thunder,55,27,.671,—,104.8,101.0,3.81
1246,2011,Denver Nuggets,50,32,.610,5.0,107.5,102.7,4.81
1247,2011,Portland Trail Blazers,48,34,.585,7.0,96.3,94.8,1.85
1248,2011,Utah Jazz,39,43,.476,16.0,99.4,101.3,-1.44
1249,2011,Minnesota Timberwolves,17,65,.207,38.0,101.1,107.7,-5.97
1250,2011,Los Angeles Lakers,57,25,.695,—,101.5,95.4,6.01
1251,2011,Phoenix Suns,40,42,.488,17.0,105.0,105.9,-0.46
1252,2011,Golden State Warriors,36,46,.439,21.0,103.4,105.7,-2.00
1253,2011,Los Angeles Clippers,32,50,.390,25.0,98.6,101.8,-2.71
1254,2011,Sacramento Kings,24,58,.293,33.0,99.4,104.7,-4.80
1255,2011,San Antonio Spurs,61,21,.744,—,103.7,98.0,5.86
1256,2011,Dallas Mavericks,57,25,.695,4.0,100.2,96.0,4.41
1257,2011,New Orleans Hornets,46,36,.561,15.0,94.9,94.0,1.28
1258,2011,Memphis Grizzlies,46,36,.561,15.0,99.9,97.6,2.55
1259,2011,Houston Rockets,43,39,.524,18.0,105.9,103.7,2.37
1260,2010,Boston Celtics,50,32,.610,—,99.2,95.6,3.37
1261,2010,Toronto Raptors,40,42,.488,10.0,104.1,105.9,-1.83
1262,2010,New York Knicks,29,53,.354,21.0,102.1,105.9,-4.01
1263,2010,Philadelphia 76ers,27,55,.329,23.0,97.7,101.6,-3.93
1264,2010,New Jersey Nets,12,70,.146,38.0,92.4,101.5,-8.93
1265,2010,Cleveland Cavaliers,61,21,.744,—,102.1,95.6,6.17
1266,2010,Milwaukee Bucks,46,36,.561,15.0,97.7,96.0,1.37
1267,2010,Chicago Bulls,41,41,.500,20.0,97.5,99.1,-1.64
1268,2010,Indiana Pacers,32,50,.390,29.0,100.8,103.8,-3.11
1269,2010,Detroit Pistons,27,55,.329,34.0,94.0,99.1,-5.02
1270,2010,Orlando Magic,59,23,.720,—,102.8,95.3,7.12
1271,2010,Atlanta Hawks,53,29,.646,6.0,101.7,97.0,4.44
1272,2010,Miami Heat,47,35,.573,12.0,96.5,94.2,1.99
1273,2010,Charlotte Bobcats,44,38,.537,15.0,95.3,93.8,1.30
1274,2010,Washington Wizards,26,56,.317,33.0,96.2,101.0,-4.72
1275,2010,Boston Celtics,50,32,.610,—,99.2,95.6,3.37
1276,2010,Toronto Raptors,40,42,.488,10.0,104.1,105.9,-1.83
1277,2010,New York Knicks,29,53,.354,21.0,102.1,105.9,-4.01
1278,2010,Philadelphia 76ers,27,55,.329,23.0,97.7,101.6,-3.93
1279,2010,New Jersey Nets,12,70,.146,38.0,92.4,101.5,-8.93
1280,2010,Cleveland Cavaliers,61,21,.744,—,102.1,95.6,6.17
1281,2010,Milwaukee Bucks,46,36,.561,15.0,97.7,96.0,1.37
1282,2010,Chicago Bulls,41,41,.500,20.0,97.5,99.1,-1.64
1283,2010,Indiana Pacers,32,50,.390,29.0,100.8,103.8,-3.11
1284,2010,Detroit Pistons,27,55,.329,34.0,94.0,99.1,-5.02
1285,2010,Orlando Magic,59,23,.720,—,102.8,95.3,7.12
1286,2010,Atlanta Hawks,53,29,.646,6.0,101.7,97.0,4.44
1287,2010,Miami Heat,47,35,.573,12.0,96.5,94.2,1.99
1288,2010,Charlotte Bobcats,44,38,.537,15.0,95.3,93.8,1.30
1289,2010,Washington Wizards,26,56,.317,33.0,96.2,101.0,-4.72
1290,2010,Boston Celtics,50,32,.610,—,99.2,95.6,3.37
1291,2010,Toronto Raptors,40,42,.488,10.0,104.1,105.9,-1.83
1292,2010,New York Knicks,29,53,.354,21.0,102.1,105.9,-4.01
1293,2010,Philadelphia 76ers,27,55,.329,23.0,97.7,101.6,-3.93
1294,2010,New Jersey Nets,12,70,.146,38.0,92.4,101.5,-8.93
1295,2010,Cleveland Cavaliers,61,21,.744,—,102.1,95.6,6.17
1296,2010,Milwaukee Bucks,46,36,.561,15.0,97.7,96.0,1.37
1297,2010,Chicago Bulls,41,41,.500,20.0,97.5,99.1,-1.64
1298,2010,Indiana Pacers,32,50,.390,29.0,100.8,103.8,-3.11
1299,2010,Detroit Pistons,27,55,.329,34.0,94.0,99.1,-5.02
1300,2010,Orlando Magic,59,23,.720,—,102.8,95.3,7.12
1301,2010,Atlanta Hawks,53,29,.646,6.0,101.7,97.0,4.44
1302,2010,Miami Heat,47,35,.573,12.0,96.5,94.2,1.99
1303,2010,Charlotte Bobcats,44,38,.537,15.0,95.3,93.8,1.30
1304,2010,Washington Wizards,26,56,.317,33.0,96.2,101.0,-4.72
1305,2010,Denver Nuggets,53,29,.646,—,106.5,102.4,4.15
1306,2010,Utah Jazz,53,29,.646,—,104.2,98.9,5.33
1307,2010,Portland Trail Blazers,50,32,.610,3.0,98.1,94.8,3.18
1308,2010,Oklahoma City Thunder,50,32,.610,3.0,101.5,98.0,3.55
1309,2010,Minnesota Timberwolves,15,67,.183,38.0,98.2,107.8,-9.06
1310,2010,Los Angeles Lakers,57,25,.695,—,101.7,97.0,4.78
1311,2010,Phoenix Suns,54,28,.659,3.0,110.2,105.3,4.67
1312,2010,Los Angeles Clippers,29,53,.354,28.0,95.7,102.1,-6.01
1313,2010,Golden State Warriors,26,56,.317,31.0,108.8,112.4,-3.28
1314,2010,Sacramento Kings,25,57,.305,32.0,100.0,104.4,-4.06
1315,2010,Dallas Mavericks,55,27,.671,—,102.0,99.3,2.66
1316,2010,San Antonio Spurs,50,32,.610,5.0,101.4,96.3,5.07
1317,2010,Houston Rockets,42,40,.512,13.0,102.4,102.7,-0.02
1318,2010,Memphis Grizzlies,40,42,.488,15.0,102.5,104.0,-1.39
1319,2010,New Orleans Hornets,37,45,.451,18.0,100.2,102.7,-2.27
1320,2010,Denver Nuggets,53,29,.646,—,106.5,102.4,4.15
1321,2010,Utah Jazz,53,29,.646,—,104.2,98.9,5.33
1322,2010,Portland Trail Blazers,50,32,.610,3.0,98.1,94.8,3.18
1323,2010,Oklahoma City Thunder,50,32,.610,3.0,101.5,98.0,3.55
1324,2010,Minnesota Timberwolves,15,67,.183,38.0,98.2,107.8,-9.06
1325,2010,Los Angeles Lakers,57,25,.695,—,101.7,97.0,4.78
1326,2010,Phoenix Suns,54,28,.659,3.0,110.2,105.3,4.67
1327,2010,Los Angeles Clippers,29,53,.354,28.0,95.7,102.1,-6.01
1328,2010,Golden State Warriors,26,56,.317,31.0,108.8,112.4,-3.28
1329,2010,Sacramento Kings,25,57,.305,32.0,100.0,104.4,-4.06
1330,2010,Dallas Mavericks,55,27,.671,—,102.0,99.3,2.66
1331,2010,San Antonio Spurs,50,32,.610,5.0,101.4,96.3,5.07
1332,2010,Houston Rockets,42,40,.512,13.0,102.4,102.7,-0.02
1333,2010,Memphis Grizzlies,40,42,.488,15.0,102.5,104.0,-1.39
1334,2010,New Orleans Hornets,37,45,.451,18.0,100.2,102.7,-2.27
1335,2010,Denver Nuggets,53,29,.646,—,106.5,102.4,4.15
1336,2010,Utah Jazz,53,29,.646,—,104.2,98.9,5.33
1337,2010,Portland Trail Blazers,50,32,.610,3.0,98.1,94.8,3.18
1338,2010,Oklahoma City Thunder,50,32,.610,3.0,101.5,98.0,3.55
1339,2010,Minnesota Timberwolves,15,67,.183,38.0,98.2,107.8,-9.06
1340,2010,Los Angeles Lakers,57,25,.695,—,101.7,97.0,4.78
1341,2010,Phoenix Suns,54,28,.659,3.0,110.2,105.3,4.67
1342,2010,Los Angeles Clippers,29,53,.354,28.0,95.7,102.1,-6.01
1343,2010,Golden State Warriors,26,56,.317,31.0,108.8,112.4,-3.28
1344,2010,Sacramento Kings,25,57,.305,32.0,100.0,104.4,-4.06
1345,2010,Dallas Mavericks,55,27,.671,—,102.0,99.3,2.66
1346,2010,San Antonio Spurs,50,32,.610,5.0,101.4,96.3,5.07
1347,2010,Houston Rockets,42,40,.512,13.0,102.4,102.7,-0.02
1348,2010,Memphis Grizzlies,40,42,.488,15.0,102.5,104.0,-1.39
1349,2010,New Orleans Hornets,37,45,.451,18.0,100.2,102.7,-2.27
