,Year,Name,Position,Age,Team,Games Played,Games Started,MPG,FG,FGA,FG%,3P,3PA,3P%,2P,2PA,2P%,eFG%,FT,FTA,FT%,ORB,DRB,TRB,AST,STL,BLK,TOV,PF,PTS,Previous Times All-Star,Win Percent,PTS/FGA,% All Star
0,2024,Joel Embiid,C,29,PHI,79,79,34.0,11.6,21.7,.534,1.1,3.3,.338,10.4,18.3,.570,.560,10.2,11.4,.890,2.9,8.9,11.8,6.0,1.1,1.9,3.8,2.8,34.4,5,.692,1.5852534562211982,99.95
1,2024,Giannis Antetokounmpo,PF,29,MIL,81,81,34.7,11.4,18.7,.611,0.4,1.7,.222,11.0,17.0,.651,.621,7.4,11.2,.662,2.7,8.4,11.1,5.4,1.5,1.2,3.8,2.8,30.6,7,.741,1.6363636363636365,99.81
2,2024,Luka Dončić,PG,24,DAL,81,81,36.7,11.3,23.1,.490,3.9,10.2,.384,7.4,12.9,.575,.575,6.3,8.0,.790,0.8,7.6,8.4,9.1,1.3,0.5,4.0,1.8,32.9,4,.615,1.424242424242424,99.57
3,2024,Nikola Jokić,C,28,DEN,81,81,33.3,10.2,19.0,.539,1.1,3.6,.306,9.1,15.3,.594,.568,4.9,6.1,.789,3.3,9.0,12.3,9.4,1.2,0.7,2.7,2.6,26.4,5,.643,1.3894736842105262,99.54
4,2024,Shai Gilgeous-Alexander,PG,25,OKC,81,81,34.7,11.1,20.6,.538,1.0,3.2,.325,10.0,17.4,.578,.564,7.5,8.2,.914,0.9,4.8,5.7,6.4,2.8,0.8,2.0,2.5,30.7,1,.680,1.4902912621359221,99.41
5,2024,Kevin Durant,PF,35,PHO,78,78,36.7,10.8,20.8,.518,2.2,4.7,.467,8.6,16.2,.532,.570,7.3,8.3,.870,0.4,5.7,6.1,5.6,0.8,1.1,3.4,1.9,31.0,10,.519,1.4903846153846154,99.18
6,2024,LeBron James,PF,39,LAL,80,80,34.0,9.4,17.4,.539,2.3,5.8,.393,7.1,11.6,.612,.604,4.1,5.8,.715,1.0,6.7,7.6,7.2,1.5,0.6,3.3,1.1,25.2,19,.556,1.4482758620689655,99.0
7,2024,Anthony Davis,C,30,LAL,80,80,35.2,9.2,16.7,.549,0.3,0.8,.368,8.9,15.9,.558,.558,5.6,6.9,.820,3.5,9.0,12.6,3.0,1.1,2.6,2.0,2.6,24.2,6,.556,1.4491017964071857,96.9
8,2024,Tyrese Haliburton,PG,23,IND,79,79,33.7,8.7,17.2,.507,3.5,8.3,.429,5.2,9.0,.579,.609,3.9,4.5,.869,0.7,3.4,4.0,11.9,0.9,0.6,2.6,1.1,24.9,1,.520,1.447674418604651,96.36
9,2024,De'Aaron Fox,PG,26,SAC,76,76,35.4,10.5,22.1,.477,3.2,8.3,.382,7.4,13.8,.534,.549,5.9,8.1,.727,0.8,3.6,4.4,6.4,1.5,0.3,2.5,2.7,30.1,1,.640,1.3619909502262444,96.19
10,2024,Damian Lillard,PG,33,MIL,80,80,35.4,7.7,17.4,.441,3.3,8.8,.374,4.4,8.6,.509,.536,7.7,8.4,.919,0.6,3.9,4.5,7.0,1.1,0.2,2.7,1.6,26.3,6,.741,1.5114942528735633,95.85
11,2024,Devin Booker,SG,27,PHO,73,73,35.7,9.4,19.7,.476,2.0,5.2,.383,7.4,14.5,.510,.527,7.2,7.9,.908,0.9,4.7,5.6,8.2,0.7,0.4,3.1,3.4,27.9,2,.519,1.416243654822335,94.99
12,2024,Trae Young,PG,25,ATL,80,80,36.0,8.7,20.3,.429,3.4,9.0,.378,5.3,11.3,.470,.513,7.3,8.3,.875,0.6,2.4,3.0,11.0,1.3,0.2,4.2,1.8,28.1,2,.423,1.3842364532019704,94.38
13,2024,Domantas Sabonis,C,27,SAC,82,82,34.9,7.2,12.5,.580,0.5,1.3,.406,6.7,11.2,.600,.601,3.9,5.8,.674,3.4,8.9,12.3,7.2,0.9,0.7,3.0,3.2,18.9,3,.640,1.5119999999999998,89.76
14,2024,Jayson Tatum,PF,25,BOS,82,82,36.8,9.3,19.5,.476,3.0,8.6,.345,6.3,11.0,.579,.552,5.2,6.6,.795,0.9,7.8,8.7,4.2,1.0,0.5,3.0,2.2,26.8,4,.769,1.3743589743589744,89.69
15,2024,Tyrese Maxey,PG,23,PHI,81,81,37.0,8.8,19.2,.460,3.2,8.1,.399,5.6,11.1,.505,.545,4.8,5.4,.896,0.6,3.4,4.0,6.7,0.9,0.6,1.4,1.8,25.8,0,.692,1.34375,88.46
16,2024,Kawhi Leonard,SF,32,LAC,82,82,34.4,8.9,17.2,.520,2.4,5.4,.440,6.5,11.7,.557,.590,3.9,4.5,.872,1.0,4.8,5.8,3.5,1.5,0.7,1.5,1.5,24.2,5,.615,1.4069767441860466,87.92
17,2024,Stephen Curry,PG,35,GSW,80,80,33.9,8.8,18.9,.464,4.8,11.6,.416,3.9,7.2,.541,.592,5.9,6.3,.936,0.6,4.2,4.7,4.4,0.7,0.3,3.4,1.8,28.2,8,.481,1.492063492063492,87.44
18,2024,Jalen Brunson,PG,27,NYK,82,82,35.6,9.0,19.0,.475,3.1,6.7,.460,5.9,12.3,.483,.556,4.5,5.7,.803,0.7,3.2,3.9,5.8,1.2,0.1,2.3,2.2,25.6,0,.577,1.3473684210526315,87.01
19,2024,Bam Adebayo,C,26,MIA,72,72,33.7,8.4,16.2,.516,0.1,0.2,.333,8.3,16.0,.518,.518,5.5,6.8,.809,2.1,7.6,9.7,4.0,1.2,1.0,2.5,2.5,22.2,2,.556,1.3703703703703705,84.41
20,2024,Anthony Edwards,SG,22,MIN,79,79,33.9,8.7,19.2,.452,2.5,6.4,.383,6.2,12.8,.486,.515,4.8,5.6,.854,0.7,4.7,5.4,5.1,1.4,0.5,3.1,1.9,24.6,1,.800,1.2812500000000002,84.33
21,2024,Karl-Anthony Towns,PF,28,MIN,82,82,33.1,8.0,15.6,.515,2.0,4.7,.424,6.0,10.9,.555,.579,4.1,4.6,.904,1.6,7.8,9.5,3.0,0.9,0.7,2.8,3.3,22.2,3,.800,1.4230769230769231,84.1
22,2024,Donovan Mitchell,SG,27,CLE,77,77,36.5,9.6,21.3,.453,3.1,8.8,.351,6.5,12.5,.526,.526,5.4,6.0,.887,1.1,4.5,5.6,5.5,1.8,0.5,2.6,2.3,27.7,3,.556,1.300469483568075,81.93
23,2024,Jimmy Butler,PF,34,MIA,78,78,34.0,6.7,14.5,.462,0.9,2.3,.377,5.8,12.2,.479,.492,7.3,8.3,.879,2.0,3.2,5.2,4.6,1.1,0.4,1.8,1.1,21.5,4,.556,1.4827586206896552,79.74
24,2024,Kyrie Irving,SG,31,DAL,73,73,31.8,8.6,18.2,.471,2.5,6.6,.384,6.1,11.6,.520,.540,3.3,3.6,.903,0.6,3.4,3.9,5.2,1.2,0.3,1.4,1.8,23.0,8,.615,1.2637362637362637,78.88
25,2024,Zion Williamson,PF,23,NOP,77,77,30.5,8.7,15.1,.578,0.1,0.3,.286,8.7,14.8,.584,.580,4.5,6.9,.652,2.0,3.8,5.8,4.6,1.0,0.3,2.5,2.6,22.0,1,.571,1.456953642384106,77.41
26,2024,DeMar DeRozan,SF,34,CHI,80,80,36.4,7.6,17.2,.441,1.0,2.6,.368,6.6,14.6,.454,.469,6.1,7.4,.823,0.8,2.8,3.6,5.2,1.1,0.8,1.4,2.2,22.2,6,.393,1.2906976744186047,76.76
27,2024,Ja Morant,PG,24,MEM,57,57,35.0,12.0,24.0,.500,0.0,5.0,.000,12.0,19.0,.632,.500,10.0,12.0,.833,3.0,3.0,6.0,8.0,2.0,1.0,5.0,2.0,34.0,2,.269,1.4166666666666667,76.55
28,2024,Paul George,PF,33,LAC,81,81,34.8,8.0,17.6,.451,3.2,8.2,.392,4.8,9.5,.502,.542,3.8,4.0,.931,0.6,5.1,5.7,4.2,1.7,0.3,2.2,2.8,22.9,8,.615,1.3011363636363635,75.51
29,2024,James Harden,SG,34,LAC,77,77,33.4,5.0,10.5,.482,2.6,6.0,.440,2.4,4.5,.537,.607,4.4,5.1,.869,0.3,4.3,4.6,7.6,1.5,0.8,2.2,2.1,17.1,9,.615,1.6285714285714288,73.85
30,2024,Dariq Whitehead,SF,19,BRK,57,56,3.0,0.0,0.0,0,0.0,0.0,0,0.0,0.0,0,0,1.0,2.0,.500,0.0,0.0,0.0,0.0,0.0,1.0,0.0,0.0,1.0,0,.500,0.0,66.99
31,2024,Julius Randle,PF,29,NYK,82,82,35.3,8.3,17.8,.464,1.6,5.2,.301,6.7,12.6,.532,.509,4.5,6.0,.744,2.1,7.5,9.6,5.2,0.6,0.2,3.3,2.7,22.6,2,.577,1.2696629213483146,64.96
32,2024,Alperen Şengün,C,21,HOU,82,82,32.2,8.0,15.3,.527,0.7,2.4,.293,7.3,12.8,.571,.551,3.1,4.7,.670,2.5,6.4,8.9,5.3,1.0,0.9,2.7,3.3,19.9,0,.542,1.3006535947712417,63.79
33,2024,Paolo Banchero,PF,21,ORL,82,82,33.6,7.8,16.2,.480,1.3,3.4,.384,6.4,12.7,.506,.521,4.2,6.2,.677,1.4,5.4,6.8,4.4,1.0,0.6,3.3,2.1,21.0,0,.640,1.2962962962962963,62.35
34,2024,Scottie Barnes,SG,22,TOR,82,82,35.0,7.6,15.5,.488,2.0,5.2,.388,5.6,10.4,.537,.552,3.1,4.2,.750,2.7,6.5,9.2,5.8,1.6,1.3,2.5,2.1,20.3,0,.423,1.3096774193548388,62.34
35,2024,Marques Bolden,C,25,MIL,57,55,1.5,0.0,0.0,0,0.0,0.0,0,0.0,0.0,0,0,0.0,0.0,0,0.0,1.0,1.0,0.0,0.0,0.0,0.0,0.5,0.0,0,.741,0.0,61.45
36,2024,Brandon Ingram,SF,26,NOP,79,79,33.6,8.9,17.8,.501,1.4,4.1,.330,7.6,13.7,.553,.539,4.3,5.3,.812,0.6,4.2,4.8,5.3,0.7,0.2,2.8,2.2,23.5,1,.571,1.3202247191011236,58.84
37,2024,LaMelo Ball,PG,22,CHO,72,72,33.4,8.8,19.9,.443,3.5,8.9,.388,5.3,10.9,.488,.530,3.6,4.2,.857,1.5,3.9,5.5,8.2,1.4,0.3,3.9,3.5,24.7,1,.280,1.241206030150754,53.51
38,2024,Jacob Toppin,SF,23,NYK,57,56,2.0,0.0,0.0,0,0.0,0.0,0,0.0,0.0,0,0,0.0,0.0,0,0.0,0.0,0.0,0.0,0.0,1.0,0.0,0.0,0.0,0,.577,0.0,52.79
39,2024,CJ McCollum,PG,32,NOP,69,69,33.1,7.3,15.7,.464,3.3,7.5,.442,3.9,8.1,.484,.570,2.5,3.1,.826,0.7,3.3,3.9,5.2,1.4,0.8,1.4,2.1,20.4,0,.571,1.2993630573248407,45.65
40,2024,Noah Clowney,PF,19,BRK,57,56,3.0,0.0,0.0,0,0.0,0.0,0,0.0,0.0,0,0,0.0,0.0,0,0.0,1.0,1.0,0.0,0.0,0.0,0.0,0.0,0.0,0,.500,0.0,43.68
41,2024,Pascal Siakam,PF,29,TOR,82,82,34.5,8.1,15.8,.510,1.0,3.7,.263,7.1,12.2,.584,.540,4.0,5.4,.745,1.6,5.2,6.8,5.1,0.9,0.2,2.4,2.2,21.2,2,.423,1.341772151898734,43.34
42,2024,Jaylen Brown,SF,27,BOS,81,81,34.2,8.8,18.5,.476,2.2,6.6,.339,6.6,11.9,.552,.537,2.7,3.6,.736,0.8,4.1,4.8,3.6,1.1,0.7,2.5,2.8,22.5,2,.769,1.2162162162162162,42.51
43,2024,Wendell Moore Jr.,SG,22,MIN,62,57,2.4,0.0,0.4,.000,0.0,0.4,.000,0.0,0.0,0,.000,0.0,0.0,0,0.0,0.2,0.2,0.2,0.0,0.0,0.0,0.2,0.0,0,.800,0.0,42.19
44,2024,James Johnson,PF,36,IND,59,57,5.0,0.0,0.5,.000,0.0,0.0,0,0.0,0.5,.000,.000,0.0,0.0,0,0.5,1.0,1.5,1.0,0.5,0.0,0.5,1.0,0.0,0,.520,0.0,41.53
45,2024,Chet Holmgren,C,21,OKC,82,82,29.7,6.1,11.7,.521,1.5,4.1,.373,4.6,7.6,.600,.586,3.2,3.7,.871,1.7,6.3,8.0,2.4,0.8,2.8,1.9,2.8,16.9,0,.680,1.4444444444444444,40.36
46,2024,Jamal Murray,PG,26,DEN,68,68,28.8,6.7,14.5,.463,2.4,5.3,.446,4.4,9.2,.473,.544,2.5,2.7,.921,0.4,2.9,3.2,5.7,0.6,0.7,1.9,2.1,18.3,0,.643,1.2620689655172415,40.13
47,2024,Ron Harper Jr.,PF,23,TOR,57,56,4.0,0.0,0.0,0,0.0,0.0,0,0.0,0.0,0,0,0.0,0.0,0,0.0,0.0,0.0,1.0,0.0,0.0,0.0,2.0,0.0,0,.423,0.0,38.56
48,2024,Fred VanVleet,PG,29,HOU,81,81,38.3,5.6,14.3,.391,3.0,7.9,.387,2.6,6.5,.396,.497,2.8,3.3,.867,0.3,4.0,4.4,8.8,1.1,0.6,1.7,1.9,17.1,1,.542,1.1958041958041958,37.28
49,2024,Mikal Bridges,SF,27,BRK,82,82,34.9,7.8,16.7,.470,2.3,5.8,.391,5.6,10.9,.512,.538,4.0,4.7,.844,1.0,4.5,5.5,3.8,0.9,0.5,2.5,1.7,21.9,0,.500,1.311377245508982,35.9
50,2024,Rudy Gobert,C,31,MIN,82,82,32.2,4.8,7.8,.607,0.0,0.0,0,4.8,7.8,.607,.607,3.0,5.0,.613,3.7,8.5,12.2,1.2,0.7,2.4,1.6,2.8,12.6,3,.800,1.6153846153846154,35.49
51,2024,Keyontae Johnson,SF,23,OKC,58,57,6.0,0.0,1.0,.000,0.0,0.0,0,0.0,1.0,.000,.000,0.0,0.0,0,0.0,0.0,0.0,0.0,0.0,0.0,0.0,0.0,0.0,0,.680,0.0,35.09
52,2024,Lauri Markkanen,PF,26,UTA,73,73,32.9,7.9,16.2,.486,3.1,8.1,.384,4.8,8.1,.589,.582,4.3,5.1,.846,2.1,6.4,8.5,1.3,0.9,0.8,1.3,2.2,23.2,1,.370,1.4320987654320987,34.63
53,2024,Franz Wagner,SF,22,ORL,82,82,33.3,7.4,16.4,.449,1.4,4.9,.293,5.9,11.5,.516,.493,3.8,4.5,.841,1.2,4.6,5.8,3.9,1.1,0.3,1.8,2.2,20.0,0,.640,1.2195121951219514,34.52
54,2024,Jonas Valančiūnas,C,31,NOP,82,82,27.7,5.8,10.1,.574,0.8,2.0,.382,5.0,8.1,.621,.612,2.6,3.2,.800,2.5,7.4,9.9,2.4,0.5,1.3,1.4,3.3,14.9,0,.571,1.4752475247524752,33.11
55,2024,Kristaps Porziņģis,C,28,BOS,75,75,30.2,6.4,12.2,.524,1.7,5.1,.333,4.7,7.1,.659,.593,4.5,5.4,.833,1.5,5.3,6.8,1.7,0.8,1.6,1.6,3.1,18.9,0,.769,1.5491803278688525,32.64
56,2024,Derrick White,SG,29,BOS,79,79,32.7,5.3,11.0,.478,2.7,6.4,.415,2.6,4.6,.566,.599,2.8,3.2,.877,0.8,3.3,4.1,5.0,1.3,1.1,1.7,2.2,16.0,0,.769,1.4545454545454546,30.32
57,2024,Khris Middleton,SF,32,MIL,77,77,23.1,5.0,10.6,.472,1.4,3.9,.360,3.6,6.7,.537,.539,1.6,2.0,.818,0.7,4.1,4.8,4.2,0.8,0.0,1.9,2.0,13.0,3,.741,1.2264150943396226,29.84
58,2024,Onuralp Bitim,SG,24,CHI,55,54,3.0,0.0,0.0,0,0.0,0.0,0,0.0,0.0,0,0,0.0,0.0,0,0.0,0.0,0.0,0.0,0.0,0.0,0.0,0.0,0.0,0,.393,0.0,29.35
59,2024,Dejounte Murray,SG,27,ATL,82,82,34.3,7.7,17.0,.451,2.2,6.0,.374,5.4,11.0,.493,.517,2.4,2.8,.851,0.7,3.7,4.4,5.4,1.5,0.3,2.0,1.6,20.0,1,.423,1.1764705882352942,28.02
60,2024,Danny Green,SG,36,PHI,58,56,9.0,0.0,1.0,.000,0.0,0.5,.000,0.0,0.5,.000,.000,0.0,0.0,0,0.0,1.0,1.0,0.5,0.5,0.0,0.0,0.5,0.0,0,.692,0.0,27.78
61,2024,Brice Sensabaugh,SF,20,UTA,56,55,2.0,0.0,2.0,.000,0.0,0.0,0,0.0,2.0,.000,.000,0.0,0.0,0,1.0,1.0,2.0,0.0,0.0,0.0,0.0,0.0,0.0,0,.370,0.0,27.76
62,2024,Terry Rozier,SG,29,CHO,73,73,35.7,8.6,18.2,.471,2.6,7.1,.372,5.9,11.1,.534,.543,3.3,3.8,.869,0.6,2.8,3.4,7.1,1.3,0.4,2.4,2.1,23.1,0,.280,1.2692307692307694,27.52
63,2024,Mouhamed Gueye,PF,21,ATL,58,56,2.0,0.0,0.5,.000,0.0,0.5,.000,0.0,0.0,0,.000,0.0,0.0,0,0.0,0.0,0.0,0.0,0.5,0.0,0.0,0.5,0.0,0,.423,0.0,26.54
64,2024,D'Angelo Russell,PG,27,LAL,81,81,30.0,6.0,12.7,.473,2.1,5.4,.393,3.9,7.3,.532,.556,1.7,2.2,.768,0.3,2.8,3.2,6.3,0.8,0.5,1.8,2.1,15.8,1,.556,1.2440944881889766,26.25
65,2024,Desmond Bane,SG,25,MEM,81,81,34.4,9.0,19.4,.465,3.4,8.8,.380,5.6,10.5,.536,.552,3.1,3.6,.856,1.1,3.3,4.4,5.1,1.2,0.7,3.1,3.0,24.4,0,.269,1.2577319587628866,25.99
66,2024,Jerome Robinson,SG,26,GSW,56,55,5.0,0.0,2.0,.000,0.0,0.0,0,0.0,2.0,.000,.000,0.0,0.0,0,1.0,1.0,2.0,0.0,0.0,0.0,0.0,0.0,0.0,0,.481,0.0,25.77
67,2024,Kyle Kuzma,PF,28,WAS,82,82,31.1,9.0,19.1,.471,2.4,6.6,.363,6.6,12.5,.528,.533,2.8,3.7,.779,0.8,5.2,6.0,4.2,0.3,0.7,2.4,2.1,23.2,0,.154,1.2146596858638743,25.59
68,2024,Myles Turner,C,27,IND,81,81,27.2,6.1,12.2,.502,1.4,4.2,.330,4.8,8.0,.591,.558,3.3,4.2,.772,1.9,5.8,7.8,1.3,0.6,2.0,1.4,3.1,16.9,0,.520,1.3852459016393441,25.08
69,2024,Tyler Herro,SG,24,MIA,64,64,33.9,8.7,18.9,.459,2.9,7.4,.388,5.8,11.4,.505,.535,2.9,3.2,.897,0.4,4.3,4.8,4.3,1.4,0.0,2.4,1.6,23.1,0,.556,1.2222222222222223,24.55
70,2024,Micah Potter,PF,25,UTA,57,55,3.5,0.0,0.5,.000,0.0,0.5,.000,0.0,0.0,0,.000,0.0,0.0,0,0.0,2.0,2.0,0.0,0.0,0.0,0.0,0.0,0.0,0,.370,0.0,24.38
71,2024,Jaren Jackson Jr.,C,24,MEM,82,82,31.5,7.3,16.3,.447,1.6,5.2,.313,5.7,11.1,.509,.496,5.3,6.5,.827,1.5,4.2,5.7,1.7,0.7,1.8,1.9,3.6,21.5,1,.269,1.3190184049079754,23.41
72,2024,Ryan Arcidiacono,PG,29,NYK,64,56,2.1,0.0,0.3,.000,0.0,0.3,.000,0.0,0.0,0,.000,0.0,0.0,0,0.0,0.5,0.5,0.3,0.1,0.0,0.0,0.0,0.0,0,.577,0.0,23.38
73,2024,Mike Conley,PG,36,MIN,82,82,29.6,3.8,8.3,.459,2.3,5.2,.446,1.5,3.1,.481,.599,1.5,1.6,.949,0.4,2.5,2.9,6.2,1.0,0.1,1.1,1.7,11.5,1,.800,1.3855421686746987,23.29
74,2024,Jalen Williams,PF,22,OKC,79,79,32.2,6.5,13.0,.495,1.0,2.8,.355,5.5,10.2,.533,.533,3.2,3.7,.877,0.4,3.6,4.0,3.7,0.9,0.4,1.7,2.8,17.1,0,.680,1.3153846153846156,22.48
75,2024,Cam Thomas,SG,22,BRK,73,71,31.6,9.0,19.8,.455,2.4,6.4,.376,6.6,13.4,.493,.516,3.9,4.6,.848,0.3,3.0,3.3,2.3,0.6,0.5,1.9,2.1,24.4,0,.500,1.2323232323232323,21.87
76,2024,Evan Mobley,PF,22,CLE,76,76,33.6,6.8,11.8,.573,0.1,0.5,.200,6.7,11.3,.588,.577,2.4,3.1,.769,2.7,7.8,10.5,2.9,0.8,1.7,2.3,2.9,16.0,0,.556,1.3559322033898304,21.79
77,2024,Jusuf Nurkić,C,29,PHO,82,82,28.5,4.5,9.7,.464,0.6,2.4,.266,3.9,7.3,.528,.496,2.6,3.6,.711,3.0,7.3,10.3,3.9,1.0,1.2,2.1,3.6,12.1,0,.519,1.2474226804123711,21.59
78,2024,Darius Garland,PG,24,CLE,75,75,34.0,7.6,16.1,.470,1.8,5.2,.346,5.8,10.9,.530,.526,3.8,4.6,.835,0.6,2.2,2.8,5.9,1.6,0.2,3.8,1.6,20.7,1,.556,1.2857142857142856,21.37
79,2024,Anfernee Simons,SG,24,POR,64,64,33.6,8.8,19.8,.443,2.9,8.3,.348,5.9,11.5,.511,.516,5.0,5.4,.930,0.8,2.3,3.0,5.8,1.0,0.1,2.5,2.3,25.4,0,.269,1.2828282828282827,21.34
80,2024,RJ Barrett,SG,23,NYK,77,77,29.4,6.4,15.0,.425,1.8,5.1,.346,4.6,9.9,.466,.484,4.2,4.9,.854,0.7,3.2,4.0,2.5,0.4,0.3,1.6,1.4,18.7,0,.577,1.2466666666666666,19.85
81,2024,Josh Giddey,SG,21,OKC,82,82,25.6,5.0,11.6,.430,0.8,2.6,.313,4.2,9.1,.463,.464,1.0,1.2,.806,1.6,4.5,6.2,4.4,0.9,0.4,2.4,1.4,11.8,0,.680,1.017241379310345,18.28
82,2024,Ish Wainright,SF,29,POR,58,56,2.5,0.0,0.5,.000,0.0,0.5,.000,0.0,0.0,0,.000,0.0,0.0,0,0.0,0.0,0.0,0.0,0.5,0.0,0.0,0.5,0.0,0,.269,0.0,17.7
83,2024,Victor Wembanyama,PF,20,SAS,80,80,30.5,7.1,16.3,.436,1.4,5.0,.281,5.7,11.2,.506,.479,3.4,4.3,.786,2.4,8.5,11.0,2.7,1.3,3.0,3.4,2.6,19.0,0,.154,1.165644171779141,16.7
84,2024,Spencer Dinwiddie,PG,30,BRK,81,81,31.8,4.9,12.0,.409,2.1,6.5,.325,2.8,5.5,.507,.497,3.0,3.8,.781,0.6,3.6,4.2,7.0,0.9,0.2,1.8,1.7,15.0,0,.500,1.25,16.13
85,2024,Tobias Harris,PF,31,PHI,82,82,33.6,6.1,11.8,.516,1.0,3.0,.346,5.0,8.8,.575,.560,3.1,3.4,.899,1.0,5.1,6.0,2.7,0.9,0.5,1.7,1.6,16.3,0,.692,1.3813559322033897,15.95
86,2024,Nikola Vučević,C,33,CHI,82,82,34.4,7.1,15.6,.453,1.0,3.7,.279,6.0,11.9,.508,.486,1.5,1.8,.860,2.9,7.6,10.5,3.5,0.8,0.8,1.7,2.7,16.7,2,.393,1.0705128205128205,15.81
87,2024,Clint Capela,C,29,ATL,81,81,25.9,5.0,8.7,.581,0.0,0.0,0,5.0,8.7,.581,.581,1.6,2.4,.656,5.0,5.8,10.7,1.1,0.6,1.8,0.8,2.6,11.7,0,.423,1.3448275862068966,15.73
88,2024,Jerami Grant,PF,29,POR,78,78,35.4,7.7,16.9,.457,2.5,6.2,.412,5.2,10.7,.483,.532,4.7,5.6,.837,0.7,3.2,3.9,2.4,0.8,0.9,2.4,2.3,22.7,0,.269,1.3431952662721893,14.82
89,2024,Ivica Zubac,C,26,LAC,82,82,26.9,5.2,8.4,.621,0.0,0.0,0,5.2,8.4,.621,.621,1.7,2.8,.608,3.1,6.2,9.3,1.1,0.2,1.5,1.2,2.8,12.2,0,.615,1.4523809523809523,14.66
90,2024,Malcolm Cazalon,SG,22,DET,56,55,3.0,0.0,0.0,0,0.0,0.0,0,0.0,0.0,0,0,0.0,0.0,0,0.0,0.0,0.0,0.0,0.0,0.0,0.0,0.0,0.0,0,.074,0.0,14.65
91,2024,Michael Porter Jr.,SF,25,DEN,82,82,31.1,6.3,13.5,.469,2.8,7.1,.389,3.6,6.4,.559,.572,1.1,1.4,.750,1.6,6.3,7.9,1.5,0.5,0.7,1.2,2.1,16.5,0,.643,1.2222222222222223,14.44
92,2024,Jalen Green,SG,21,HOU,82,82,31.0,5.8,14.3,.402,2.0,5.9,.331,3.8,8.4,.453,.471,4.0,5.0,.815,0.3,4.1,4.5,3.2,0.5,0.4,2.3,1.5,17.5,0,.542,1.2237762237762237,13.74
93,2024,Jrue Holiday,PG,33,BOS,80,80,34.5,4.8,10.7,.444,1.7,4.5,.383,3.0,6.3,.487,.523,1.1,1.3,.839,1.6,5.0,6.6,4.5,0.9,0.9,2.0,1.9,12.3,2,.769,1.149532710280374,13.64
94,2024,Dennis Schröder,PG,30,TOR,82,82,32.0,5.3,12.5,.426,1.7,4.8,.357,3.6,7.6,.470,.495,2.6,3.0,.872,0.5,2.3,2.8,6.8,1.0,0.1,1.8,2.4,15.0,0,.423,1.2,13.32
95,2024,Aaron Gordon,PF,28,DEN,78,78,32.1,5.5,10.8,.510,0.5,2.0,.255,5.0,8.8,.566,.533,1.8,3.2,.579,2.8,4.3,7.1,3.7,1.0,0.7,1.5,1.7,13.3,0,.643,1.2314814814814814,13.24
96,2024,Charlie Brown Jr.,SG,26,NYK,57,56,2.0,0.0,1.0,.000,0.0,1.0,.000,0.0,0.0,0,.000,0.0,0.0,0,0.0,0.0,0.0,0.0,0.0,0.0,2.0,0.0,0.0,0,.577,0.0,13.1
97,2024,Coby White,PG,23,CHI,82,82,34.7,6.1,13.5,.452,3.2,7.5,.424,2.9,6.0,.488,.570,2.1,2.5,.831,0.5,3.5,4.0,4.9,0.9,0.3,1.8,2.6,17.5,0,.393,1.2962962962962963,12.61
98,2024,Cade Cunningham,PG,22,DET,82,82,34.6,8.3,19.0,.434,1.9,5.7,.325,6.4,13.3,.481,.482,3.9,4.4,.881,0.5,3.4,3.9,7.0,1.0,0.3,4.0,2.7,22.2,0,.074,1.1684210526315788,11.74
99,2024,De'Anthony Melton,SG,25,PHI,82,82,29.3,3.9,10.0,.394,2.1,5.7,.372,1.8,4.3,.423,.500,1.9,2.4,.806,0.8,3.2,4.0,3.5,1.6,0.5,1.2,2.5,11.9,0,.692,1.19,11.32
100,2024,Sidy Cissoko,SF,19,SAS,57,56,4.0,0.0,0.0,0,0.0,0.0,0,0.0,0.0,0,0,0.0,0.0,0,0.0,0.0,0.0,0.0,0.0,0.0,1.0,0.0,0.0,0,.154,0.0,11.32
101,2024,Bradley Beal,SG,30,PHO,61,61,25.2,5.2,11.5,.449,1.5,3.5,.429,3.7,8.0,.458,.514,2.8,4.0,.708,0.5,2.8,3.3,3.2,0.7,0.3,2.3,2.2,14.7,3,.519,1.2782608695652173,10.74
102,2024,Zach LaVine,SG,28,CHI,72,72,35.3,7.3,16.6,.443,2.4,7.1,.336,4.9,9.4,.524,.515,3.9,4.6,.866,0.3,4.6,4.9,3.4,0.9,0.2,2.0,2.1,21.0,2,.393,1.2650602409638554,10.57
103,2024,Kobe Bufkin,SG,20,ATL,58,56,2.0,0.0,1.5,.000,0.0,0.5,.000,0.0,1.0,.000,.000,0.5,1.0,.500,0.5,0.5,1.0,0.0,0.0,0.0,0.0,0.0,0.5,0,.423,0.3333333333333333,10.54
104,2024,Gordon Hayward,SF,33,CHO,79,79,32.7,5.9,12.6,.466,1.0,2.6,.362,4.9,10.0,.493,.504,2.5,3.3,.767,1.1,3.8,4.9,4.7,1.2,0.5,2.0,1.9,15.2,1,.280,1.2063492063492063,10.08
105,2024,Nic Claxton,C,24,BRK,73,73,27.2,5.3,8.2,.647,0.1,0.1,1.000,5.2,8.1,.645,.651,1.5,2.3,.641,3.1,6.1,9.2,1.4,0.4,2.4,0.9,2.6,12.1,0,.500,1.475609756097561,9.85
106,2024,Klay Thompson,SF,33,GSW,81,81,30.7,5.8,14.0,.419,3.2,8.4,.376,2.7,5.6,.483,.532,2.3,2.5,.908,0.6,3.3,3.9,2.2,0.5,0.5,1.7,2.1,17.1,5,.481,1.2214285714285715,9.0
107,2024,Keldon Johnson,SF,24,SAS,81,81,33.1,6.4,13.5,.473,2.0,5.5,.358,4.4,8.0,.552,.546,2.7,3.5,.782,1.3,5.2,6.5,4.1,1.0,0.3,1.7,2.4,17.5,0,.154,1.2962962962962963,8.55
108,2024,Brook Lopez,C,35,MIL,82,82,30.7,4.9,10.0,.491,1.7,5.1,.338,3.2,4.9,.652,.577,1.7,2.0,.818,1.5,3.3,4.8,1.4,0.7,3.1,0.9,2.7,13.3,1,.741,1.33,8.37
109,2024,Keegan Murray,SF,23,SAC,78,78,32.3,5.8,13.0,.447,2.6,7.0,.367,3.2,6.0,.540,.546,1.8,2.0,.860,1.5,4.2,5.7,1.9,1.2,0.4,1.0,2.7,16.0,0,.640,1.2307692307692308,8.33
110,2024,Kyle Lowry,PG,37,MIA,80,80,29.8,3.2,7.2,.450,2.2,4.9,.439,1.1,2.3,.474,.600,1.2,1.4,.829,0.8,3.2,4.0,4.2,1.2,0.3,1.4,2.8,9.8,6,.556,1.3611111111111112,7.67
111,2024,Johnny Juzang,SG,22,UTA,56,55,4.0,0.0,2.0,.000,0.0,2.0,.000,0.0,0.0,0,.000,0.0,0.0,0,0.0,0.0,0.0,1.0,0.0,0.0,0.0,0.0,0.0,0,.370,0.0,7.6
112,2024,Jalen Suggs,SG,22,ORL,80,80,26.2,4.3,9.3,.467,1.7,4.4,.382,2.7,4.9,.545,.558,2.1,2.5,.828,0.6,3.0,3.6,2.5,1.7,0.6,2.0,2.8,12.5,0,.640,1.3440860215053763,7.49
113,2024,Jarrett Allen,C,25,CLE,77,77,29.1,5.3,7.9,.672,0.0,0.0,0,5.3,7.9,.672,.672,2.2,3.2,.686,2.9,5.5,8.3,2.3,0.7,1.0,1.9,2.9,12.8,1,.556,1.620253164556962,7.37
114,2024,Draymond Green,PF,33,GSW,70,70,25.1,3.4,6.9,.490,1.2,2.8,.429,2.2,4.1,.532,.577,1.7,2.0,.833,1.5,4.1,5.5,5.8,0.4,0.7,2.4,3.0,9.7,3,.481,1.4057971014492752,7.22
115,2024,Kevin Huerter,SG,25,SAC,81,81,25.8,4.2,9.7,.431,2.2,6.0,.361,2.0,3.7,.545,.543,0.7,0.9,.810,0.6,3.6,4.3,2.8,0.8,0.3,0.7,2.4,11.2,0,.640,1.154639175257732,7.18
116,2024,Ben Simmons,PG,27,BRK,62,62,31.8,3.2,6.0,.528,0.0,0.0,0,3.2,6.0,.528,.528,0.2,0.7,.250,2.7,8.2,10.8,6.7,0.5,0.8,2.5,2.7,6.5,2,.500,1.0833333333333333,6.21
117,2024,Jabari Smith Jr.,PF,20,HOU,82,82,29.9,4.8,10.1,.475,1.5,4.3,.356,3.3,5.8,.565,.552,1.2,1.6,.744,1.8,6.8,8.6,1.7,0.5,0.8,1.3,3.3,12.3,0,.542,1.217821782178218,6.16
118,2024,Mark Williams,C,22,CHO,76,76,26.7,5.2,7.9,.649,0.0,0.0,0,5.2,7.9,.649,.649,2.4,3.4,.719,4.0,5.7,9.7,1.2,0.8,1.1,0.9,2.6,12.7,0,.280,1.6075949367088607,5.57
119,2024,Malik Beasley,SG,27,MIL,80,80,30.2,4.3,8.9,.482,2.9,6.4,.450,1.4,2.5,.565,.644,0.3,0.5,.667,0.7,3.7,4.4,1.5,1.0,0.2,0.6,2.0,11.8,0,.741,1.3258426966292136,5.48
120,2024,Tyus Jones,PG,27,WAS,82,82,27.3,5.0,9.5,.526,1.3,3.3,.388,3.7,6.2,.599,.593,0.5,0.7,.765,0.2,2.8,3.0,5.5,1.2,0.3,0.8,0.8,11.8,0,.154,1.2421052631578948,5.22
121,2024,Cameron Johnson,PF,27,BRK,75,75,28.9,5.2,11.6,.445,2.4,6.2,.381,2.8,5.4,.520,.548,1.3,1.5,.828,1.6,3.7,5.3,2.6,0.8,0.2,1.2,1.8,13.9,0,.500,1.1982758620689655,4.96
122,2024,Isaiah Mobley,PF,24,CLE,57,55,5.0,0.5,1.5,.333,0.0,0.5,.000,0.5,1.0,.500,.333,0.0,0.0,0,0.0,1.0,1.0,1.5,0.5,0.0,0.5,1.0,1.0,0,.556,0.6666666666666666,4.59
123,2024,Leonard Miller,SF,20,MIN,60,57,2.0,0.3,0.7,.500,0.0,0.0,0,0.3,0.7,.500,.500,0.0,0.0,0,0.0,2.0,2.0,0.3,0.0,0.0,0.0,0.3,0.7,0,.800,1.0,4.46
124,2024,Braxton Key,SF,26,DEN,60,54,2.5,0.2,0.8,.200,0.0,0.3,.000,0.2,0.5,.333,.200,0.2,0.3,.500,0.0,0.5,0.5,0.8,0.0,0.0,0.0,0.5,0.5,0,.643,0.625,4.46
125,2024,Kaiser Gates,SF,27,NOP,55,54,7.0,0.0,4.0,.000,0.0,2.0,.000,0.0,2.0,.000,.000,0.0,0.0,0,0.0,1.0,1.0,0.0,0.0,0.0,0.0,0.0,0.0,0,.571,0.0,4.31
126,2024,De'Andre Hunter,SF,26,ATL,79,79,30.3,5.1,11.1,.459,2.0,4.8,.409,3.1,6.3,.497,.547,3.0,3.3,.907,0.7,3.6,4.2,1.3,0.9,0.4,1.6,3.1,15.1,0,.423,1.3603603603603605,4.24
127,2024,John Collins,PF,26,UTA,78,77,30.6,5.4,11.3,.481,1.5,3.7,.400,4.0,7.6,.520,.546,2.0,2.6,.750,2.6,5.7,8.3,0.9,0.6,1.0,1.5,2.8,14.3,0,.370,1.2654867256637168,4.16
128,2024,Bruce Brown,SG,27,IND,82,82,30.8,4.5,9.8,.459,1.1,3.6,.303,3.4,6.3,.548,.514,2.0,2.5,.806,0.8,3.8,4.6,2.8,1.2,0.2,1.2,2.4,12.1,0,.520,1.2346938775510203,4.09
129,2024,Markelle Fultz,PG,25,ORL,62,62,28.6,5.4,11.2,.482,0.0,0.6,.000,5.4,10.6,.509,.482,0.6,0.8,.750,1.6,1.8,3.4,4.0,1.2,0.4,1.2,1.2,11.4,0,.640,1.017857142857143,4.05
130,2024,Luguentz Dort,SF,24,OKC,81,81,28.0,3.5,7.8,.446,1.7,4.2,.406,1.8,3.5,.494,.556,2.1,2.5,.820,1.3,2.7,4.0,1.3,0.9,0.8,0.9,3.0,10.7,0,.680,1.3717948717948718,4.01
131,2024,Deandre Ayton,C,25,POR,78,78,31.6,5.8,10.4,.557,0.0,0.0,0,5.8,10.4,.557,.557,1.1,1.3,.828,3.2,7.5,10.7,1.5,1.1,0.7,2.0,2.5,12.6,0,.269,1.2115384615384615,3.96
132,2024,Max Strus,SF,27,CLE,82,82,34.6,4.9,11.9,.411,2.7,7.7,.354,2.1,4.1,.518,.526,1.2,1.5,.805,0.8,4.6,5.4,3.8,0.9,0.5,1.4,3.0,13.7,0,.556,1.1512605042016806,3.91
133,2024,Jakob Poeltl,C,28,TOR,82,82,26.3,4.9,6.7,.734,0.0,0.0,0,4.9,6.7,.734,.734,1.1,2.1,.509,2.8,5.4,8.2,2.2,0.7,1.1,1.7,2.8,10.8,0,.423,1.6119402985074627,3.78
134,2024,Russell Westbrook,PG,35,LAC,82,66,24.1,4.5,9.9,.455,0.7,2.3,.279,3.8,7.5,.510,.488,1.5,2.5,.606,1.6,4.6,6.2,4.7,1.1,0.5,2.3,2.0,11.2,9,.615,1.1313131313131313,3.71
135,2024,Miles Bridges,SF,25,CHO,71,69,36.2,7.4,15.6,.470,1.9,5.6,.342,5.4,10.0,.543,.532,3.0,3.5,.857,0.9,6.3,7.2,2.4,1.3,0.2,1.8,2.2,19.6,0,.280,1.2564102564102566,3.62
136,2024,Deni Avdija,SF,23,WAS,82,82,26.9,4.5,9.0,.498,0.9,2.7,.343,3.5,6.3,.564,.549,1.7,2.1,.815,1.1,4.4,5.5,3.9,0.8,0.3,1.5,2.3,11.5,0,.154,1.2777777777777777,3.44
137,2024,Herbert Jones,SF,25,NOP,79,79,30.0,3.8,8.0,.477,1.1,3.4,.321,2.7,4.6,.591,.545,2.5,2.9,.861,1.2,2.9,4.1,2.7,1.6,1.1,1.4,3.4,11.2,0,.571,1.4,3.29
138,2024,Goga Bitadze,C,24,ORL,80,77,21.5,3.0,5.0,.595,0.0,0.2,.200,3.0,4.8,.613,.599,1.5,2.1,.708,2.3,4.0,6.3,1.8,0.7,1.7,0.8,2.4,7.5,0,.640,1.5,3.26
139,2024,Jordan Clarkson,SG,31,UTA,74,74,30.8,6.1,15.2,.399,1.6,5.5,.295,4.4,9.6,.459,.453,2.9,3.5,.833,1.3,2.1,3.4,4.9,0.8,0.2,3.0,1.4,16.6,0,.370,1.092105263157895,3.23
140,2024,Bojan Bogdanović,PF,34,DET,63,62,31.4,7.3,14.6,.496,3.1,7.4,.424,4.1,7.3,.569,.603,3.5,4.6,.757,0.5,1.8,2.3,2.5,1.1,0.0,1.9,1.5,21.1,0,.074,1.445205479452055,3.07
141,2024,Shaedon Sharpe,SG,20,POR,82,81,35.0,5.7,14.0,.410,2.1,5.8,.360,3.7,8.2,.446,.485,3.2,3.9,.824,1.3,4.0,5.3,3.3,0.9,0.3,2.6,3.0,16.8,0,.269,1.2,2.86
142,2024,Obi Toppin,PF,25,IND,82,81,24.0,5.0,8.1,.614,1.2,3.2,.383,3.7,4.8,.769,.691,1.2,1.5,.784,1.0,2.4,3.4,1.4,0.5,0.6,0.8,2.2,12.3,0,.520,1.5185185185185186,2.72
143,2024,Dexter Dennis,SG,24,DAL,58,56,3.5,1.0,3.0,.333,0.0,1.5,.000,1.0,1.5,.667,.333,0.0,0.5,.000,0.5,0.5,1.0,0.0,0.0,0.0,0.0,0.0,2.0,0,.615,0.6666666666666666,2.67
144,2024,Jalen Johnson,SF,22,ATL,71,68,29.9,5.7,9.5,.594,1.1,2.7,.425,4.5,6.9,.660,.654,1.7,2.2,.758,1.3,5.9,7.3,2.4,1.1,1.0,2.0,2.2,14.1,0,.423,1.4842105263157894,2.67
145,2024,Hunter Tyson,PF,23,DEN,62,54,2.5,0.1,0.5,.250,0.0,0.4,.000,0.1,0.1,1.000,.250,0.0,0.0,0,0.0,0.6,0.6,0.1,0.0,0.0,0.0,0.6,0.3,0,.643,0.6,2.6
146,2024,Dillon Brooks,SF,28,HOU,82,82,31.9,5.2,10.9,.473,1.9,4.8,.395,3.3,6.2,.534,.559,1.8,2.2,.830,0.8,2.8,3.6,1.7,0.9,0.0,1.9,4.0,14.0,0,.542,1.2844036697247705,2.59
147,2024,Wendell Carter Jr.,C,24,ORL,62,62,29.4,3.4,9.0,.378,1.0,3.2,.313,2.4,5.8,.414,.433,1.6,2.8,.571,2.2,6.4,8.6,1.6,0.6,0.4,1.6,2.8,9.4,0,.640,1.0444444444444445,2.56
148,2024,Aleksej Pokusevski,PF,22,OKC,64,57,6.1,0.3,1.6,.182,0.1,1.1,.125,0.1,0.4,.333,.227,0.1,0.3,.500,0.3,0.9,1.1,0.7,0.0,0.1,0.4,0.7,0.9,0,.680,0.5625,2.55
149,2024,Mitchell Robinson,C,25,NYK,77,77,29.2,2.8,4.7,.592,0.0,0.0,0,2.8,4.7,.592,.592,0.7,1.8,.368,5.3,5.0,10.3,0.7,1.5,1.3,1.0,1.9,6.2,0,.577,1.3191489361702127,2.45
150,2024,Kevon Looney,C,27,GSW,82,79,21.8,2.3,4.0,.560,0.0,0.0,0,2.3,4.0,.560,.560,0.9,1.2,.697,2.6,5.3,7.9,2.7,0.7,0.3,0.9,2.4,5.4,0,.481,1.35,2.38
151,2024,Maxwell Lewis,SF,21,LAL,66,55,4.7,0.1,0.8,.111,0.1,0.3,.333,0.0,0.5,.000,.167,0.0,0.0,0,0.1,0.2,0.3,0.3,0.2,0.0,0.5,0.2,0.3,0,.556,0.37499999999999994,2.36
152,2024,Grayson Allen,SG,28,PHO,77,77,33.2,4.1,8.4,.486,2.2,4.9,.449,1.9,3.5,.538,.616,1.9,2.1,.891,0.9,3.7,4.6,2.7,0.9,0.5,1.4,2.4,12.2,0,.519,1.4523809523809523,2.35
153,2024,OG Anunoby,SF,26,TOR,78,78,32.9,5.7,12.1,.470,2.4,6.4,.376,3.3,5.7,.576,.570,1.2,1.8,.692,1.0,3.2,4.1,2.5,1.0,0.6,1.7,2.4,15.0,0,.423,1.2396694214876034,2.34
154,2024,Taj Gibson,PF,38,NYK,59,56,4.3,0.3,1.0,.333,0.0,0.7,.000,0.3,0.3,1.000,.333,0.0,0.0,0,0.7,0.7,1.3,0.0,0.3,0.0,0.3,0.7,0.7,0,.577,0.7,2.3
155,2024,Malcolm Brogdon,PG,31,POR,75,66,27.3,5.6,13.3,.421,2.1,5.4,.388,3.5,7.8,.443,.500,2.3,2.9,.768,0.8,2.7,3.5,5.4,0.7,0.2,1.5,1.3,15.5,0,.269,1.1654135338345863,2.29
156,2024,Derrick Jones Jr.,SF,26,DAL,81,80,24.1,3.6,7.5,.476,1.6,4.4,.355,2.0,3.1,.649,.580,1.1,1.5,.737,1.1,2.5,3.6,1.0,0.8,0.8,0.9,1.6,9.8,0,.615,1.3066666666666669,2.21
157,2024,Alex Fudge,SF,20,LAL,59,55,3.5,0.3,1.5,.167,0.0,0.5,.000,0.3,1.0,.250,.167,0.5,0.5,1.000,0.5,0.0,0.5,0.0,0.0,0.0,0.3,0.3,1.0,0,.556,0.6666666666666666,2.21
158,2024,Dereck Lively II,C,19,DAL,79,78,25.3,4.1,5.6,.734,0.0,0.1,.000,4.1,5.5,.746,.734,0.7,1.3,.586,2.9,4.9,7.7,1.1,0.7,1.6,1.2,3.0,8.9,0,.615,1.5892857142857144,2.14
159,2024,TyTy Washington Jr.,PG,22,MIL,57,55,3.0,0.5,1.5,.333,0.5,1.0,.500,0.0,0.5,.000,.500,0.0,0.0,0,0.0,0.5,0.5,0.0,0.5,0.0,1.0,0.0,1.5,0,.741,1.0,2.13
160,2024,Jordan Poole,SG,24,WAS,81,81,29.4,6.2,15.0,.416,2.1,6.4,.325,4.2,8.6,.484,.485,2.8,3.2,.864,0.4,2.1,2.5,3.5,1.0,0.3,2.8,3.2,17.4,0,.154,1.16,2.12
161,2024,Harrison Barnes,PF,31,SAC,82,82,30.6,4.0,8.4,.483,1.8,4.5,.389,2.3,3.8,.594,.589,1.8,2.1,.830,0.9,2.3,3.2,1.4,0.7,0.2,0.8,1.1,11.6,0,.640,1.380952380952381,2.12
162,2024,Juan Toscano-Anderson,SF,30,SAC,59,57,3.5,0.5,1.0,.500,0.0,0.0,0,0.5,1.0,.500,.500,0.0,0.0,0,0.5,1.0,1.5,0.5,0.0,0.0,0.5,1.5,1.0,0,.640,1.0,2.11
163,2024,Kentavious Caldwell-Pope,SG,30,DEN,80,80,32.6,3.7,8.0,.457,1.4,3.5,.407,2.2,4.5,.496,.546,1.8,2.0,.902,0.4,1.5,2.0,2.5,1.4,0.4,1.2,2.0,10.5,0,.643,1.3125,1.97
164,2024,Jarred Vanderbilt,PF,24,LAL,61,55,14.3,0.3,1.7,.200,0.0,0.8,.000,0.3,0.8,.400,.200,0.2,0.3,.500,1.2,3.0,4.2,1.0,0.3,0.3,0.3,1.8,0.8,0,.556,0.4705882352941177,1.94
165,2024,Nikola Jović,PF,20,MIA,59,56,12.0,1.0,3.0,.333,0.8,1.8,.429,0.3,1.3,.200,.458,0.8,1.0,.750,0.3,5.5,5.8,2.3,0.3,0.0,1.3,2.3,3.5,0,.556,1.1666666666666667,1.94
166,2024,Boban Marjanović,C,35,HOU,61,58,6.7,1.7,3.0,.556,0.0,0.3,.000,1.7,2.7,.625,.556,0.0,0.3,.000,0.7,2.0,2.7,1.0,0.0,0.3,0.0,0.7,3.3,0,.542,1.0999999999999999,1.91
167,2024,Daniel Gafford,C,25,WAS,79,79,25.3,4.4,6.3,.692,0.0,0.0,0,4.4,6.3,.692,.692,1.8,2.6,.700,2.8,4.8,7.7,1.8,0.6,2.1,1.1,3.5,10.6,0,.154,1.6825396825396826,1.85
168,2024,Jeremy Sochan,PG,20,SAS,82,81,29.1,4.0,9.8,.413,0.8,2.3,.333,3.3,7.5,.438,.453,1.5,2.0,.750,1.5,4.0,5.5,4.2,0.7,0.3,2.2,2.8,10.3,0,.154,1.0510204081632653,1.82
169,2024,Luka Garza,C,25,MIN,62,57,3.2,0.8,2.2,.364,0.0,0.4,.000,0.8,1.8,.444,.364,1.0,1.6,.625,0.6,0.6,1.2,0.2,0.0,0.0,0.2,0.8,2.6,0,.800,1.1818181818181817,1.79
170,2024,Daishen Nix,PG,21,MIN,63,57,3.5,0.5,1.3,.375,0.3,0.8,.400,0.2,0.5,.333,.500,0.0,0.3,.000,0.0,0.2,0.2,0.0,0.2,0.0,0.0,0.0,1.3,0,.800,1.0,1.66
171,2024,Jaden McDaniels,SF,23,MIN,72,71,23.9,4.2,7.6,.553,0.9,2.5,.368,3.3,5.1,.645,.614,0.2,0.3,.750,0.7,1.6,2.3,1.1,0.5,0.5,1.1,3.4,9.5,0,.800,1.25,1.65
172,2024,Jalen Duren,C,20,DET,69,68,28.9,5.7,9.1,.630,0.0,0.1,.000,5.7,8.9,.640,.630,1.1,2.0,.571,3.4,7.6,10.9,2.5,0.6,1.4,2.7,3.4,12.6,0,.074,1.3846153846153846,1.64
173,2024,Grant Williams,PF,25,DAL,79,79,29.4,3.3,7.8,.419,2.2,5.4,.400,1.1,2.3,.463,.559,0.9,1.4,.656,1.1,2.6,3.7,1.6,0.3,0.5,0.9,2.7,9.6,0,.615,1.2307692307692308,1.6
174,2024,Admiral Schofield,PF,26,ORL,65,57,3.5,0.4,1.3,.300,0.1,0.8,.167,0.3,0.5,.500,.350,0.0,0.3,.000,0.0,0.6,0.6,0.3,0.0,0.0,0.5,0.8,0.9,0,.640,0.6923076923076923,1.56
175,2024,Trent Forrest,SG,25,ATL,63,56,8.7,0.4,2.1,.200,0.0,0.1,.000,0.4,2.0,.214,.200,0.6,0.6,1.000,0.6,0.6,1.1,1.7,0.3,0.0,0.4,0.7,1.4,0,.423,0.6666666666666666,1.51
176,2024,Rayan Rupert,SG,19,POR,63,56,4.4,0.1,1.7,.083,0.1,0.9,.167,0.0,0.9,.000,.125,0.3,0.6,.500,0.1,0.0,0.1,0.3,0.3,0.0,0.3,0.1,0.7,0,.269,0.4117647058823529,1.46
177,2024,Andrew Wiggins,SF,28,GSW,80,76,26.6,4.7,11.2,.420,1.0,3.2,.300,3.8,8.0,.468,.463,1.9,2.9,.667,2.0,2.6,4.6,1.1,0.3,0.4,1.7,2.4,12.3,1,.481,1.0982142857142858,1.45
178,2024,Chris Paul,PG,38,GSW,79,62,27.5,3.1,7.8,.396,1.1,3.6,.314,2.0,4.2,.465,.468,1.3,1.4,.909,0.3,3.4,3.8,7.6,1.3,0.0,1.3,1.8,8.5,11,.481,1.0897435897435899,1.41
179,2024,Trey Murphy III,SF,23,NOP,62,54,25.3,4.9,10.0,.488,2.4,6.0,.396,2.5,4.0,.625,.606,2.8,3.3,.846,0.1,3.6,3.8,1.8,0.5,0.4,0.4,0.9,14.9,0,.571,1.49,1.37
180,2024,Xavier Moon,SG,29,LAC,58,56,6.0,0.5,1.0,.500,0.0,0.5,.000,0.5,0.5,1.000,.500,0.0,0.0,0,0.0,1.0,1.0,1.5,0.0,0.0,0.5,0.5,1.0,0,.615,1.0,1.31
181,2024,Reggie Jackson,PG,33,DEN,82,68,25.8,5.4,11.0,.495,1.7,4.2,.407,3.7,6.8,.550,.573,1.0,1.4,.725,0.4,1.9,2.2,4.5,0.7,0.3,1.5,2.1,13.6,0,.643,1.2363636363636363,1.28
182,2024,Devin Vassell,SG,23,SAS,77,71,29.7,6.6,14.2,.466,2.6,7.1,.369,4.0,7.1,.564,.559,2.3,3.0,.790,0.4,3.0,3.4,2.8,0.9,0.1,1.4,1.0,18.2,0,.154,1.2816901408450705,1.26
183,2024,Orlando Robinson,C,23,MIA,67,62,17.4,2.6,4.9,.525,0.6,1.0,.583,2.0,3.9,.511,.585,0.8,1.2,.714,1.5,3.3,4.8,1.9,0.4,0.6,1.1,2.3,6.6,0,.556,1.3469387755102038,1.23
184,2024,Duncan Robinson,SF,29,MIA,80,71,29.4,5.2,10.8,.481,3.2,7.2,.439,2.0,3.6,.567,.628,1.1,1.4,.800,0.3,2.5,2.8,3.0,0.5,0.1,1.3,2.3,14.7,0,.556,1.361111111111111,1.22
185,2024,Jett Howard,SF,20,ORL,65,57,4.3,0.5,1.9,.267,0.3,1.4,.182,0.3,0.5,.500,.333,0.1,0.3,.500,0.1,0.4,0.5,0.4,0.0,0.0,0.3,0.1,1.4,0,.640,0.7368421052631579,1.18
186,2024,Neemias Queta,C,24,BOS,62,56,14.3,2.0,3.8,.522,0.0,0.0,0,2.0,3.8,.522,.522,0.7,0.8,.800,2.7,2.8,5.5,0.3,0.5,0.5,0.5,1.5,4.7,0,.769,1.236842105263158,1.11
187,2024,Brandon Boston Jr.,SF,22,LAC,58,56,5.5,2.0,3.5,.571,0.5,1.5,.333,1.5,2.0,.750,.643,0.0,0.0,0,0.0,1.0,1.0,1.0,0.0,0.0,0.5,1.5,4.5,0,.615,1.2857142857142858,1.06
188,2024,Bennedict Mathurin,SF,21,IND,82,69,25.4,5.0,11.3,.445,1.2,3.4,.369,3.8,8.0,.477,.500,2.9,3.4,.849,1.2,2.7,3.8,2.2,0.6,0.2,1.4,2.1,14.2,0,.520,1.2566371681415929,1.0
189,2024,Thaddeus Young,PF,35,TOR,60,56,3.3,0.5,1.0,.500,0.0,0.0,0,0.5,1.0,.500,.500,0.0,0.5,.000,0.3,0.5,0.8,0.8,0.0,0.0,0.3,0.0,1.0,0,.423,1.0,0.99
190,2024,DaQuan Jeffries,SG,26,NYK,65,56,3.0,0.3,1.0,.333,0.1,0.6,.200,0.2,0.4,.500,.389,0.0,0.2,.000,0.0,0.6,0.6,0.2,0.0,0.0,0.1,0.1,0.8,0,.577,0.8,0.99
191,2024,Kelly Oubre Jr.,SF,28,PHI,71,61,25.2,5.1,10.6,.484,1.5,4.5,.343,3.6,6.1,.587,.557,1.9,2.6,.744,1.2,3.1,4.3,0.7,1.1,0.3,0.7,2.3,13.7,0,.692,1.2924528301886793,0.94
192,2024,Jules Bernard,SG,24,WAS,58,56,5.0,0.5,2.5,.200,0.0,1.5,.000,0.5,1.0,.500,.200,0.0,0.0,0,0.5,0.0,0.5,0.5,0.0,0.0,0.5,0.5,1.0,0,.154,0.4,0.93
193,2024,Maxi Kleber,C,32,DAL,61,57,18.0,0.8,3.2,.250,0.6,1.8,.333,0.2,1.4,.143,.344,1.2,2.0,.600,0.8,3.4,4.2,2.0,0.2,0.2,0.8,1.6,3.4,0,.615,1.0625,0.93
194,2024,Dereon Seabron,SG,23,NOP,59,54,10.4,0.8,2.6,.308,0.2,0.4,.500,0.6,2.2,.273,.346,1.0,1.2,.833,0.2,1.2,1.4,0.8,0.4,0.2,0.0,0.8,2.8,0,.571,1.0769230769230769,0.92
195,2024,Oscar Tshiebwe,PF,24,IND,60,57,5.7,1.3,2.7,.500,0.0,0.0,0,1.3,2.7,.500,.500,1.0,1.3,.750,0.7,1.0,1.7,0.7,0.0,0.0,0.0,0.3,3.7,0,.520,1.3703703703703702,0.92
196,2024,Taurean Prince,PF,29,LAL,80,80,30.5,3.5,8.2,.429,1.9,5.2,.369,1.6,3.0,.533,.546,0.6,0.8,.700,0.3,2.3,2.6,1.7,0.8,0.4,0.9,2.0,9.5,0,.556,1.1585365853658538,0.92
197,2024,Zach Collins,C,26,SAS,82,77,27.0,4.9,10.2,.481,1.2,3.8,.306,3.7,6.4,.584,.538,2.1,2.6,.809,2.0,4.0,6.0,3.4,0.6,0.6,2.5,3.3,13.0,0,.154,1.2745098039215688,0.9
198,2024,Ty Jerome,SG,26,CLE,57,55,7.5,1.0,2.0,.500,0.0,0.5,.000,1.0,1.5,.667,.500,0.0,0.0,0,0.5,0.0,0.5,1.5,0.0,0.0,0.5,1.0,2.0,0,.556,1.0,0.9
199,2024,Lester Quinones,SG,23,GSW,57,55,4.5,1.0,3.0,.333,0.5,2.0,.250,0.5,1.0,.500,.417,0.0,0.0,0,0.0,0.0,0.0,0.0,0.0,0.0,0.5,0.5,2.5,0,.481,0.8333333333333334,0.87
200,2024,Patty Mills,PG,35,ATL,60,56,8.8,0.8,2.5,.300,0.8,1.8,.429,0.0,0.8,.000,.450,0.0,0.0,0,0.0,1.0,1.0,1.0,0.3,0.3,0.5,1.0,2.3,0,.423,0.9199999999999999,0.86
201,2024,Killian Hayes,PG,22,DET,80,76,26.4,3.6,8.6,.425,0.7,2.4,.305,2.9,6.2,.471,.467,1.1,1.6,.700,0.4,2.7,3.1,4.4,1.0,0.6,1.1,1.9,9.1,0,.074,1.058139534883721,0.85
202,2024,Gregory Jackson II,PF,19,MEM,60,56,4.8,0.8,2.5,.300,0.5,1.3,.400,0.3,1.3,.200,.400,0.0,0.0,0,0.3,0.5,0.8,0.0,0.3,0.3,0.3,0.5,2.0,0,.269,0.8,0.85
203,2024,Lindell Wigginton,PG,25,MIL,58,55,2.7,0.7,1.7,.400,0.0,0.7,.000,0.7,1.0,.667,.400,0.7,0.7,1.000,0.0,0.0,0.0,0.0,0.0,0.0,0.3,0.3,2.0,0,.741,1.1764705882352942,0.83
204,2024,Jalen Hood-Schifino,SG,20,LAL,60,55,10.4,0.8,3.6,.222,0.2,1.6,.125,0.6,2.0,.300,.250,1.0,2.0,.500,0.2,1.0,1.2,0.8,0.0,0.2,0.8,1.4,2.8,0,.556,0.7777777777777777,0.8
205,2024,E.J. Liddell,PF,23,NOP,57,54,3.0,0.3,1.3,.250,0.0,1.0,.000,0.3,0.3,1.000,.250,0.7,0.7,1.000,0.0,0.7,0.7,0.0,0.0,0.3,0.3,0.3,1.3,0,.571,1.0,0.79
206,2024,Ausar Thompson,SF,21,DET,82,78,27.0,4.2,9.0,.463,0.3,2.0,.151,3.9,7.1,.550,.480,1.3,1.9,.692,2.7,5.4,8.1,2.4,0.9,1.1,1.7,3.4,10.0,0,.074,1.1111111111111112,0.77
207,2024,Anthony Black,PG,20,ORL,80,76,19.5,2.0,4.0,.500,0.5,1.5,.324,1.5,2.5,.603,.560,0.7,1.2,.571,0.7,1.9,2.5,1.6,0.4,0.3,0.9,2.0,5.2,0,.640,1.3,0.75
208,2024,Emoni Bates,SF,20,CLE,62,55,7.4,0.6,2.1,.267,0.4,1.7,.250,0.1,0.4,.333,.367,0.1,0.3,.500,0.1,1.1,1.3,0.3,0.1,0.1,0.1,0.3,1.7,0,.556,0.8095238095238094,0.72
209,2024,Derrick Rose,PG,35,MEM,71,63,18.9,3.5,8.1,.438,0.7,2.1,.344,2.8,5.9,.472,.483,1.3,1.4,.905,0.5,1.5,2.0,3.5,0.5,0.1,1.4,1.2,9.1,3,.269,1.123456790123457,0.7
210,2024,Thanasis Antetokounmpo,PF,31,MIL,67,55,4.6,0.3,0.8,.444,0.0,0.0,0,0.3,0.8,.444,.444,0.0,0.0,0,0.3,0.3,0.5,0.4,0.2,0.1,0.4,0.6,0.7,0,.741,0.8749999999999999,0.7
211,2024,Jeenathan Williams,SG,24,HOU,62,58,5.5,1.5,2.8,.545,0.0,0.5,.000,1.5,2.3,.667,.545,0.3,0.5,.500,0.0,0.0,0.0,0.5,0.3,0.0,0.0,0.5,3.3,0,.542,1.1785714285714286,0.69
212,2024,Cole Swider,SF,24,MIA,58,55,9.7,2.0,4.7,.429,1.3,3.7,.364,0.7,1.0,.667,.571,0.0,0.0,0,0.0,0.3,0.3,1.0,0.3,0.3,0.3,0.3,5.3,0,.556,1.127659574468085,0.68
213,2024,Shaquille Harrison,SG,30,MEM,59,56,2.0,0.3,0.7,.500,0.0,0.0,0,0.3,0.7,.500,.500,0.0,0.0,0,0.0,0.7,0.7,0.0,0.0,0.3,0.0,0.0,0.7,0,.269,1.0,0.67
214,2024,Kevin Love,PF,35,MIA,76,60,19.2,3.0,7.1,.427,2.0,5.3,.369,1.1,1.9,.590,.563,1.5,1.9,.821,0.9,6.0,6.9,2.5,0.4,0.1,0.7,1.9,9.6,3,.556,1.352112676056338,0.67
215,2024,Gui Santos,PF,21,GSW,57,55,6.0,1.0,2.0,.500,0.0,0.5,.000,1.0,1.5,.667,.500,0.0,0.0,0,1.0,1.0,2.0,0.5,0.0,0.0,1.0,1.0,2.0,0,.481,1.0,0.67
216,2024,Al Horford,C,37,BOS,79,65,26.7,2.9,6.2,.472,1.4,3.8,.364,1.5,2.3,.648,.585,0.4,0.4,1.000,1.7,5.4,7.1,2.8,0.4,1.0,1.0,1.7,7.7,5,.769,1.2419354838709677,0.67
217,2024,Keyonte George,PG,20,UTA,79,71,25.8,3.5,9.6,.361,1.6,5.1,.320,1.8,4.5,.407,.446,2.4,3.0,.781,0.5,2.5,3.0,5.0,0.5,0.1,2.3,1.1,10.9,0,.370,1.1354166666666667,0.66
218,2024,Caleb Martin,SF,28,MIA,72,62,27.5,4.7,10.6,.444,1.3,3.6,.361,3.4,7.0,.487,.506,1.2,1.9,.656,1.4,3.5,4.9,2.5,0.8,0.2,1.4,2.2,11.9,0,.556,1.1226415094339623,0.65
219,2024,Moses Brown,C,24,POR,61,56,7.0,1.2,2.4,.500,0.0,0.0,0,1.2,2.4,.500,.500,0.0,0.4,.000,1.6,2.0,3.6,0.2,0.2,0.2,0.2,0.4,2.4,0,.269,1.0,0.65
220,2024,Lamar Stevens,PF,26,BOS,65,57,5.0,0.9,1.9,.471,0.2,0.7,.333,0.7,1.2,.545,.529,0.3,0.4,.750,0.6,0.6,1.1,0.3,0.4,0.3,0.4,1.1,2.3,0,.769,1.2105263157894737,0.64
221,2024,Amari Bailey,PG,19,CHO,59,57,5.5,1.0,3.0,.333,0.0,1.0,.000,1.0,2.0,.500,.333,0.5,1.0,.500,1.0,0.0,1.0,0.0,0.0,0.0,0.5,0.0,2.5,0,.280,0.8333333333333334,0.63
222,2024,Brandon Miller,SF,21,CHO,80,74,32.2,5.6,13.0,.431,2.0,5.2,.378,3.7,7.8,.467,.507,1.6,2.0,.804,0.9,3.2,4.0,2.2,0.7,0.6,1.7,2.9,14.8,0,.280,1.1384615384615384,0.61
223,2024,Chuma Okeke,SF,25,ORL,69,57,4.7,0.4,1.3,.333,0.3,0.8,.300,0.2,0.4,.400,.433,0.0,0.0,0,0.3,0.8,1.0,0.3,0.1,0.0,0.3,0.0,1.1,0,.640,0.8461538461538461,0.59
224,2024,Marcus Smart,PG,29,MEM,67,67,29.9,4.6,10.8,.429,1.6,5.5,.295,3.0,5.3,.569,.504,1.5,1.9,.810,0.3,2.2,2.5,5.0,2.0,0.4,3.4,3.2,12.5,0,.269,1.1574074074074074,0.59
225,2024,Svi Mykhailiuk,SF,26,BOS,66,56,6.7,0.6,1.9,.316,0.4,1.6,.250,0.2,0.3,.667,.421,0.0,0.0,0,0.1,0.4,0.5,0.1,0.3,0.0,0.4,0.4,1.6,0,.769,0.8421052631578948,0.59
226,2024,Bismack Biyombo,C,31,MEM,75,74,25.9,2.7,4.6,.586,0.0,0.0,0,2.7,4.6,.586,.586,1.0,1.9,.514,2.3,4.6,6.9,1.9,0.4,1.2,1.4,3.1,6.4,0,.269,1.3913043478260871,0.59
227,2024,T.J. McConnell,PG,31,IND,76,58,15.6,3.6,7.0,.511,0.1,0.5,.100,3.5,6.5,.545,.515,0.7,0.9,.722,0.6,2.2,2.7,4.8,1.0,0.2,1.2,1.2,7.9,0,.520,1.1285714285714286,0.58
228,2024,Cam Whitmore,SF,19,HOU,63,58,6.4,1.4,3.0,.467,0.2,1.0,.200,1.2,2.0,.600,.500,1.0,2.0,.500,0.2,1.4,1.6,0.4,0.2,0.0,0.4,0.4,4.0,0,.542,1.3333333333333333,0.57
229,2024,Haywood Highsmith,PF,27,MIA,72,69,21.2,2.1,4.9,.429,0.9,2.9,.320,1.2,2.0,.588,.524,0.6,0.8,.786,0.6,1.9,2.5,1.5,1.1,0.7,0.9,2.1,5.8,0,.556,1.183673469387755,0.56
230,2024,Walker Kessler,C,22,UTA,74,66,25.1,3.9,6.8,.577,0.1,0.6,.167,3.8,6.2,.619,.585,0.8,1.6,.533,3.1,5.3,8.4,0.9,0.4,2.8,1.3,2.1,8.8,0,.370,1.2941176470588236,0.56
231,2024,Armoni Brooks,PG,25,BRK,63,56,9.1,1.3,3.9,.333,1.0,2.7,.368,0.3,1.1,.250,.463,0.0,0.0,0,0.6,1.1,1.7,0.4,0.0,0.1,0.1,0.1,3.6,0,.500,0.9230769230769231,0.55
232,2024,Tre Mann,PG,22,OKC,66,57,10.2,1.8,3.6,.500,0.6,1.4,.385,1.2,2.1,.579,.578,0.1,0.1,1.000,0.3,1.6,1.9,1.6,0.3,0.0,0.9,0.3,4.2,0,.680,1.1666666666666667,0.55
233,2024,Seth Lundy,SF,23,ATL,58,56,5.0,0.5,1.0,.500,0.0,0.5,.000,0.5,0.5,1.000,.500,0.0,0.0,0,0.0,0.5,0.5,0.0,0.0,0.0,0.0,1.5,1.0,0,.423,1.0,0.55
234,2024,Robin Lopez,C,35,MIL,62,55,3.0,0.1,0.6,.250,0.1,0.4,.333,0.0,0.1,.000,.375,0.3,0.3,1.000,0.0,0.1,0.1,0.3,0.0,0.1,0.1,0.4,0.7,0,.741,1.1666666666666667,0.53
235,2024,Austin Reaves,SG,25,LAL,82,64,29.6,5.1,11.0,.468,1.7,4.7,.362,3.4,6.3,.547,.545,3.0,3.4,.870,0.9,3.8,4.7,5.0,0.9,0.1,2.4,1.4,15.0,0,.556,1.3636363636363635,0.52
236,2024,Eric Gordon,SG,35,PHO,78,71,31.8,5.2,11.4,.458,2.6,6.7,.392,2.6,4.7,.550,.573,0.7,0.9,.810,0.3,1.7,2.0,2.8,1.1,0.5,1.5,1.4,13.8,0,.519,1.2105263157894737,0.52
237,2024,Terance Mann,SG,27,LAC,76,72,26.5,2.7,6.1,.434,0.7,2.9,.224,2.0,3.2,.625,.488,0.8,1.1,.682,1.1,2.4,3.5,2.1,0.7,0.4,0.7,1.8,6.7,0,.615,1.098360655737705,0.52
238,2024,D'Moi Hodge,SG,25,LAL,62,55,5.9,0.7,2.1,.333,0.4,1.7,.250,0.3,0.4,.667,.433,0.1,0.3,.500,0.0,0.0,0.0,0.7,0.1,0.1,0.1,0.6,2.0,0,.556,0.9523809523809523,0.49
239,2024,Jarace Walker,PF,20,IND,65,57,10.5,1.5,3.5,.429,0.4,1.4,.273,1.1,2.1,.529,.482,0.4,0.4,1.000,0.1,1.4,1.5,1.4,0.5,0.4,0.4,1.4,3.8,0,.520,1.0857142857142856,0.48
240,2024,DeAndre Jordan,C,35,DEN,65,55,13.9,2.0,3.5,.579,0.0,0.0,0,2.0,3.5,.579,.579,1.0,2.8,.355,1.9,3.3,5.2,1.1,0.4,0.5,1.0,1.8,5.0,1,.643,1.4285714285714286,0.47
241,2024,Isaiah Stewart,PF,22,DET,80,80,30.3,3.8,8.4,.455,1.3,3.6,.367,2.5,4.8,.521,.533,1.3,1.7,.786,1.8,5.0,6.8,1.4,0.3,0.6,1.7,2.6,10.2,0,.074,1.2142857142857142,0.47
242,2024,Saben Lee,PG,24,PHO,59,55,2.8,1.0,1.8,.571,0.0,0.3,.000,1.0,1.5,.667,.571,0.5,0.5,1.000,0.5,0.3,0.8,0.8,0.0,0.3,0.0,0.3,2.5,0,.519,1.3888888888888888,0.46
243,2024,Dorian Finney-Smith,PF,30,BRK,80,73,29.5,3.9,8.3,.467,2.4,5.5,.439,1.5,2.8,.522,.613,0.2,0.3,.667,2.1,3.0,5.1,1.3,0.7,0.6,0.9,2.3,10.3,0,.500,1.2409638554216866,0.46
244,2024,Vasilije Micić,PG,30,OKC,67,57,12.2,1.0,3.0,.333,0.5,1.8,.278,0.5,1.2,.417,.417,0.4,0.6,.667,0.0,0.5,0.5,2.7,0.2,0.1,1.1,0.6,2.9,0,.680,0.9666666666666667,0.42
245,2024,Markieff Morris,PF,34,DAL,66,56,10.9,1.3,3.7,.351,0.7,2.3,.304,0.6,1.4,.429,.446,0.0,0.0,0,0.3,1.7,2.0,1.0,0.4,0.1,0.7,0.8,3.3,0,.615,0.8918918918918918,0.41
246,2024,Tari Eason,PF,22,HOU,75,58,21.0,3.6,7.7,.473,0.9,2.1,.417,2.8,5.6,.495,.531,1.1,1.7,.655,2.0,5.2,7.2,1.2,0.9,1.0,1.0,2.1,9.3,0,.542,1.2077922077922079,0.41
247,2024,Dennis Smith Jr.,PG,26,BRK,69,56,17.6,2.6,6.2,.425,0.5,1.7,.318,2.1,4.5,.466,.469,0.9,1.1,.857,0.8,2.2,3.0,3.5,0.8,0.2,0.9,2.2,6.7,0,.500,1.0806451612903225,0.41
248,2024,Quentin Grimes,SG,23,NYK,80,74,21.8,2.4,6.2,.385,1.8,4.8,.371,0.6,1.3,.438,.530,0.1,0.2,.400,0.3,1.1,1.3,1.2,0.7,0.0,0.5,1.7,6.6,0,.577,1.064516129032258,0.41
249,2024,Jamaree Bouyea,PG,24,POR,62,56,9.5,0.8,3.5,.238,0.0,1.3,.000,0.8,2.2,.385,.238,0.0,0.0,0,0.3,1.3,1.7,1.3,0.0,0.0,1.3,0.5,1.7,0,.269,0.4857142857142857,0.41
250,2024,Cam Reddish,SF,24,LAL,77,70,24.1,2.4,5.9,.408,0.8,2.6,.310,1.6,3.3,.486,.477,1.3,1.5,.853,0.6,2.1,2.7,1.3,1.5,0.3,0.6,1.9,7.0,0,.556,1.1864406779661016,0.4
251,2024,Lonnie Walker IV,SG,25,BRK,73,56,21.3,5.2,10.6,.489,2.6,5.6,.463,2.6,5.0,.518,.611,1.7,2.2,.763,0.2,2.5,2.6,1.6,0.6,0.4,1.5,0.9,14.6,0,.500,1.3773584905660377,0.4
252,2024,Xavier Tillman Sr.,C,25,MEM,70,62,20.6,2.8,7.1,.390,0.6,2.2,.290,2.1,4.9,.435,.435,0.4,1.0,.357,1.4,3.4,4.7,1.6,1.4,0.7,0.9,1.8,6.6,0,.269,0.9295774647887324,0.4
253,2024,Dalano Banton,PG,24,BOS,68,57,7.8,1.2,2.4,.483,0.1,0.7,.125,1.1,1.8,.619,.500,0.4,0.5,.833,0.8,1.3,2.1,0.4,0.2,0.2,0.4,1.0,2.8,0,.769,1.1666666666666667,0.39
254,2024,Colby Jones,SG,21,SAC,68,57,6.8,1.3,2.8,.452,0.1,0.7,.125,1.2,2.1,.565,.468,0.2,0.3,.667,0.6,0.7,1.4,0.2,0.2,0.1,0.4,1.0,2.8,0,.640,1.0,0.39
255,2024,Blake Wesley,SG,20,SAS,62,56,4.3,0.5,1.3,.375,0.0,0.2,.000,0.5,1.2,.429,.375,0.2,0.3,.500,0.2,0.2,0.3,1.0,0.0,0.2,0.2,0.5,1.2,0,.154,0.923076923076923,0.38
256,2024,Jae Crowder,PF,33,MIL,64,57,26.7,2.8,5.2,.532,1.8,3.4,.516,1.0,1.8,.563,.702,0.8,1.3,.583,0.4,3.4,3.9,1.7,0.8,0.3,0.4,1.6,8.1,0,.741,1.5576923076923075,0.38
257,2024,Nate Hinton,SG,24,HOU,62,58,4.0,0.8,1.5,.500,0.8,0.8,1.000,0.0,0.8,.000,.750,0.0,0.0,0,0.3,0.5,0.8,0.0,0.0,0.0,0.0,0.5,2.3,0,.542,1.5333333333333332,0.37
258,2024,Nicolas Batum,PF,35,PHI,76,70,23.9,2.0,3.7,.541,1.3,2.8,.464,0.7,0.9,.778,.716,0.4,0.6,.636,0.9,2.8,3.7,2.2,0.6,0.7,0.5,1.8,5.7,0,.692,1.5405405405405406,0.36
259,2024,Filip Petrušev,C,23,SAC,60,57,3.3,0.3,0.7,.500,0.0,0.0,0,0.3,0.7,.500,.500,0.3,0.7,.500,0.0,0.3,0.3,0.0,0.0,0.0,0.0,0.3,1.0,0,.640,1.4285714285714286,0.36
260,2024,Buddy Hield,SF,31,IND,82,70,25.7,4.7,10.6,.442,2.7,7.2,.376,2.0,3.4,.583,.570,0.5,0.6,.800,0.7,2.3,3.0,2.6,0.8,0.6,1.5,1.9,12.6,0,.520,1.1886792452830188,0.35
261,2024,Jordan Nwora,SF,25,IND,66,57,12.2,2.8,5.7,.490,0.9,2.6,.348,1.9,3.1,.607,.569,0.4,0.6,.800,0.8,1.7,2.4,1.1,0.6,0.1,1.1,1.0,6.9,0,.520,1.2105263157894737,0.35
262,2024,Amen Thompson,SF,21,HOU,63,58,15.4,2.0,4.8,.417,0.4,2.4,.167,1.6,2.4,.667,.458,1.0,1.6,.625,0.6,2.6,3.2,1.4,0.4,0.2,1.2,2.0,5.4,0,.542,1.1250000000000002,0.35
263,2024,Cole Anthony,PG,23,ORL,82,57,25.1,4.9,10.8,.452,1.4,3.6,.374,3.5,7.2,.492,.515,3.7,4.4,.844,1.0,3.2,4.2,3.6,0.7,0.5,1.8,2.9,14.8,0,.640,1.3703703703703702,0.34
264,2024,Richaun Holmes,C,30,DAL,70,57,10.0,1.1,2.4,.455,0.0,0.0,0,1.1,2.4,.455,.455,0.5,1.1,.467,1.4,2.2,3.6,0.5,0.1,0.4,0.6,1.4,2.6,0,.615,1.0833333333333335,0.33
265,2024,P.J. Washington,PF,25,CHO,79,70,30.2,5.0,11.9,.425,2.0,6.0,.328,3.1,5.9,.523,.508,1.4,1.9,.732,1.1,4.1,5.2,2.5,0.9,0.9,1.5,2.9,13.4,0,.280,1.1260504201680672,0.33
266,2024,James Bouknight,SG,23,CHO,59,57,6.0,2.5,4.0,.625,2.0,3.5,.571,0.5,0.5,1.000,.875,0.0,0.0,0,0.5,0.5,1.0,0.0,0.0,0.0,0.0,0.5,7.0,0,.280,1.75,0.33
267,2024,Julian Phillips,SF,20,CHI,69,54,4.6,0.3,1.1,.294,0.0,0.5,.000,0.3,0.6,.556,.294,0.1,0.3,.250,0.1,0.5,0.7,0.4,0.1,0.0,0.1,0.6,0.7,0,.393,0.6363636363636362,0.33
268,2024,Harry Giles,C,25,BRK,62,56,6.5,2.3,3.8,.609,0.2,0.8,.200,2.2,3.0,.722,.630,0.8,1.2,.714,0.8,0.8,1.7,0.2,0.2,0.2,0.2,0.7,5.7,0,.500,1.5000000000000002,0.33
269,2024,Lindy Waters III,SG,26,OKC,66,57,7.8,1.0,2.4,.409,0.9,2.3,.381,0.1,0.1,1.000,.591,0.0,0.0,0,0.1,0.6,0.7,0.7,0.0,0.1,0.0,0.7,2.9,0,.680,1.2083333333333333,0.33
270,2024,Patrick Williams,PF,22,CHI,82,72,27.0,3.5,8.0,.435,1.3,3.3,.391,2.2,4.7,.466,.516,1.3,1.8,.735,1.2,3.1,4.3,1.4,0.9,0.9,1.1,1.8,9.5,0,.393,1.1875,0.32
271,2024,Skylar Mays,PG,26,POR,71,61,19.3,2.9,7.1,.406,0.8,2.7,.293,2.1,4.3,.477,.462,0.7,0.9,.846,0.3,1.3,1.7,4.5,0.8,0.1,1.0,1.3,7.3,0,.269,1.028169014084507,0.32
272,2024,Mason Plumlee,C,33,LAC,62,56,17.0,2.0,3.2,.632,0.0,0.0,0,2.0,3.2,.632,.632,1.0,2.3,.429,1.3,4.2,5.5,1.0,0.7,0.2,0.8,1.0,5.0,0,.615,1.5625,0.32
273,2024,Bones Hyland,PG,23,LAC,69,58,16.2,3.0,7.4,.406,1.5,4.0,.365,1.5,3.4,.455,.505,0.7,0.8,.900,0.2,1.0,1.2,1.9,0.5,0.0,1.5,1.7,8.2,0,.615,1.108108108108108,0.31
274,2024,Dante Exum,PG,28,DAL,79,63,16.4,3.3,5.7,.577,0.8,1.9,.442,2.4,3.8,.644,.650,0.9,1.3,.700,0.6,2.2,2.7,2.4,0.5,0.2,0.7,1.4,8.3,0,.615,1.456140350877193,0.3
275,2024,Dylan Windler,SF,27,NYK,59,56,2.3,0.3,0.7,.500,0.3,0.7,.500,0.0,0.0,0,.750,0.0,0.0,0,0.0,0.3,0.3,0.3,0.0,0.0,0.0,0.3,1.0,0,.577,1.4285714285714286,0.3
276,2024,Joshua Primo,SG,21,LAC,57,56,5.0,1.0,2.0,.500,0.0,1.0,.000,1.0,1.0,1.000,.500,0.0,0.0,0,0.0,0.0,0.0,0.0,0.0,1.0,3.0,0.0,2.0,0,.615,1.0,0.3
277,2024,Evan Fournier,SG,31,NYK,57,56,16.0,1.0,6.0,.167,0.0,4.0,.000,1.0,2.0,.500,.167,0.0,0.0,0,0.0,1.0,1.0,1.0,1.0,0.0,0.0,2.0,2.0,0,.577,0.3333333333333333,0.3
278,2024,Jalen Slawson,SF,24,SAC,62,57,3.8,0.4,0.6,.667,0.0,0.2,.000,0.4,0.4,1.000,.667,0.0,0.0,0,0.0,0.8,0.8,0.4,0.0,0.2,0.4,0.6,0.8,0,.640,1.3333333333333335,0.29
279,2024,Colin Castleton,C,23,LAL,59,55,7.0,1.3,2.0,.625,0.0,0.0,0,1.3,2.0,.625,.625,0.5,0.5,1.000,0.8,1.0,1.8,0.8,0.0,0.0,0.0,1.3,3.0,0,.556,1.5,0.29
280,2024,Delon Wright,PG,31,WAS,64,56,17.6,1.4,3.8,.367,0.5,1.4,.364,0.9,2.4,.368,.433,1.8,2.0,.875,0.4,2.1,2.5,4.4,1.6,0.1,0.5,0.8,5.0,0,.154,1.3157894736842106,0.29
281,2024,Craig Porter Jr.,PG,23,CLE,71,56,14.0,2.8,5.2,.530,0.3,0.6,.444,2.5,4.6,.541,.554,1.1,1.6,.692,0.3,1.5,1.8,2.5,0.6,0.4,0.9,1.0,6.9,0,.556,1.3269230769230769,0.29
282,2024,Marcus Morris,PF,34,PHI,74,59,13.1,2.2,4.4,.506,1.1,1.9,.543,1.2,2.4,.477,.627,0.3,0.3,1.000,0.4,2.2,2.6,0.7,0.3,0.4,0.3,1.6,5.8,0,.692,1.3181818181818181,0.28
283,2024,Malik Monk,SG,25,SAC,82,57,25.2,4.8,11.2,.434,2.8,6.5,.429,2.0,4.6,.440,.559,2.3,2.6,.891,0.5,2.1,2.6,5.2,0.6,0.5,2.3,1.7,14.8,0,.640,1.3214285714285716,0.28
284,2024,A.J. Lawson,SG,23,DAL,65,56,7.4,1.3,3.1,.429,0.4,1.8,.250,0.9,1.3,.667,.500,0.3,0.7,.500,0.3,0.3,0.7,0.3,0.0,0.1,0.2,0.4,3.4,0,.615,1.096774193548387,0.28
285,2024,Jaden Springer,SG,21,PHI,71,56,11.1,1.5,3.9,.379,0.3,1.1,.294,1.1,2.7,.415,.422,0.8,1.1,.750,0.9,0.8,1.7,1.1,0.7,0.5,1.0,1.7,4.1,0,.692,1.0512820512820513,0.27
286,2024,Dru Smith,SG,26,MIA,64,55,14.6,1.7,3.7,.455,0.8,1.9,.412,0.9,1.8,.500,.561,0.2,0.2,1.000,0.7,0.9,1.6,1.6,1.0,0.3,0.6,1.3,4.3,0,.556,1.162162162162162,0.27
287,2024,Nickeil Alexander-Walker,SG,25,MIN,82,68,23.7,2.6,6.3,.411,1.5,4.1,.369,1.1,2.2,.491,.532,0.4,0.7,.647,0.5,1.5,2.0,2.5,0.8,0.7,1.1,1.9,7.2,0,.800,1.142857142857143,0.27
288,2024,Jose Alvarado,PG,25,NOP,68,54,16.9,2.4,5.9,.410,1.4,3.3,.413,1.1,2.6,.405,.524,0.9,1.4,.600,0.5,2.1,2.6,2.1,1.1,0.4,1.0,1.4,7.1,0,.571,1.2033898305084745,0.27
289,2024,Talen Horton-Tucker,PG,23,UTA,82,65,22.6,4.2,10.1,.414,1.4,4.0,.343,2.8,6.1,.461,.482,1.3,1.7,.800,0.4,2.3,2.7,4.3,1.1,0.4,1.9,2.1,11.1,0,.370,1.099009900990099,0.27
290,2024,Kira Lewis Jr.,PG,22,NOP,67,54,10.1,1.2,3.6,.319,0.2,1.3,.118,1.0,2.3,.433,.340,0.6,0.7,.889,0.2,0.6,0.8,1.4,0.4,0.1,0.5,0.6,3.1,0,.571,0.8611111111111112,0.26
291,2024,Dean Wade,PF,27,CLE,75,68,20.6,1.7,4.0,.413,1.3,3.6,.366,0.4,0.5,.778,.575,0.6,0.7,.786,1.3,3.0,4.3,0.9,1.0,0.3,0.5,2.3,5.2,0,.556,1.3,0.26
292,2024,Bruno Fernando,C,25,ATL,63,56,4.7,1.1,2.3,.500,0.0,0.1,.000,1.1,2.1,.533,.500,0.6,0.9,.667,0.7,1.0,1.7,0.1,0.0,0.1,0.6,0.7,2.9,0,.423,1.2608695652173914,0.26
293,2024,Cory Joseph,PG,32,GSW,67,55,10.6,0.8,2.6,.290,0.3,1.7,.200,0.4,0.9,.455,.355,0.3,0.6,.571,0.2,0.8,0.9,2.0,0.3,0.2,0.4,0.8,2.2,0,.481,0.8461538461538461,0.26
294,2024,Daniel Theis,C,31,LAC,72,56,16.7,2.6,5.9,.436,0.4,1.0,.375,2.2,4.9,.449,.468,1.0,1.4,.727,1.8,2.2,3.9,0.8,0.4,0.9,0.6,2.5,6.5,0,.615,1.1016949152542372,0.26
295,2024,Collin Gillespie,PG,24,DEN,65,54,7.8,0.7,1.8,.400,0.3,1.1,.250,0.5,0.7,.625,.475,0.1,0.1,1.000,0.1,0.3,0.4,0.7,0.5,0.0,0.4,0.9,1.8,0,.643,1.0,0.25
296,2024,KJ Martin,SF,23,PHI,71,56,7.0,0.8,1.8,.444,0.1,0.4,.167,0.7,1.4,.524,.463,0.2,0.4,.500,0.3,0.7,1.1,0.6,0.5,0.1,0.3,1.1,1.9,0,.692,1.0555555555555556,0.25
297,2024,Nathan Mensah,C,25,CHO,59,57,20.5,0.5,2.0,.250,0.0,0.0,0,0.5,2.0,.250,.250,1.0,1.0,1.000,2.5,5.0,7.5,0.5,0.0,0.0,1.5,4.5,2.0,0,.280,1.0,0.22
298,2024,Moussa Diabaté,C,22,LAC,65,56,6.1,1.0,2.0,.500,0.0,0.0,0,1.0,2.0,.500,.500,1.0,1.3,.750,1.6,0.6,2.1,0.4,0.4,0.0,0.2,0.4,3.0,0,.615,1.5,0.22
299,2024,R.J. Hampton,PG,22,MIA,57,55,5.5,0.5,1.0,.500,0.5,0.5,1.000,0.0,0.5,.000,.750,0.0,0.0,0,0.0,1.0,1.0,0.0,0.0,0.0,0.5,0.5,1.5,0,.556,1.5,0.22
300,2024,Dalen Terry,SG,21,CHI,66,54,6.5,0.5,1.4,.353,0.2,0.8,.200,0.3,0.6,.571,.412,0.2,0.3,.500,0.3,0.9,1.3,0.8,0.1,0.3,0.3,1.0,1.3,0,.393,0.9285714285714287,0.21
301,2024,Jalen Smith,C,23,IND,71,57,15.4,3.8,5.4,.707,1.0,1.5,.667,2.8,3.9,.722,.800,1.4,1.9,.741,1.4,4.1,5.5,0.9,0.4,0.3,1.1,2.1,10.0,0,.520,1.8518518518518516,0.21
302,2024,Dyson Daniels,PG,20,NOP,82,67,23.8,2.4,6.1,.398,0.7,2.7,.253,1.8,3.4,.510,.453,0.7,1.1,.667,1.0,3.3,4.3,2.9,1.4,0.4,1.1,1.8,6.3,0,.571,1.0327868852459017,0.21
303,2024,Josh Minott,SF,21,MIN,68,57,2.5,0.7,1.3,.571,0.0,0.5,.000,0.7,0.8,.889,.571,0.4,0.5,.667,0.1,0.2,0.3,0.1,0.0,0.1,0.0,0.4,1.8,0,.800,1.3846153846153846,0.21
304,2024,Andrew Nembhard,PG,24,IND,74,59,18.1,3.1,6.7,.456,0.5,2.2,.243,2.5,4.5,.558,.496,0.4,0.5,.667,0.5,1.2,1.7,4.1,0.9,0.1,1.3,1.9,7.0,0,.520,1.044776119402985,0.21
305,2024,Kenrich Williams,PF,29,OKC,72,57,14.6,1.9,3.9,.492,0.8,1.9,.429,1.1,2.1,.548,.593,0.2,0.7,.300,0.7,2.1,2.8,1.5,0.3,0.1,0.3,1.8,4.9,0,.680,1.2564102564102566,0.2
306,2024,Saddiq Bey,SF,24,ATL,82,70,31.7,4.7,10.1,.469,1.8,5.0,.351,3.0,5.0,.588,.557,1.7,2.2,.786,2.2,4.0,6.2,1.3,1.1,0.2,1.2,1.5,12.9,0,.423,1.2772277227722773,0.2
307,2024,Devonte' Graham,PG,28,SAS,61,56,10.4,0.8,2.4,.333,0.4,1.6,.250,0.4,0.8,.500,.417,1.0,1.4,.714,0.2,0.4,0.6,3.2,0.4,0.2,0.4,0.6,3.0,0,.154,1.25,0.2
308,2024,Bogdan Bogdanović,SG,31,ATL,80,58,28.0,6.3,13.5,.465,3.4,8.3,.410,2.9,5.2,.552,.591,1.5,1.6,.921,0.4,3.0,3.4,2.5,1.5,0.3,1.2,2.6,17.5,0,.423,1.2962962962962963,0.19
309,2024,Caris LeVert,SG,29,CLE,75,56,29.8,5.6,13.4,.418,1.7,5.4,.308,4.0,8.1,.491,.479,2.2,3.0,.733,0.6,3.3,3.8,3.6,1.1,0.5,1.6,1.7,15.1,0,.556,1.126865671641791,0.19
310,2024,Rui Hachimura,PF,25,LAL,73,57,23.7,4.4,8.9,.497,1.1,2.9,.377,3.3,6.0,.556,.559,1.6,2.0,.778,0.8,2.9,3.7,1.2,0.8,0.3,0.9,1.6,11.6,0,.556,1.3033707865168538,0.19
311,2024,Reggie Bullock,SF,32,HOU,69,58,8.5,0.6,1.8,.350,0.5,1.5,.353,0.1,0.3,.333,.500,0.1,0.1,1.000,0.2,1.0,1.2,0.3,0.1,0.1,0.2,0.6,1.9,0,.542,1.0555555555555556,0.19
312,2024,Damian Jones,C,28,CLE,66,55,4.9,0.4,0.7,.500,0.0,0.0,0,0.4,0.7,.500,.500,0.1,0.2,.500,0.4,0.6,1.0,0.3,0.1,0.2,0.4,0.4,0.8,0,.556,1.142857142857143,0.18
313,2024,Trey Lyles,PF,28,SAC,69,57,19.5,2.1,5.3,.391,1.2,4.0,.292,0.9,1.3,.688,.500,1.0,1.6,.632,0.9,4.6,5.5,1.3,0.1,0.3,0.8,1.9,6.3,0,.640,1.1886792452830188,0.18
314,2024,Oshae Brissett,SF,25,BOS,68,56,9.4,0.8,2.0,.417,0.2,0.8,.200,0.7,1.2,.571,.458,0.8,1.2,.643,0.8,1.3,2.0,0.3,0.4,0.0,0.3,1.1,2.6,0,.769,1.3,0.18
315,2024,Donte DiVincenzo,SG,27,NYK,82,64,20.5,3.1,7.0,.443,2.3,5.1,.444,0.8,1.9,.440,.604,0.8,1.1,.724,0.7,2.1,2.8,1.8,0.9,0.3,0.9,1.7,9.3,0,.577,1.3285714285714287,0.18
316,2024,Keita Bates-Diop,SF,28,PHO,77,63,17.6,1.9,4.7,.398,0.5,1.8,.250,1.4,2.9,.492,.447,1.0,1.5,.719,0.9,2.2,3.1,0.9,0.5,0.7,0.3,0.9,5.2,0,.519,1.1063829787234043,0.17
317,2024,Mo Bamba,C,25,PHI,70,56,6.4,1.4,2.6,.541,0.4,0.7,.500,1.1,1.9,.556,.608,0.6,0.8,.727,1.2,1.3,2.5,0.3,0.1,0.7,0.5,0.9,3.8,0,.692,1.4615384615384615,0.17
318,2024,Alex Caruso,SG,29,CHI,76,64,23.0,3.4,6.2,.540,1.5,3.4,.453,1.8,2.8,.645,.664,1.1,1.5,.750,1.1,2.1,3.3,2.3,1.2,0.8,1.3,2.3,9.4,0,.393,1.5161290322580645,0.17
319,2024,Jock Landale,C,28,HOU,74,58,8.5,0.6,1.8,.357,0.1,0.6,.200,0.5,1.1,.444,.393,0.3,0.3,1.000,0.8,1.0,1.8,0.5,0.3,0.2,0.5,0.8,1.6,0,.542,0.888888888888889,0.17
320,2024,Omer Yurtseven,C,25,UTA,73,61,12.6,1.9,3.8,.515,0.2,0.7,.231,1.8,3.1,.582,.537,0.3,0.4,.750,1.7,3.2,4.8,0.7,0.2,0.6,1.1,1.7,4.4,0,.370,1.1578947368421053,0.16
321,2024,Santi Aldama,PF,23,MEM,76,61,25.1,4.6,10.4,.438,1.7,5.0,.340,2.9,5.4,.528,.519,1.1,1.8,.629,1.6,4.3,5.9,2.0,0.7,0.8,1.1,1.8,11.9,0,.269,1.1442307692307692,0.16
322,2024,Jalen McDaniels,SF,26,TOR,72,56,8.8,0.8,3.1,.265,0.3,1.5,.167,0.6,1.6,.360,.306,0.1,0.1,1.000,0.3,0.9,1.1,0.6,0.3,0.2,0.4,0.8,2.0,0,.423,0.6451612903225806,0.16
323,2024,Ben Sheppard,SG,22,IND,69,57,7.5,1.3,2.8,.441,0.6,1.8,.333,0.7,1.1,.615,.544,0.3,0.5,.667,0.2,0.5,0.7,0.7,0.3,0.0,0.1,0.9,3.4,0,.520,1.2142857142857144,0.16
324,2024,Naz Reid,C,24,MIN,82,57,22.5,5.1,10.1,.502,1.9,4.8,.388,3.2,5.3,.606,.595,1.5,1.6,.925,1.1,3.5,4.6,0.9,0.7,0.6,1.1,1.6,13.5,0,.800,1.3366336633663367,0.16
325,2024,Markquis Nowell,SG,24,TOR,57,56,4.0,0.0,1.0,.000,0.0,0.0,0,0.0,1.0,.000,.000,2.0,2.0,1.000,2.0,0.0,2.0,2.0,1.0,0.0,0.0,0.0,2.0,0,.423,2.0,0.16
326,2024,Isaac Okoro,SF,23,CLE,73,62,24.6,2.7,5.4,.490,0.8,2.1,.395,1.8,3.3,.550,.566,1.1,1.7,.667,1.4,2.1,3.4,1.8,0.9,0.4,0.7,2.2,7.3,0,.556,1.3518518518518516,0.16
327,2024,Olivier Sarr,C,24,OKC,63,57,10.2,1.0,1.8,.545,0.3,0.8,.400,0.7,1.0,.667,.636,0.7,1.0,.667,0.8,3.0,3.8,0.2,0.0,0.8,0.3,2.2,3.0,0,.680,1.6666666666666665,0.16
328,2024,Immanuel Quickley,SG,24,NYK,81,56,24.0,5.0,11.4,.439,2.0,5.4,.370,3.0,6.0,.500,.526,2.8,3.2,.886,0.2,2.8,3.0,2.7,0.6,0.1,1.0,1.5,14.8,0,.577,1.2982456140350878,0.15
329,2024,Brandin Podziemski,SG,20,GSW,76,59,21.5,3.2,7.1,.456,1.1,2.9,.400,2.1,4.2,.494,.537,0.7,1.1,.652,1.4,3.5,5.0,2.6,0.8,0.2,1.4,1.9,8.3,0,.481,1.1690140845070425,0.15
330,2024,AJ Griffin,SF,20,ATL,68,56,9.2,0.8,2.8,.294,0.7,2.1,.320,0.2,0.8,.222,.412,0.2,0.2,1.000,0.2,0.8,1.0,0.3,0.1,0.0,0.3,0.5,2.5,0,.423,0.8928571428571429,0.15
331,2024,Luka Šamanić,PF,24,UTA,67,55,6.8,1.5,3.4,.439,0.4,1.5,.278,1.1,1.9,.565,.500,0.2,0.2,1.000,0.3,1.8,2.1,0.3,0.1,0.2,0.5,0.8,3.6,0,.370,1.0588235294117647,0.15
332,2024,Davion Mitchell,PG,25,SAC,76,60,14.6,1.5,4.2,.350,0.6,2.3,.273,0.8,1.9,.444,.425,0.5,0.6,.909,0.1,0.9,1.0,2.2,0.3,0.1,0.7,1.4,4.1,0,.640,0.976190476190476,0.15
333,2024,Amir Coffey,SF,26,LAC,70,57,9.4,0.9,2.3,.375,0.4,1.3,.278,0.5,1.0,.500,.453,0.4,0.5,.857,0.3,0.9,1.1,0.4,0.1,0.0,0.2,0.9,2.5,0,.615,1.0869565217391306,0.15
334,2024,Jordan McLaughlin,PG,27,MIN,65,57,4.0,0.3,0.6,.400,0.3,0.4,.667,0.0,0.3,.000,.600,0.3,0.3,1.000,0.0,0.0,0.0,0.9,0.1,0.4,0.0,0.3,1.0,0,.800,1.6666666666666667,0.15
335,2024,Thomas Bryant,C,26,MIA,72,58,12.1,2.1,3.8,.538,0.0,0.2,.000,2.1,3.6,.565,.538,0.9,1.1,.833,1.1,2.6,3.8,0.6,0.4,0.3,0.8,1.3,5.0,0,.556,1.3157894736842106,0.15
336,2024,Otto Porter Jr.,SF,30,TOR,67,57,11.8,0.9,2.4,.385,0.6,1.7,.368,0.3,0.6,.429,.519,0.1,0.1,1.000,0.5,1.6,2.2,0.3,0.4,0.4,0.2,1.1,2.5,0,.423,1.0416666666666667,0.15
337,2024,Josh Green,SG,23,DAL,74,61,25.2,2.6,6.1,.422,1.3,3.5,.365,1.3,2.6,.500,.528,0.5,0.9,.529,0.6,2.3,2.9,2.4,0.9,0.2,0.9,1.7,6.9,0,.615,1.1311475409836067,0.14
338,2024,Patrick Baldwin Jr.,SF,21,WAS,63,56,5.6,0.7,1.9,.385,0.4,0.7,.600,0.3,1.1,.250,.500,0.6,0.6,1.000,0.3,1.1,1.4,0.4,0.0,0.1,0.1,0.6,2.4,0,.154,1.263157894736842,0.14
339,2024,Sam Merrill,SG,27,CLE,69,55,9.6,1.6,3.8,.415,1.5,3.4,.447,0.1,0.4,.167,.613,0.1,0.1,1.000,0.4,0.9,1.2,0.9,0.2,0.1,0.2,0.9,4.8,0,.556,1.263157894736842,0.14
340,2024,Justin Holiday,SG,34,DEN,71,60,15.3,1.7,3.2,.527,1.1,2.2,.474,0.6,1.0,.647,.691,0.0,0.0,0,0.2,1.2,1.5,1.2,0.6,0.1,0.3,1.3,4.5,0,.643,1.40625,0.14
341,2024,Robert Williams,C,26,POR,62,56,19.8,2.8,4.3,.654,0.0,0.0,0,2.8,4.3,.654,.654,1.2,1.5,.778,1.8,4.5,6.3,0.8,1.2,1.2,1.2,2.8,6.8,0,.269,1.5813953488372092,0.14
342,2024,Jamal Cain,PF,24,MIA,63,55,14.1,1.6,3.6,.448,0.5,1.9,.267,1.1,1.8,.643,.517,0.9,1.4,.636,0.6,0.9,1.5,0.1,0.8,0.3,0.3,0.8,4.6,0,.556,1.2777777777777777,0.14
343,2024,Jeremiah Robinson-Earl,PF,23,NOP,65,55,10.1,1.5,2.8,.516,0.5,1.0,.545,0.9,1.8,.500,.613,0.5,0.5,1.000,0.9,1.5,2.5,0.5,0.2,0.0,0.5,0.8,4.0,0,.571,1.4285714285714286,0.14
344,2024,Isaiah Jackson,C,22,IND,74,58,14.8,3.2,4.6,.684,0.0,0.1,.000,3.2,4.6,.692,.684,1.4,1.9,.697,1.6,3.0,4.6,1.1,0.6,1.5,0.5,2.9,7.7,0,.520,1.673913043478261,0.14
345,2024,Jalen Pickett,SG,24,DEN,66,54,6.4,0.8,1.8,.476,0.5,1.3,.400,0.3,0.5,.667,.619,0.2,0.2,1.000,0.1,0.8,0.8,0.7,0.3,0.0,0.5,0.6,2.3,0,.643,1.2777777777777777,0.13
346,2024,Jonathan Isaac,PF,26,ORL,75,57,13.7,2.2,4.9,.449,0.7,2.4,.273,1.6,2.5,.622,.517,1.4,1.7,.806,1.1,3.2,4.3,0.3,0.9,1.1,0.6,1.2,6.5,0,.640,1.3265306122448979,0.13
347,2024,Nick Smith Jr.,SG,19,CHO,67,57,10.3,1.9,4.2,.452,1.0,2.1,.476,0.9,2.1,.429,.571,0.0,0.0,0,0.3,0.4,0.7,0.3,0.1,0.3,0.3,0.9,4.8,0,.280,1.1428571428571428,0.13
348,2024,Jermaine Samuels,SF,25,HOU,63,58,5.8,0.4,0.8,.500,0.0,0.4,.000,0.4,0.4,1.000,.500,0.4,0.4,1.000,0.2,1.2,1.4,0.4,0.0,0.2,0.0,0.6,1.2,0,.542,1.4999999999999998,0.13
349,2024,Kobe Brown,PF,24,LAC,73,56,9.6,0.9,2.4,.375,0.5,1.5,.308,0.4,0.8,.500,.475,0.1,0.1,.500,0.4,1.4,1.7,0.5,0.1,0.2,0.2,1.8,2.3,0,.615,0.9583333333333333,0.13
350,2024,Luke Kennard,SG,27,MEM,64,56,21.5,2.6,7.3,.362,2.1,5.8,.370,0.5,1.5,.333,.509,0.9,0.9,1.000,0.4,2.5,2.9,2.0,0.6,0.1,0.6,0.5,8.3,0,.269,1.1369863013698631,0.13
351,2024,Jordan Ford,PG,25,SAC,63,57,3.7,0.7,1.2,.571,0.3,0.5,.667,0.3,0.7,.500,.714,0.3,0.3,1.000,0.0,0.3,0.3,0.3,0.0,0.0,0.2,0.0,2.0,0,.640,1.6666666666666667,0.13
352,2024,Collin Sexton,SG,25,UTA,82,59,22.4,5.0,10.6,.467,1.3,3.8,.340,3.7,6.8,.538,.528,3.6,4.0,.889,0.9,1.9,2.7,3.4,0.5,0.1,1.9,1.8,14.8,0,.370,1.3962264150943398,0.13
353,2024,Toumani Camara,PF,23,POR,82,73,25.3,2.7,6.5,.412,0.9,3.0,.304,1.8,3.5,.505,.482,1.0,1.4,.676,2.0,2.8,4.8,1.0,1.0,0.5,1.1,2.9,7.3,0,.269,1.123076923076923,0.13
354,2024,P.J. Tucker,PF,38,LAC,71,59,15.9,0.4,1.3,.316,0.3,1.1,.313,0.1,0.2,.333,.447,0.2,0.2,1.000,1.1,1.8,2.9,0.5,0.6,0.2,0.3,2.3,1.3,0,.615,1.0,0.13
355,2024,Olivier-Maxence Prosper,PF,21,DAL,72,56,8.8,0.8,2.2,.343,0.3,1.4,.227,0.4,0.8,.538,.414,0.6,0.9,.643,0.4,1.4,1.8,0.8,0.1,0.1,0.1,0.6,2.4,0,.615,1.0909090909090908,0.13
356,2024,Duop Reath,C,27,POR,73,60,14.9,2.8,6.6,.420,1.4,4.1,.348,1.4,2.5,.535,.527,1.1,1.2,.905,1.1,1.7,2.8,1.2,0.6,0.3,0.6,1.8,8.1,0,.269,1.2272727272727273,0.12
357,2024,Jericho Sims,C,25,NYK,70,61,7.4,0.7,1.1,.667,0.0,0.0,0,0.7,1.1,.667,.667,0.2,0.4,.600,0.4,1.3,1.7,0.2,0.1,0.1,0.1,1.0,1.6,0,.577,1.4545454545454546,0.12
358,2024,Jaylin Williams,C,21,OKC,77,57,13.1,1.5,3.7,.392,0.9,2.3,.370,0.6,1.4,.429,.507,0.7,0.7,.929,0.6,2.9,3.5,1.4,0.4,0.1,0.5,1.8,4.4,0,.680,1.1891891891891893,0.12
359,2024,Leaky Black,SF,24,CHO,63,57,6.0,0.8,1.3,.625,0.2,0.3,.500,0.7,1.0,.667,.688,0.0,0.0,0,0.3,0.8,1.2,0.7,0.3,0.5,0.2,0.3,1.8,0,.280,1.3846153846153846,0.12
360,2024,Bol Bol,PF,24,PHO,61,55,2.5,0.3,0.5,.667,0.0,0.2,.000,0.3,0.3,1.000,.667,0.0,0.0,0,0.0,0.5,0.5,0.0,0.0,0.2,0.3,0.2,0.7,0,.519,1.4,0.12
361,2024,Seth Curry,SG,33,DAL,77,59,12.0,1.6,4.0,.398,0.9,2.2,.404,0.7,1.7,.389,.512,0.4,0.5,.900,0.5,1.0,1.5,0.9,0.5,0.1,0.3,0.9,4.5,0,.615,1.125,0.12
362,2024,Precious Achiuwa,C,24,TOR,76,56,18.1,3.3,7.1,.468,0.6,2.0,.300,2.7,5.1,.535,.511,1.1,1.8,.600,2.1,3.9,6.0,2.1,0.6,0.4,1.3,1.8,8.3,0,.423,1.1690140845070425,0.12
363,2024,Furkan Korkmaz,SG,26,PHI,74,56,7.2,0.7,1.9,.353,0.3,1.1,.263,0.4,0.8,.467,.426,0.4,0.5,.778,0.1,0.4,0.5,0.6,0.6,0.0,0.4,0.5,2.0,0,.692,1.0526315789473684,0.12
364,2024,Naji Marshall,SF,26,NOP,73,54,20.0,2.7,6.1,.452,1.3,2.9,.436,1.5,3.2,.467,.557,1.6,1.9,.811,1.1,3.1,4.2,2.4,0.8,0.3,1.2,1.4,8.3,0,.571,1.3606557377049182,0.12
365,2024,Josh Okogie,SG,25,PHO,78,66,21.3,2.0,4.7,.417,0.6,2.2,.275,1.3,2.5,.544,.481,2.0,2.6,.767,1.7,1.7,3.4,1.2,1.0,0.5,0.8,1.3,6.5,0,.519,1.3829787234042552,0.12
366,2024,Bobby Portis,PF,28,MIL,82,55,23.9,5.2,10.2,.513,1.0,2.9,.364,4.2,7.3,.571,.564,1.3,1.6,.810,1.6,5.1,6.7,1.1,0.7,0.5,0.9,2.4,12.7,0,.741,1.2450980392156863,0.12
367,2024,Jordan Miller,SF,24,LAC,59,56,4.0,0.7,1.0,.667,0.3,0.3,1.000,0.3,0.7,.500,.833,0.0,0.0,0,0.0,0.3,0.3,0.0,0.0,0.0,0.3,0.7,1.7,0,.615,1.7,0.12
368,2024,Jonathan Kuminga,PF,21,GSW,81,60,21.1,4.5,9.2,.492,0.8,2.4,.317,3.8,6.8,.554,.533,2.3,3.6,.645,1.2,2.5,3.7,1.0,0.7,0.3,1.3,2.4,12.2,0,.481,1.3260869565217392,0.12
369,2024,Jordan Hawkins,SG,21,NOP,80,63,24.3,3.6,9.4,.381,2.2,6.2,.356,1.4,3.2,.429,.498,1.5,1.8,.870,0.7,2.6,3.3,1.5,0.4,0.0,0.8,1.7,10.9,0,.571,1.1595744680851063,0.11
370,2024,Jacob Gilyard,PG,25,MEM,75,64,15.7,1.3,3.1,.414,1.1,2.6,.429,0.2,0.5,.333,.595,0.1,0.1,1.000,0.3,0.7,1.1,3.1,0.6,0.1,0.7,1.0,3.7,0,.269,1.1935483870967742,0.11
371,2024,Chris Duarte,SF,26,SAC,79,62,12.7,1.3,3.5,.372,0.6,2.1,.304,0.7,1.5,.469,.462,0.6,0.8,.778,0.2,1.5,1.7,0.8,0.5,0.1,0.5,2.2,3.9,0,.640,1.1142857142857143,0.11
372,2024,Taylor Hendricks,PF,20,UTA,64,55,17.3,2.0,5.2,.383,1.0,3.1,.321,1.0,2.1,.474,.479,0.7,0.9,.750,0.9,1.7,2.6,0.6,0.9,0.6,0.8,1.2,5.7,0,.370,1.0961538461538463,0.11
373,2024,Marvin Bagley III,C,24,DET,77,64,18.7,4.1,7.1,.573,0.0,0.2,.200,4.0,6.9,.586,.576,2.0,2.4,.830,1.9,2.9,4.7,1.1,0.1,0.6,1.3,1.6,10.2,0,.074,1.436619718309859,0.11
374,2024,Ousmane Dieng,PF,20,OKC,73,57,11.4,1.4,3.4,.426,0.8,2.3,.324,0.7,1.1,.647,.537,0.5,0.6,.800,0.4,1.3,1.8,1.0,0.1,0.0,0.4,0.6,4.1,0,.680,1.2058823529411764,0.11
375,2024,Kenneth Lofton Jr.,PF,21,MEM,71,56,6.6,0.9,2.5,.378,0.2,0.7,.300,0.7,1.8,.407,.419,0.5,1.0,.533,0.1,0.9,1.0,0.9,0.2,0.2,0.4,1.0,2.6,0,.269,1.04,0.11
376,2024,Max Christie,SG,20,LAL,76,61,17.2,1.7,4.4,.387,0.6,2.0,.302,1.1,2.4,.460,.457,0.5,0.7,.714,0.1,2.4,2.6,1.0,0.4,0.2,0.7,1.4,4.5,0,.556,1.0227272727272727,0.11
377,2024,Simone Fontecchio,SF,28,UTA,80,67,20.2,3.0,6.8,.438,1.8,4.6,.386,1.2,2.2,.545,.568,0.8,0.9,.870,0.8,1.9,2.7,1.2,0.5,0.5,1.0,1.5,8.5,0,.370,1.25,0.11
378,2024,Chris Livingston,SF,20,MIL,60,55,4.2,0.6,0.8,.750,0.2,0.2,1.000,0.4,0.6,.667,.875,0.0,0.0,0,0.2,0.8,1.0,0.2,0.2,0.0,0.2,0.4,1.4,0,.741,1.7499999999999998,0.11
379,2024,Justin Minaya,SF,24,POR,62,56,6.3,0.3,1.0,.333,0.3,0.7,.500,0.0,0.3,.000,.500,0.2,0.3,.500,0.7,0.2,0.8,0.0,0.0,0.2,0.2,0.3,1.2,0,.269,1.2,0.11
380,2024,Dario Šarić,C,29,GSW,82,59,20.9,3.6,7.8,.467,1.7,4.1,.411,1.9,3.6,.531,.576,1.7,2.0,.833,1.6,4.2,5.9,2.1,0.6,0.2,1.3,2.5,10.6,0,.481,1.358974358974359,0.1
381,2024,Kris Murray,SF,23,POR,69,56,11.1,0.9,2.8,.324,0.6,1.8,.333,0.3,1.0,.308,.432,0.2,0.4,.600,0.6,1.2,1.8,0.5,0.8,0.2,0.1,0.8,2.7,0,.269,0.9642857142857144,0.1
382,2024,Trendon Watford,PF,23,BRK,75,56,14.2,2.7,5.2,.520,0.3,0.9,.333,2.4,4.2,.563,.551,0.8,0.9,.941,1.0,2.5,3.5,1.9,0.5,0.3,1.1,1.9,6.5,0,.500,1.25,0.1
383,2024,Jaden Hardy,SG,21,DAL,78,56,12.7,2.4,6.1,.393,1.0,2.7,.350,1.5,3.4,.427,.470,0.9,1.3,.655,0.4,1.3,1.7,1.5,0.3,0.0,0.8,1.0,6.6,0,.615,1.0819672131147542,0.1
384,2024,Troy Brown Jr.,SF,24,MIN,78,60,15.5,2.0,4.2,.461,1.1,3.0,.387,0.8,1.3,.630,.596,0.8,1.0,.850,0.6,2.1,2.7,1.1,0.3,0.1,0.5,0.8,5.9,0,.800,1.4047619047619049,0.1
385,2024,Kyle Anderson,PF,30,MIN,82,57,23.4,2.7,5.8,.465,0.1,0.8,.105,2.6,5.0,.520,.472,1.5,2.2,.685,0.7,2.9,3.6,4.1,0.8,0.8,1.5,1.6,6.9,0,.800,1.1896551724137931,0.1
386,2024,Sandro Mamukelashvili,C,24,SAS,67,56,7.6,0.8,2.3,.360,0.4,1.4,.267,0.5,0.9,.500,.440,0.5,0.5,.833,0.6,1.4,2.0,1.2,0.3,0.3,0.5,0.9,2.5,0,.154,1.0869565217391306,0.1
387,2024,Larry Nance Jr.,C,31,NOP,68,54,15.1,1.5,3.0,.500,0.2,0.8,.273,1.3,2.2,.581,.536,0.3,0.6,.500,1.3,2.9,4.1,0.7,0.6,0.3,0.9,1.4,3.5,0,.571,1.1666666666666667,0.09
388,2024,Robert Covington,SF-PF,33,PHI,81,62,17.3,1.6,3.6,.438,0.8,2.1,.365,0.8,1.5,.541,.545,0.8,1.0,.875,1.2,2.4,3.5,0.8,1.3,0.7,0.4,1.8,4.7,0,.692,1.3055555555555556,0.09
389,2024,Jaylen Nowell,SG,24,MEM,65,57,17.3,2.4,6.1,.400,0.4,2.6,.174,2.0,3.6,.563,.436,0.3,0.3,1.000,0.3,1.2,1.6,1.8,0.3,0.0,0.6,1.4,5.7,0,.269,0.9344262295081968,0.09
390,2024,Kris Dunn,PG,29,UTA,74,57,13.8,2.0,4.2,.475,0.4,1.2,.364,1.6,3.1,.517,.525,0.3,0.5,.600,0.6,1.7,2.3,2.8,0.5,0.1,1.2,1.5,4.7,0,.370,1.119047619047619,0.09
391,2024,Matt Ryan,SF,26,NOP,67,55,22.9,2.9,6.4,.458,2.5,5.2,.471,0.5,1.2,.400,.651,1.0,1.1,.929,0.4,1.9,2.3,1.1,0.4,0.1,1.2,1.8,9.3,0,.571,1.453125,0.09
392,2024,Kessler Edwards,SF,23,SAC,77,57,5.5,0.5,1.3,.385,0.3,0.9,.353,0.2,0.5,.444,.500,0.1,0.1,.500,0.2,0.7,0.8,0.3,0.1,0.1,0.1,0.5,1.4,0,.640,1.0769230769230769,0.09
393,2024,Tim Hardaway Jr.,SF,31,DAL,79,56,28.4,5.8,14.2,.411,3.4,9.3,.366,2.4,4.9,.496,.531,2.2,2.5,.879,0.3,3.1,3.5,1.5,0.3,0.0,0.9,1.1,17.3,0,.615,1.2183098591549297,0.09
394,2024,Gary Payton II,SG,31,GSW,69,55,17.3,2.4,5.1,.479,0.6,2.0,.321,1.8,3.1,.581,.542,0.4,0.6,.667,1.1,2.1,3.1,0.9,1.2,0.3,0.6,1.9,5.9,0,.481,1.1568627450980393,0.09
395,2024,Théo Maledon,PG,22,CHO,70,58,15.4,1.5,5.1,.288,0.4,2.3,.167,1.1,2.8,.389,.326,0.8,0.9,.917,0.3,1.5,1.8,2.2,0.5,0.0,1.2,1.4,4.2,0,.280,0.823529411764706,0.09
396,2024,Jake LaRavia,PF,22,MEM,64,56,12.4,1.4,4.0,.344,0.4,2.5,.150,1.0,1.5,.667,.391,0.1,0.3,.500,0.6,0.8,1.4,0.6,0.1,0.0,0.5,1.9,3.3,0,.269,0.825,0.09
397,2024,Cody Zeller,C,31,NOP,76,54,10.0,0.6,1.8,.333,0.0,0.0,.000,0.6,1.7,.342,.333,0.7,1.2,.577,1.2,1.9,3.1,1.2,0.2,0.1,0.4,1.3,1.9,0,.571,1.0555555555555556,0.08
398,2024,Dominick Barlow,PF,20,SAS,64,56,5.6,0.4,1.1,.333,0.0,0.3,.000,0.4,0.9,.429,.333,0.5,0.8,.667,0.0,1.0,1.0,0.0,0.1,0.0,0.0,0.5,1.3,0,.154,1.1818181818181817,0.08
399,2024,Danuel House Jr.,SF,30,PHI,71,56,11.3,1.4,3.1,.447,0.7,1.8,.407,0.7,1.3,.500,.564,0.7,0.9,.786,0.5,0.9,1.3,0.9,0.3,0.1,0.6,0.8,4.3,0,.692,1.3870967741935483,0.08
400,2024,A.J. Green,SG,24,MIL,74,55,7.7,1.1,2.5,.438,0.9,2.2,.429,0.2,0.3,.500,.625,0.1,0.1,1.000,0.2,0.6,0.8,0.7,0.0,0.0,0.0,0.8,3.2,0,.741,1.28,0.08
401,2024,Keon Ellis,SG,24,SAC,75,60,13.5,1.4,3.2,.431,0.9,2.7,.347,0.4,0.5,.889,.578,0.6,0.8,.667,0.3,1.2,1.5,1.4,0.6,0.4,0.7,1.5,4.3,0,.640,1.3437499999999998,0.08
402,2024,Alex Len,C,30,SAC,63,57,6.8,1.0,1.3,.750,0.0,0.2,.000,1.0,1.2,.857,.750,0.5,1.2,.429,1.2,1.5,2.7,0.8,0.2,0.8,0.3,0.3,2.5,0,.640,1.923076923076923,0.08
403,2024,Gabe Vincent,PG,27,LAL,59,55,28.3,2.8,7.0,.393,0.3,3.5,.071,2.5,3.5,.714,.411,0.3,0.5,.500,0.5,0.5,1.0,3.0,1.5,0.0,0.5,2.5,6.0,0,.556,0.8571428571428571,0.08
404,2024,Malaki Branham,SG,20,SAS,82,70,22.2,3.7,8.3,.444,1.0,3.3,.318,2.7,5.0,.527,.507,0.5,0.6,.933,0.2,1.5,1.7,2.4,0.4,0.2,1.2,1.3,9.0,0,.154,1.0843373493975903,0.07
405,2024,Dāvis Bertāns,PF,31,OKC,66,57,7.9,0.8,2.1,.368,0.8,2.0,.389,0.0,0.1,.000,.553,1.6,1.7,.933,0.1,0.8,0.9,0.8,0.2,0.2,0.1,1.1,3.9,0,.680,1.857142857142857,0.07
406,2024,Jaime Jaquez Jr.,SF,22,MIA,82,59,28.0,5.1,10.0,.513,1.1,3.0,.388,4.0,7.0,.566,.571,1.6,1.9,.863,1.0,2.6,3.6,2.7,1.0,0.3,1.7,2.4,13.0,0,.556,1.3,0.07
407,2024,Miles McBride,PG,23,NYK,72,56,4.9,0.8,1.6,.520,0.4,1.0,.438,0.4,0.6,.667,.660,0.1,0.1,.500,0.1,0.2,0.3,0.5,0.4,0.0,0.0,0.6,2.1,0,.577,1.3125,0.07
408,2024,Shake Milton,SG,27,MIN,81,57,15.4,1.9,5.0,.380,0.5,1.9,.244,1.5,3.2,.461,.426,1.4,1.7,.829,0.2,1.5,1.7,1.5,0.6,0.1,1.0,1.5,5.7,0,.800,1.1400000000000001,0.06
409,2024,Johnny Davis,SG,21,WAS,70,56,9.1,1.4,2.9,.475,0.1,0.2,.333,1.3,2.6,.486,.488,0.3,0.4,.800,0.6,0.8,1.4,0.4,0.5,0.1,0.4,0.7,3.1,0,.154,1.0689655172413794,0.06
410,2024,Moritz Wagner,C,26,ORL,82,57,18.8,4.5,7.4,.614,0.6,1.6,.341,4.0,5.7,.692,.652,2.0,2.6,.773,1.4,2.6,4.0,1.1,0.5,0.4,1.4,2.4,11.6,0,.640,1.5675675675675675,0.06
411,2024,Chimezie Metu,C,26,PHO,72,57,10.7,1.5,3.1,.500,0.5,1.4,.333,1.1,1.6,.643,.577,0.5,0.7,.750,0.4,1.5,1.9,0.4,0.5,0.3,0.5,1.1,4.1,0,.519,1.3225806451612903,0.06
412,2024,Sasha Vezenkov,PF,28,SAC,79,57,14.0,2.3,5.1,.442,1.2,3.2,.380,1.0,1.9,.548,.562,0.3,0.4,.750,0.7,2.1,2.9,0.5,0.5,0.3,0.4,1.1,6.0,0,.640,1.1764705882352942,0.06
413,2024,Scoot Henderson,PG,19,POR,73,61,26.3,4.2,11.4,.373,0.9,4.0,.235,3.3,7.4,.448,.415,1.7,2.2,.784,0.8,1.9,2.7,4.4,0.5,0.2,3.2,3.8,11.1,0,.269,0.9736842105263157,0.06
414,2024,Wesley Matthews,SG,37,ATL,71,57,12.3,0.7,2.4,.278,0.4,1.9,.214,0.3,0.5,.500,.361,0.9,1.1,.765,0.3,1.2,1.5,0.7,0.6,0.1,0.3,1.5,2.6,0,.423,1.0833333333333335,0.06
415,2024,Aaron Holiday,PG,27,HOU,80,59,17.9,2.6,5.7,.460,1.3,3.0,.431,1.4,2.8,.492,.571,0.6,0.7,.867,0.3,1.5,1.9,1.8,0.5,0.1,0.5,2.0,7.1,0,.542,1.2456140350877192,0.06
416,2024,Josh Hart,SF,28,NYK,82,61,27.6,3.1,6.7,.462,1.0,2.9,.347,2.1,3.8,.551,.538,0.5,0.7,.737,1.0,4.5,5.6,2.8,0.9,0.3,1.0,1.9,7.7,0,.577,1.1492537313432836,0.06
417,2024,Royce O'Neale,SF,30,BRK,81,61,27.6,2.7,6.9,.390,2.3,5.8,.396,0.4,1.1,.357,.555,0.3,0.5,.583,0.8,4.1,4.8,3.2,0.8,0.7,0.9,2.7,7.9,0,.500,1.144927536231884,0.06
418,2024,Andre Jackson Jr.,SG,22,MIL,76,60,10.5,1.2,2.0,.595,0.5,1.1,.478,0.7,0.9,.737,.726,0.0,0.1,.500,0.9,1.0,1.9,1.0,0.3,0.0,0.5,1.9,3.0,0,.741,1.5,0.06
419,2024,Kelly Olynyk,C,32,UTA,80,60,21.6,2.6,4.8,.533,0.8,1.8,.422,1.8,3.0,.600,.613,1.4,1.6,.897,1.6,4.2,5.8,4.3,0.8,0.2,1.7,2.8,7.3,0,.370,1.5208333333333333,0.06
420,2024,Gary Harris,SG,29,ORL,77,60,21.7,2.4,5.6,.429,1.4,4.0,.338,1.1,1.6,.656,.549,1.0,1.2,.792,0.5,1.3,1.8,1.8,0.9,0.3,0.5,1.6,7.1,0,.640,1.2678571428571428,0.06
421,2024,Jaden Ivey,SG,21,DET,78,62,24.1,4.1,9.2,.450,0.9,3.1,.278,3.3,6.0,.540,.498,2.5,3.2,.781,0.8,2.2,3.0,2.7,0.7,0.4,1.9,2.6,11.6,0,.074,1.2608695652173914,0.05
422,2024,Josh Richardson,SG,30,MIA,77,59,27.4,3.7,8.3,.451,1.4,4.3,.326,2.3,4.0,.586,.536,1.4,1.5,.912,0.5,2.2,2.7,3.0,0.5,0.2,1.1,1.8,10.3,0,.556,1.2409638554216866,0.05
423,2024,Julian Champagnie,SF,22,SAS,75,61,12.8,1.7,4.5,.384,1.3,3.4,.391,0.4,1.2,.364,.529,0.4,0.6,.727,0.3,1.2,1.5,0.8,0.4,0.6,0.7,0.8,5.2,0,.154,1.1555555555555557,0.05
424,2024,Isaiah Joe,SG,24,OKC,82,57,20.4,3.1,7.1,.438,2.4,5.6,.424,0.8,1.6,.487,.604,1.1,1.3,.844,0.1,2.2,2.3,1.2,0.8,0.3,0.5,1.2,9.7,0,.680,1.3661971830985915,0.05
425,2024,Kevin Knox,SF,24,DET,65,57,15.0,2.3,4.8,.479,1.0,2.6,.385,1.3,2.2,.591,.583,0.4,0.5,.800,0.5,1.9,2.4,0.5,0.5,0.2,0.9,1.4,6.0,0,.074,1.25,0.05
426,2024,Ziaire Williams,SF,22,MEM,80,64,20.0,2.7,7.0,.389,1.1,3.5,.310,1.6,3.5,.470,.467,1.2,1.3,.906,0.6,3.4,4.0,1.4,0.4,0.2,1.3,1.8,7.7,0,.269,1.1,0.05
427,2024,Caleb Houstan,SF,21,ORL,73,57,9.9,1.1,2.4,.447,0.9,2.1,.412,0.2,0.3,.750,.632,0.4,0.4,1.000,0.4,1.2,1.6,0.4,0.1,0.0,0.2,0.8,3.4,0,.640,1.4166666666666667,0.05
428,2024,Aaron Nesmith,SF,24,IND,80,58,24.6,4.2,7.9,.533,1.9,4.2,.448,2.3,3.7,.628,.651,1.2,1.8,.659,1.0,2.1,3.1,1.0,0.9,0.7,0.7,3.4,11.5,0,.520,1.4556962025316456,0.05
429,2024,Joe Ingles,SF,36,ORL,81,57,18.2,1.6,3.9,.404,1.0,2.5,.407,0.6,1.5,.400,.532,0.7,0.8,.895,0.5,2.3,2.8,3.4,0.8,0.1,0.8,1.5,4.9,0,.640,1.2564102564102566,0.05
430,2024,Payton Pritchard,PG,26,BOS,82,56,20.1,2.4,5.8,.411,1.4,3.8,.378,1.0,2.0,.472,.533,0.4,0.6,.733,0.9,2.2,3.1,2.9,0.4,0.1,0.5,1.2,6.6,0,.769,1.1379310344827587,0.05
431,2024,Sam Hauser,SF,26,BOS,82,58,22.5,3.1,6.8,.455,2.5,5.9,.431,0.5,0.9,.609,.642,0.3,0.4,.800,0.9,2.5,3.5,1.0,0.6,0.3,0.5,1.5,9.0,0,.769,1.3235294117647058,0.05
432,2024,Ryan Rollins,PG,21,WAS,64,56,6.1,1.1,2.3,.500,0.1,0.3,.500,1.0,2.0,.500,.528,1.6,2.0,.813,0.3,1.0,1.3,1.3,1.0,0.3,0.9,0.8,4.0,0,.154,1.7391304347826089,0.05
433,2024,MarJon Beauchamp,SF,23,MIL,78,56,16.3,1.9,4.0,.484,0.7,1.7,.436,1.2,2.3,.519,.577,0.5,0.8,.611,0.6,1.9,2.5,0.8,0.3,0.2,0.7,1.6,5.0,0,.741,1.25,0.04
434,2024,Gary Trent Jr.,SG,25,TOR,79,58,25.1,4.0,10.2,.391,2.0,5.4,.360,2.0,4.8,.427,.487,0.8,1.4,.594,0.2,2.0,2.2,1.5,0.7,0.1,0.6,1.0,10.8,0,.423,1.058823529411765,0.04
435,2024,Jay Huff,C,25,DEN,56,54,1.0,0.5,0.5,1.000,0.0,0.0,0,0.5,0.5,1.000,1.000,0.0,0.0,0,0.0,0.0,0.0,0.0,0.0,0.0,0.0,0.0,1.0,0,.643,2.0,0.04
436,2024,Cason Wallace,SG,20,OKC,82,62,21.8,2.8,4.8,.579,1.1,2.2,.500,1.7,2.7,.642,.690,0.5,0.6,.800,0.5,1.8,2.2,1.4,0.6,0.4,0.5,1.7,7.2,0,.680,1.5,0.04
437,2024,Pat Connaughton,SF,31,MIL,76,55,22.1,2.0,5.0,.413,1.1,3.3,.333,1.0,1.7,.571,.524,0.4,0.6,.692,0.7,2.8,3.4,2.1,0.5,0.2,0.7,1.0,5.6,0,.741,1.1199999999999999,0.04
438,2024,Christian Braun,SG,22,DEN,82,54,20.4,3.4,7.0,.482,0.7,1.8,.380,2.7,5.3,.517,.530,1.3,1.8,.755,0.8,3.1,3.9,1.8,0.4,0.3,0.8,1.8,8.8,0,.643,1.2571428571428573,0.04
439,2024,Patrick Beverley,PG,35,PHI,82,57,17.2,1.7,3.9,.422,0.6,2.0,.302,1.0,1.9,.551,.500,0.7,1.0,.654,0.8,2.0,2.8,2.3,0.5,0.2,0.7,1.7,4.6,0,.692,1.1794871794871795,0.04
440,2024,Moses Moody,SG,21,GSW,82,59,18.7,3.1,6.5,.474,1.1,3.1,.345,2.0,3.4,.593,.557,1.2,1.6,.750,1.3,2.1,3.4,1.0,0.7,0.3,0.7,1.4,8.4,0,.481,1.2923076923076924,0.04
441,2024,Nick Richards,C,26,CHO,76,63,21.2,3.2,4.5,.718,0.0,0.0,0,3.2,4.5,.718,.718,2.2,2.7,.824,1.9,4.5,6.5,0.6,0.4,1.3,1.0,2.6,8.6,0,.280,1.911111111111111,0.04
442,2024,Trayce Jackson-Davis,PF,23,GSW,71,55,10.1,1.6,2.6,.595,0.0,0.0,0,1.6,2.6,.595,.595,1.1,1.7,.630,1.4,1.5,2.9,0.6,0.3,0.8,0.6,1.5,4.2,0,.481,1.6153846153846154,0.04
443,2024,Jared Rhoden,SG,24,DET,60,55,6.0,1.0,1.8,.556,0.2,0.8,.250,0.8,1.0,.800,.611,0.4,0.4,1.000,0.2,0.6,0.8,0.6,0.0,0.0,0.4,0.8,2.6,0,.074,1.4444444444444444,0.04
444,2024,Paul Reed,C,24,PHI,82,57,13.8,2.2,3.7,.577,0.2,0.4,.364,2.0,3.3,.605,.598,0.4,0.5,.786,1.7,2.5,4.2,1.0,0.4,0.6,0.9,2.0,4.9,0,.692,1.3243243243243243,0.04
445,2024,Norman Powell,SG,30,LAC,82,56,25.1,4.5,9.0,.498,1.8,4.1,.449,2.7,4.9,.539,.600,2.3,2.6,.868,0.2,2.0,2.2,1.0,0.6,0.5,1.0,1.9,13.1,0,.615,1.4555555555555555,0.04
446,2024,Ochai Agbaji,SG,23,UTA,82,65,21.3,2.6,5.9,.447,1.3,3.4,.374,1.4,2.5,.544,.553,0.2,0.3,.750,0.9,1.7,2.6,1.1,0.7,0.5,0.7,1.5,6.7,0,.370,1.135593220338983,0.04
447,2024,Andre Drummond,C,30,CHI,82,54,13.2,2.4,4.7,.504,0.0,0.0,.000,2.4,4.6,.508,.504,1.3,2.2,.597,2.9,3.9,6.8,0.5,1.0,0.4,1.0,1.6,6.0,2,.393,1.276595744680851,0.04
448,2024,Day'Ron Sharpe,C,22,BRK,82,56,15.8,2.7,4.9,.539,0.0,0.2,.000,2.7,4.7,.566,.539,1.2,1.9,.600,2.5,4.2,6.7,1.1,0.3,0.8,1.2,2.2,6.5,0,.500,1.3265306122448979,0.04
449,2024,Landry Shamet,SG,26,WAS,71,56,16.9,3.2,6.7,.475,1.6,4.0,.400,1.6,2.7,.585,.594,0.3,0.7,.455,0.1,1.3,1.4,1.5,0.6,0.1,0.6,2.1,8.3,0,.154,1.2388059701492538,0.04
450,2024,Julian Strawther,SF,21,DEN,79,54,14.0,2.2,5.6,.386,1.2,3.6,.348,0.9,2.0,.451,.496,0.5,0.7,.722,0.0,1.5,1.5,1.2,0.5,0.2,0.3,1.4,6.1,0,.643,1.0892857142857142,0.04
451,2024,Gradey Dick,SG,20,TOR,73,57,13.4,1.1,3.9,.284,0.6,2.6,.250,0.5,1.4,.348,.366,0.8,0.8,1.000,0.4,0.9,1.3,0.9,0.2,0.0,0.7,1.4,3.7,0,.423,0.9487179487179488,0.04
452,2024,Joe Harris,SG,32,DET,66,55,12.0,0.9,2.8,.323,0.6,2.2,.292,0.3,0.6,.429,.435,0.1,0.2,.500,0.3,0.6,0.9,0.8,0.3,0.2,0.3,1.4,2.5,0,.074,0.8928571428571429,0.04
453,2024,Cameron Payne,PG,29,MIL,82,57,16.5,2.3,5.1,.453,1.1,2.9,.390,1.2,2.2,.533,.562,0.6,0.6,.941,0.0,1.1,1.2,2.4,0.4,0.1,0.9,2.0,6.3,0,.741,1.2352941176470589,0.04
454,2024,Vince Williams Jr.,SG,23,MEM,74,60,18.6,1.7,3.9,.437,1.2,3.1,.393,0.5,0.8,.600,.592,1.1,1.3,.826,0.8,3.6,4.3,1.3,0.3,0.6,0.7,2.2,5.7,0,.269,1.4615384615384617,0.03
455,2024,Christian Wood,PF,28,LAL,79,56,20.2,2.6,5.7,.463,0.7,2.5,.279,1.9,3.1,.613,.526,1.4,2.3,.618,1.0,5.0,6.0,1.0,0.2,0.6,1.2,1.7,7.4,0,.556,1.2982456140350878,0.03
456,2024,Udoka Azubuike,C,24,PHO,57,55,4.5,0.5,0.5,1.000,0.0,0.0,0,0.5,0.5,1.000,1.000,0.0,0.0,0,0.0,2.0,2.0,0.0,0.0,0.0,0.0,0.5,1.0,0,.519,2.0,0.03
457,2024,Nassir Little,PF,23,PHO,75,57,16.2,1.9,3.9,.494,0.8,2.2,.364,1.1,1.7,.667,.597,0.8,0.9,.833,0.7,2.0,2.7,0.8,0.5,0.4,0.5,1.3,5.4,0,.519,1.3846153846153848,0.03
458,2024,David Roddy,PF,22,MEM,82,64,23.8,3.2,7.8,.406,1.0,3.5,.289,2.2,4.3,.500,.470,0.8,1.1,.714,1.0,3.2,4.2,1.3,0.7,0.3,1.0,1.4,8.1,0,.269,1.0384615384615385,0.03
459,2024,JaVale McGee,C,36,SAC,79,57,8.5,2.1,3.1,.676,0.0,0.0,.000,2.1,3.0,.687,.676,0.5,0.9,.550,1.2,2.0,3.1,0.4,0.2,0.5,1.0,1.2,4.7,0,.640,1.5161290322580645,0.03
460,2024,Jordan Goodwin,PG,25,PHO,82,55,18.3,2.3,6.1,.382,0.9,2.8,.307,1.5,3.3,.444,.452,0.7,0.9,.870,1.2,2.8,4.0,2.7,0.7,0.3,0.9,1.4,6.3,0,.519,1.0327868852459017,0.03
461,2024,Jae'Sean Tate,SF,28,HOU,80,58,17.8,2.1,4.3,.484,0.6,1.8,.359,1.5,2.5,.571,.558,0.5,0.6,.714,1.1,2.5,3.5,1.1,0.9,0.3,0.5,2.4,5.3,0,.542,1.2325581395348837,0.03
462,2024,Jared Butler,SG,23,WAS,69,56,7.9,1.5,2.9,.500,0.5,1.4,.333,1.0,1.5,.650,.579,0.8,1.0,.846,0.0,0.7,0.7,1.7,0.5,0.1,0.8,1.1,4.2,0,.154,1.4482758620689655,0.03
463,2024,John Konchar,SF,27,MEM,77,58,17.8,1.1,3.2,.353,0.7,2.1,.318,0.5,1.1,.417,.456,0.3,0.4,.750,1.0,3.0,4.0,1.4,0.8,0.6,0.5,1.1,3.2,0,.269,1.0,0.03
464,2024,Garrison Mathews,SG,27,ATL,70,57,10.5,0.9,2.0,.464,0.9,2.0,.464,0.0,0.0,0,.696,0.0,0.1,.000,0.2,0.9,1.1,0.1,0.4,0.1,0.4,1.5,2.8,0,.423,1.4,0.03
465,2024,Torrey Craig,SF,33,CHI,81,61,21.2,2.2,5.1,.424,1.1,2.8,.382,1.1,2.3,.476,.529,0.7,0.9,.783,1.9,3.0,4.8,1.0,0.6,0.4,0.6,2.5,6.1,0,.393,1.196078431372549,0.03
466,2024,Luke Kornet,C,28,BOS,73,56,12.9,1.9,2.5,.744,0.0,0.0,0,1.9,2.5,.744,.744,0.6,0.7,.833,1.5,1.8,3.3,0.6,0.5,0.8,0.4,1.1,4.4,0,.769,1.7600000000000002,0.03
467,2024,Matisse Thybulle,SF,26,POR,82,68,23.2,2.2,4.8,.460,1.6,3.8,.410,0.7,1.0,.654,.623,0.3,0.4,.800,0.4,1.6,2.0,1.0,1.7,0.8,0.7,1.1,6.3,0,.269,1.3125,0.03
468,2024,Zeke Nnaji,PF,23,DEN,76,54,10.8,1.5,2.9,.524,0.2,0.5,.364,1.3,2.4,.558,.556,1.0,1.5,.667,1.3,1.2,2.5,0.5,0.2,0.6,0.5,1.5,4.2,0,.643,1.4482758620689655,0.03
469,2024,Alec Burks,SG,32,DET,75,55,18.0,2.6,7.9,.331,1.6,4.7,.344,1.0,3.2,.313,.433,2.5,2.8,.875,0.5,1.7,2.2,1.5,0.4,0.2,0.4,1.4,9.3,0,.074,1.1772151898734178,0.03
470,2024,Mike Muscala,C,32,WAS,70,58,12.9,1.1,2.8,.385,0.4,1.6,.261,0.6,1.1,.563,.462,1.0,1.1,.875,0.6,1.9,2.4,0.9,0.2,0.4,0.7,1.1,3.6,0,.154,1.2857142857142858,0.03
471,2024,Anthony Gill,PF,31,WAS,73,56,6.8,0.9,1.9,.455,0.0,0.4,.000,0.9,1.5,.577,.455,0.6,0.8,.786,0.5,1.0,1.5,0.6,0.2,0.2,0.6,0.6,2.4,0,.154,1.263157894736842,0.02
472,2024,Isaiah Livers,PF,25,DET,68,56,20.5,1.6,5.7,.284,0.9,3.8,.245,0.7,1.9,.360,.365,0.6,0.8,.727,0.5,1.7,2.2,1.2,0.6,0.2,0.8,1.6,4.8,0,.074,0.8421052631578947,0.02
473,2024,Bryce McGowens,SG,21,CHO,77,60,17.3,1.8,4.0,.456,0.9,2.2,.395,1.0,1.8,.528,.563,1.0,1.3,.769,0.3,1.7,2.0,0.8,0.4,0.2,0.6,1.5,5.5,0,.280,1.375,0.02
474,2024,Aaron Wiggins,SG,25,OKC,80,57,11.8,1.9,3.2,.603,0.5,1.0,.478,1.4,2.2,.660,.678,0.7,1.0,.739,0.6,1.4,2.0,0.7,0.4,0.0,0.5,1.0,5.0,0,.680,1.5625,0.02
475,2024,Onyeka Okongwu,C,23,ATL,82,58,24.3,3.5,6.1,.576,0.4,1.4,.306,3.1,4.7,.656,.611,1.8,2.2,.857,2.5,4.2,6.7,1.4,0.4,0.9,0.8,2.8,9.3,0,.423,1.5245901639344264,0.02
476,2024,JT Thor,PF,21,CHO,79,58,16.1,1.3,3.5,.372,0.5,1.9,.293,0.8,1.7,.459,.449,0.0,0.2,.200,0.8,1.8,2.6,0.5,0.3,0.4,0.3,1.2,3.2,0,.280,0.9142857142857144,0.02
477,2024,Tre Jones,PG,24,SAS,78,56,23.4,3.1,6.8,.453,0.5,2.1,.261,2.5,4.7,.538,.493,1.2,1.5,.844,0.5,2.1,2.5,5.0,0.8,0.2,1.3,1.2,8.0,0,.154,1.1764705882352942,0.02
478,2024,Peyton Watson,SF,21,DEN,80,54,16.7,2.2,4.5,.500,0.4,1.2,.313,1.8,3.2,.571,.543,0.9,1.4,.639,0.6,1.8,2.5,1.1,0.5,0.9,0.6,1.7,5.7,0,.643,1.2666666666666666,0.02
479,2024,Isaiah Hartenstein,C,25,NYK,82,56,20.2,2.4,4.0,.596,0.0,0.1,.333,2.3,3.9,.604,.601,1.3,2.0,.647,2.9,3.5,6.4,1.3,0.9,0.9,1.0,2.8,6.1,0,.577,1.525,0.02
480,2024,Yuta Watanabe,SF,29,PHO,74,55,17.3,1.5,4.2,.350,1.2,3.5,.348,0.3,0.7,.357,.494,0.5,0.7,.692,0.5,1.5,2.1,0.5,0.4,0.4,0.7,1.5,4.6,0,.519,1.0952380952380951,0.02
481,2024,Chris Boucher,PF,31,TOR,80,56,14.2,2.2,4.9,.444,0.6,1.9,.326,1.5,3.0,.521,.509,1.5,2.0,.766,1.2,2.5,3.6,0.3,0.3,0.6,0.5,1.6,6.5,0,.423,1.3265306122448979,0.02
482,2024,Eugene Omoruyi,SF,26,WAS,71,56,5.7,1.7,2.8,.595,0.3,0.9,.385,1.3,1.9,.690,.655,0.9,1.1,.765,0.6,1.0,1.6,0.5,0.4,0.1,0.5,0.9,4.5,0,.154,1.6071428571428572,0.02
483,2024,Ayo Dosunmu,SG,24,CHI,80,59,20.8,2.7,5.6,.476,0.9,2.5,.348,1.8,3.0,.582,.555,0.7,1.0,.731,0.6,1.5,2.1,1.9,0.7,0.2,0.9,1.8,6.9,0,.393,1.2321428571428572,0.02
484,2024,Ish Smith,PG,35,CHO,76,57,16.2,1.7,3.3,.524,0.1,0.2,.500,1.6,3.1,.525,.540,0.0,0.0,0,0.3,1.2,1.5,2.6,0.4,0.1,1.3,1.0,3.6,0,.280,1.090909090909091,0.02
485,2024,Jalen Wilson,PF,23,BRK,62,56,7.2,0.8,1.2,.714,0.3,0.3,1.000,0.5,0.8,.600,.857,0.7,0.7,1.000,0.5,0.7,1.2,0.3,0.0,0.2,0.3,0.5,2.7,0,.500,2.2500000000000004,0.01
486,2024,Doug McDermott,SF,32,SAS,80,56,16.5,2.1,4.8,.440,1.7,3.7,.449,0.5,1.1,.407,.612,0.3,0.4,.800,0.2,1.0,1.2,1.6,0.3,0.1,0.6,1.3,6.3,0,.154,1.3125,0.01
487,2024,James Wiseman,C,22,DET,72,55,14.2,3.1,4.4,.716,0.0,0.1,.000,3.1,4.3,.726,.716,0.9,1.4,.625,1.4,2.8,4.2,0.8,0.2,0.6,0.9,2.3,7.1,0,.074,1.6136363636363635,0.01
488,2024,Danilo Gallinari,PF,35,WAS,79,56,15.3,2.3,5.3,.446,0.8,2.5,.310,1.6,2.7,.571,.521,1.8,2.1,.857,0.5,2.6,3.0,1.3,0.3,0.1,0.5,1.0,7.3,0,.154,1.3773584905660377,0.01
489,2024,Georges Niang,PF,30,CLE,82,56,22.3,2.9,7.2,.395,1.4,4.3,.339,1.4,3.0,.475,.495,0.5,0.6,.933,0.4,3.3,3.7,1.2,0.3,0.1,0.7,2.4,7.7,0,.556,1.0694444444444444,0.01
490,2024,Malachi Flynn,PG,25,TOR,82,56,16.3,1.9,4.6,.420,0.9,2.7,.333,1.0,1.9,.540,.517,0.7,0.8,.773,0.4,1.7,2.1,2.4,0.6,0.2,1.0,1.5,5.4,0,.423,1.173913043478261,0.01
491,2024,Drew Eubanks,C,26,PHO,81,55,17.1,2.6,4.3,.607,0.1,0.1,1.000,2.5,4.2,.600,.616,1.2,1.4,.838,1.4,3.0,4.4,1.2,0.3,1.1,1.2,1.8,6.5,0,.519,1.5116279069767442,0.01
492,2024,Bilal Coulibaly,SF,19,WAS,81,57,26.9,3.5,6.7,.521,1.3,3.1,.416,2.2,3.6,.611,.617,1.2,1.9,.638,0.7,3.4,4.1,1.7,1.0,0.7,1.6,1.8,9.4,0,.154,1.4029850746268657,0.01
493,2024,Jaxson Hayes,C,23,LAL,79,56,11.3,1.3,2.0,.660,0.0,0.2,.000,1.3,1.8,.721,.660,0.6,1.0,.560,0.5,1.5,2.0,0.3,0.3,0.4,0.6,2.1,3.2,0,.556,1.6,0.01
494,2024,Charles Bassey,C,23,SAS,75,56,10.8,1.5,2.1,.725,0.0,0.1,.000,1.5,2.1,.744,.725,0.3,0.3,.833,1.2,2.8,4.0,1.1,0.4,0.9,0.8,1.6,3.3,0,.154,1.5714285714285712,0.01
495,2024,Tristan Thompson,PF,32,CLE,77,55,10.4,1.3,1.8,.718,0.0,0.0,0,1.3,1.8,.718,.718,0.4,1.1,.360,1.5,1.8,3.3,0.7,0.1,0.4,0.5,1.0,3.0,0,.556,1.6666666666666665,0.01
496,2024,Corey Kispert,SF,24,WAS,81,57,23.0,3.8,8.3,.452,2.0,5.4,.381,1.7,3.0,.581,.575,1.5,2.0,.740,0.4,2.0,2.4,1.5,0.4,0.2,1.0,1.8,11.0,0,.154,1.325301204819277,0.01
497,2024,Marcus Sasser,PG,23,DET,81,55,17.0,3.0,6.2,.488,1.2,2.9,.427,1.8,3.3,.541,.588,0.7,0.7,.895,0.1,1.6,1.7,2.6,0.7,0.2,0.8,1.5,7.9,0,.074,1.2741935483870968,0.01
498,2024,Jevon Carter,PG,28,CHI,82,54,14.2,2.0,5.4,.373,1.2,3.4,.354,0.8,1.9,.407,.487,0.0,0.0,.000,0.1,0.5,0.7,1.3,0.5,0.3,0.6,1.2,5.2,0,.393,0.9629629629629629,0.01
499,2024,Stanley Umude,SG,24,DET,70,55,10.3,1.3,2.9,.455,0.9,1.8,.519,0.4,1.1,.353,.614,1.4,1.5,.913,0.2,1.7,1.9,0.5,0.3,0.3,0.7,1.6,5.0,0,.074,1.7241379310344829,0.01
500,2024,Jabari Walker,SF,21,POR,82,56,17.6,2.7,5.9,.464,0.5,1.9,.265,2.2,4.0,.558,.507,1.3,1.7,.778,1.6,3.3,4.8,0.7,0.7,0.4,0.8,2.2,7.3,0,.269,1.2372881355932202,0.01
501,2024,Greg Brown III,PF,22,DAL,59,56,3.7,0.7,0.7,1.000,0.0,0.0,0,0.7,0.7,1.000,1.000,0.3,1.7,.200,0.3,0.3,0.7,0.3,0.0,0.0,0.3,0.3,1.7,0,.615,2.428571428571429,0.01
502,2024,Cedi Osman,SF,28,SAS,82,57,19.3,3.2,6.8,.477,1.3,3.6,.372,1.9,3.2,.598,.577,0.8,1.1,.714,0.4,2.0,2.4,1.7,0.4,0.2,0.6,1.6,8.6,0,.154,1.2647058823529411,0.01
503,2024,Jeff Green,PF,37,HOU,81,58,15.9,2.3,4.0,.571,0.4,1.1,.346,1.9,2.8,.662,.621,2.5,3.0,.838,0.8,1.4,2.3,0.7,0.2,0.4,0.7,1.3,7.4,0,.542,1.85,0.01
504,2024,Garrett Temple,SG,37,TOR,62,56,3.2,0.7,0.8,.800,0.2,0.2,1.000,0.5,0.7,.750,.900,0.3,0.3,1.000,0.0,0.3,0.3,0.5,0.2,0.0,0.0,0.0,1.8,0,.423,2.25,0.01
505,2024,Terry Taylor,PF,24,CHI,60,54,2.0,0.3,0.3,1.000,0.0,0.0,0,0.3,0.3,1.000,1.000,0.0,0.0,0,0.2,0.2,0.3,0.0,0.2,0.0,0.0,0.0,0.7,0,.393,2.3333333333333335,0.0
506,2024,Dwight Powell,C,32,DAL,79,58,14.7,1.3,1.9,.705,0.0,0.0,1.000,1.3,1.9,.698,.716,1.7,2.0,.809,1.5,1.8,3.3,1.3,0.4,0.4,0.4,2.0,4.4,0,.615,2.3157894736842106,0.0
