,Year,Name,Age,Team,Position,Games Played,Games Started,MPG,FG,FGA,FG%,3P,3PA,3P%,2P,2PA,2P%,eFG%,FT,FTA,FT%,ORB,DRB,TRB,AST,STL,BLK,TOV,PF,PTS,Previous Times All-Star,Win Percent,PTS/FGA,% All Star,Unbiased % All Star,Change,Daily
0,2025,Nikola Jokić,29,DEN,C,82,82,37.7,10.8,19.3,.560,2.7,4.5,.593,8.2,14.8,.551,.629,5.5,6.8,.805,3.8,8.5,12.3,9.8,1.5,1.0,3.3,2.0,29.8,6,.500,1.544041450777202,99.89,99.66,=,=
1,2025,Anthony Davis,31,LAL,PF,82,82,35.8,11.2,19.5,.573,0.3,1.3,.250,10.8,18.2,.596,.581,9.2,11.7,.786,2.3,9.7,12.0,2.8,1.8,2.0,2.3,1.0,31.8,7,.667,1.6307692307692307,99.88,99.56,=,=
2,2025,Giannis Antetokounmpo,30,MIL,PF,82,82,35.2,12.7,20.0,.633,0.0,0.5,.000,12.7,19.5,.650,.633,5.7,10.7,.531,1.8,10.5,12.3,6.3,0.5,0.5,3.0,3.5,31.0,8,.167,1.55,99.36,97.3,+1,=
3,2025,Jayson Tatum,26,BOS,SF,82,82,35.1,9.6,19.9,.482,3.9,11.3,.342,5.7,8.6,.667,.579,7.3,9.3,.785,0.7,6.9,7.6,4.6,1.9,0.6,2.7,2.7,30.3,5,.857,1.5226130653266332,98.86,97.21,+1,=
4,2025,Paolo Banchero,22,ORL,SF,80,80,36.4,9.6,19.4,.495,2.2,6.4,.344,7.4,13.0,.569,.552,7.6,11.8,.644,2.4,6.4,8.8,5.6,0.6,0.8,2.2,2.6,29.0,1,.429,1.4948453608247423,96.49,95.81,+2,=
5,2025,Shai Gilgeous-Alexander,26,OKC,SG,82,82,31.5,9.5,20.2,.471,2.0,7.2,.279,7.5,13.0,.577,.521,5.5,6.0,.917,1.2,5.5,6.7,6.5,1.8,1.2,1.8,1.7,26.5,2,1.000,1.311881188118812,95.77,94.0,+4,=
6,2025,Devin Booker,28,PHO,SG,82,82,36.3,8.2,17.7,.462,3.3,8.3,.400,4.8,9.3,.518,.557,7.0,8.0,.875,1.2,3.0,4.2,5.7,1.2,0.3,2.0,2.5,26.7,3,.833,1.5084745762711864,95.96,93.21,+1,=
7,2025,Karl-Anthony Towns,29,NYK,C,82,82,30.8,7.8,14.2,.549,2.2,3.4,.647,5.6,10.8,.519,.627,4.4,4.8,.917,2.2,9.0,11.2,3.0,0.8,0.6,1.2,3.0,22.2,4,.600,1.563380281690141,95.91,91.85,+1,=
8,2025,Kevin Durant,36,PHO,SF,82,82,39.3,9.0,17.3,.519,2.5,5.7,.441,6.5,11.7,.557,.591,5.3,6.7,.800,0.2,6.8,7.0,3.0,0.8,1.5,3.3,1.8,25.8,11,.833,1.4913294797687862,98.37,88.96,-3,=
9,2025,Trae Young,26,ATL,PG,82,82,37.9,7.9,19.0,.414,3.3,9.9,.333,4.6,9.1,.500,.500,8.0,8.9,.903,1.1,3.9,5.0,11.7,1.3,0.3,5.1,1.9,27.0,3,.429,1.4210526315789473,92.66,87.93,+3,+4
10,2025,RJ Barrett,24,TOR,SG,79,79,33.5,10.8,21.8,.494,3.0,6.5,.462,7.8,15.3,.508,.563,4.3,6.3,.680,1.3,4.5,5.8,7.3,0.8,0.0,2.8,3.0,28.8,0,.286,1.3211009174311927,87.52,87.52,+5,-1
11,2025,LeBron James,40,LAL,SF,82,82,34.0,7.8,15.8,.495,2.5,5.7,.441,5.3,10.2,.525,.574,4.0,5.3,.750,0.2,6.5,6.7,7.2,0.3,0.5,2.8,1.8,22.2,20,.667,1.4050632911392404,99.58,85.93,-9,-1
12,2025,Kyrie Irving,32,DAL,PG,82,82,35.5,8.5,17.8,.477,3.3,5.7,.588,5.2,12.2,.425,.570,3.0,3.5,.857,1.5,2.7,4.2,5.2,1.5,0.3,1.7,2.3,23.3,8,.667,1.3089887640449438,95.57,83.28,-2,-1
13,2025,Luka Dončić,25,DAL,PG,82,82,36.3,9.8,24.3,.404,3.2,10.2,.311,6.7,14.2,.471,.469,5.2,6.8,.756,0.7,7.8,8.5,6.2,0.8,0.5,2.7,3.7,28.0,5,.667,1.1522633744855966,92.29,82.73,=,+6
14,2025,Zion Williamson,24,NOP,PF,80,80,31.4,7.6,17.2,.442,0.4,1.2,.333,7.2,16.0,.450,.453,5.8,9.4,.617,2.8,5.2,8.0,5.6,0.6,1.2,3.6,3.0,21.4,1,.429,1.244186046511628,84.0,81.39,+3,-2
15,2025,Jalen Brunson,28,NYK,PG,82,82,31.8,9.4,19.4,.485,2.6,5.2,.500,6.8,14.2,.479,.552,4.0,5.2,.769,0.4,2.0,2.4,5.6,0.4,0.0,1.8,1.6,25.4,1,.600,1.309278350515464,82.69,79.91,+6,-1
16,2025,Domantas Sabonis,28,SAC,C,82,82,36.8,7.7,12.3,.622,1.0,2.0,.500,6.7,10.3,.645,.662,5.2,6.3,.816,3.2,9.8,13.0,6.3,0.7,0.3,3.0,4.2,21.5,3,.500,1.7479674796747966,86.67,78.97,=,-1
17,2025,Chet Holmgren,22,OKC,PF,82,82,28.8,6.3,11.7,.543,1.2,4.0,.292,5.2,7.7,.674,.593,3.8,5.2,.742,1.7,8.2,9.8,3.0,1.3,3.3,2.8,2.2,17.7,0,1.000,1.5128205128205128,76.54,76.54,+6,-1
18,2025,Jaylen Brown,28,BOS,SF,81,81,36.0,8.7,21.7,.400,2.0,7.5,.267,6.7,14.2,.471,.446,6.3,7.8,.809,1.7,5.5,7.2,3.8,1.5,0.5,2.2,2.5,25.7,3,.857,1.1843317972350231,83.56,74.58,+1,-1
19,2025,Stephen Curry,36,GSW,PG,79,79,26.3,5.7,13.7,.415,3.7,9.0,.407,2.0,4.7,.429,.549,3.3,3.3,1.000,0.0,5.3,5.3,6.7,2.0,0.3,3.7,1.3,18.3,9,.833,1.3357664233576643,93.08,72.13,-8,+1
20,2025,Andrew Wiggins,29,GSW,SF,80,80,26.8,6.3,12.3,.510,3.3,5.8,.565,3.0,6.5,.462,.643,2.8,3.8,.733,2.0,3.8,5.8,2.3,0.5,0.8,1.3,2.0,18.5,1,.833,1.5040650406504064,74.81,71.21,+4,+1
21,2025,Jalen Williams,23,OKC,SG,82,82,31.0,6.8,16.0,.427,1.8,4.8,.379,5.0,11.2,.448,.484,2.0,3.0,.667,1.0,5.7,6.7,5.3,2.0,0.5,2.5,2.8,17.5,0,1.000,1.09375,71.18,71.18,+6,+1
22,2025,Buddy Hield,32,GSW,SG,82,77,25.3,7.8,15.2,.516,5.0,9.7,.517,2.8,5.5,.515,.681,1.5,1.7,.900,0.8,3.3,4.2,2.5,1.0,0.5,1.3,1.8,22.2,0,.833,1.4605263157894737,71.12,71.12,+6,+1
23,2025,Donovan Mitchell,28,CLE,SG,82,82,29.6,9.3,18.6,.500,3.1,7.9,.400,6.1,10.7,.573,.585,2.7,3.4,.792,0.7,2.0,2.7,4.3,1.4,0.1,2.4,2.6,24.4,4,1.000,1.311827956989247,82.93,70.01,-3,+1
24,2025,Evan Mobley,23,CLE,C,82,82,29.6,7.3,13.0,.560,0.7,1.7,.417,6.6,11.3,.582,.588,2.4,2.7,.895,1.3,7.3,8.6,2.7,1.0,1.6,2.1,3.0,17.7,0,1.000,1.3615384615384616,66.07,66.07,+7,+1
25,2025,Ja Morant,25,MEM,PG,81,81,27.7,6.5,14.3,.453,0.8,4.2,.200,5.7,10.2,.557,.483,6.2,7.5,.822,0.5,4.7,5.2,9.8,0.7,0.2,4.3,2.0,20.0,2,.571,1.3986013986013985,72.85,65.04,=,+1
26,2025,Anthony Edwards,23,MIN,SG,82,82,38.5,10.0,21.7,.462,5.3,12.3,.432,4.7,9.3,.500,.585,3.0,4.8,.621,0.2,5.5,5.7,3.3,0.8,0.5,3.5,2.0,28.3,2,.500,1.304147465437788,72.66,64.82,=,+1
27,2025,LaMelo Ball,23,CHO,PG,82,82,34.0,10.5,22.2,.474,5.0,12.3,.405,5.5,9.8,.559,.586,4.2,4.7,.893,1.0,4.0,5.0,6.3,1.5,0.3,5.5,5.0,30.2,1,.333,1.3603603603603605,68.64,64.57,+2,+1
28,2025,DeMar DeRozan,35,SAC,SG,82,82,38.2,8.8,16.8,.525,0.8,2.5,.333,8.0,14.3,.558,.550,6.8,8.0,.854,0.7,3.8,4.5,3.7,2.3,0.3,2.2,1.2,25.3,6,.500,1.505952380952381,83.99,63.62,-10,+1
29,2025,James Harden,35,LAC,SG,82,82,35.5,6.5,18.0,.361,2.5,9.3,.268,4.0,8.7,.462,.431,6.3,7.3,.864,0.7,8.2,8.8,10.8,1.7,1.0,5.5,2.5,21.8,9,.333,1.2111111111111112,89.94,63.24,-15,+1
30,2025,Nikola Vučević,34,CHI,C,82,82,33.3,8.0,14.5,.552,2.3,4.7,.500,5.7,9.8,.576,.632,3.2,3.3,.950,3.0,8.0,11.0,3.3,0.3,0.7,1.7,2.7,21.5,2,.500,1.4827586206896552,66.97,58.44,=,+2
31,2025,Alperen Sengun,22,HOU,C,82,82,28.2,5.3,13.8,.386,0.7,1.7,.400,4.7,12.2,.384,.410,3.7,5.2,.710,4.3,7.7,12.0,3.7,1.3,0.7,2.0,3.5,15.0,0,.500,1.0869565217391304,58.09,58.09,+3,+2
32,2025,Jordan Poole,25,WAS,SG,82,82,30.4,7.2,15.6,.462,4.4,8.6,.512,2.8,7.0,.400,.603,3.4,3.6,.944,0.4,0.8,1.2,5.4,2.8,0.6,3.4,3.2,22.2,0,.400,1.4230769230769231,56.54,56.54,+3,+3
33,2025,Dejounte Murray,28,NOP,PG,76,76,30.0,4.0,15.0,.267,0.0,3.0,.000,4.0,12.0,.333,.267,6.0,7.0,.857,0.0,8.0,8.0,10.0,1.0,0.0,1.0,0.0,14.0,1,.429,0.9333333333333333,60.71,56.26,=,-2
34,2025,Damian Lillard,34,MIL,PG,82,82,35.7,7.7,17.3,.442,3.7,10.0,.367,4.0,7.3,.545,.548,7.2,8.2,.878,1.0,4.0,5.0,6.7,0.5,0.3,2.5,2.2,26.2,7,.167,1.514450867052023,82.05,55.91,-12,+2
35,2025,Julius Randle,30,MIN,PF,82,82,34.3,8.3,14.0,.595,2.0,4.0,.500,6.3,10.0,.633,.667,4.2,5.3,.781,1.7,5.2,6.8,4.8,0.5,0.0,3.0,3.0,22.8,2,.500,1.6285714285714286,62.97,54.11,-3,+2
36,2025,Tyler Herro,25,MIA,SG,82,82,30.0,7.2,15.0,.480,3.6,8.2,.439,3.6,6.8,.529,.600,2.8,3.6,.778,0.2,4.8,5.0,4.4,0.6,0.2,1.8,2.4,20.8,0,.600,1.3866666666666667,52.37,52.37,+2,+2
37,2025,Josh Giddey,22,CHI,SG,82,82,29.0,5.3,12.2,.438,1.7,3.5,.476,3.7,8.7,.423,.507,2.3,4.2,.560,1.8,6.2,8.0,6.2,0.7,0.2,2.5,1.2,14.7,0,.500,1.2049180327868854,49.27,49.27,+2,+2
38,2025,Dennis Schröder,31,BRK,PG,82,82,34.7,6.9,13.4,.511,3.3,6.3,.523,3.6,7.1,.500,.633,2.9,3.3,.870,0.1,3.0,3.1,7.4,1.4,0.0,2.6,2.9,19.9,0,.429,1.4850746268656716,47.58,47.58,+4,-20
39,2025,Darius Garland,25,CLE,PG,82,82,28.1,6.7,13.7,.490,2.7,6.7,.404,4.0,7.0,.571,.589,1.7,1.7,1.000,0.6,1.4,2.0,6.3,1.1,0.4,2.4,3.3,17.9,1,1.000,1.3065693430656935,47.86,43.32,+2,+1
40,2025,Zach LaVine,29,CHI,SG,82,82,34.7,7.7,15.5,.495,3.7,8.0,.458,4.0,7.5,.533,.613,3.7,4.5,.815,0.3,5.2,5.5,2.7,0.8,0.5,3.7,1.3,22.7,2,.500,1.464516129032258,49.14,40.12,=,+1
41,2025,Jarrett Allen,26,CLE,C,82,82,29.3,5.9,8.0,.732,0.0,0.0,0,5.9,8.0,.732,.732,3.4,4.6,.750,2.1,9.0,11.1,1.1,0.9,1.4,1.1,1.1,15.1,1,1.000,1.8875,43.98,39.53,+3,+1
42,2025,Derrick White,30,BOS,SG,82,82,33.6,6.3,13.3,.473,3.6,8.7,.410,2.7,4.6,.594,.608,2.6,2.7,.947,0.7,3.4,4.1,3.9,0.9,1.1,1.0,2.3,18.7,0,.857,1.4060150375939848,38.55,38.55,+5,+1
43,2025,Jimmy Butler,35,MIA,SF,82,82,33.0,5.4,11.2,.482,0.2,1.6,.125,5.2,9.6,.542,.491,6.0,8.4,.714,3.2,2.4,5.6,5.6,1.8,0.4,2.0,2.0,17.0,4,.600,1.517857142857143,56.07,38.03,-7,+1
44,2025,Brandon Ingram,27,NOP,SF,82,82,32.4,9.6,18.9,.508,2.7,6.4,.422,6.9,12.4,.552,.580,2.4,2.7,.895,1.4,5.0,6.4,4.1,0.9,0.7,2.9,2.9,24.3,1,.429,1.2857142857142858,42.1,37.71,+1,+3
45,2025,Jalen Green,22,HOU,SG,82,82,34.7,8.2,20.3,.402,3.8,9.8,.390,4.3,10.5,.413,.496,4.0,4.8,.828,0.5,4.2,4.7,3.0,0.8,0.5,2.3,2.3,24.2,0,.500,1.192118226600985,36.4,36.4,+3,=
46,2025,De'Andre Hunter,27,ATL,SF,77,77,29.5,5.0,12.0,.417,2.0,5.0,.400,3.0,7.0,.429,.500,6.0,6.5,.923,1.0,5.5,6.5,2.0,1.0,0.5,0.0,4.5,18.0,0,.429,1.5,33.22,33.22,+4,+7
47,2025,Bradley Beal,31,PHO,SG,80,80,35.8,6.3,13.3,.472,2.8,6.8,.407,3.5,6.5,.538,.575,2.0,2.8,.727,0.3,3.3,3.5,4.5,1.5,1.0,1.3,2.5,17.3,3,.833,1.300751879699248,44.11,31.3,-4,+2
48,2025,Cam Thomas,23,BRK,SG,82,82,34.0,8.6,19.9,.432,2.7,8.3,.328,5.9,11.6,.506,.500,6.7,7.3,.922,0.6,2.7,3.3,2.7,1.0,0.0,2.4,2.0,26.6,0,.429,1.3366834170854274,29.89,29.89,+4,-14
49,2025,Ivica Zubac,27,LAC,C,82,82,34.3,7.3,12.7,.579,0.0,0.0,0,7.3,12.7,.579,.579,2.8,5.2,.548,3.8,9.2,13.0,2.5,0.8,0.8,2.2,3.0,17.5,0,.333,1.3779527559055118,29.84,29.84,+4,+1
50,2025,Cade Cunningham,23,DET,PG,82,82,35.9,9.4,19.1,.493,2.4,6.1,.395,7.0,13.0,.538,.556,2.9,3.4,.833,0.7,5.0,5.7,6.9,0.7,1.0,5.1,2.6,24.1,0,.286,1.2617801047120418,28.86,28.86,+4,-4
51,2025,Jaren Jackson Jr.,25,MEM,C,80,80,26.4,7.8,13.2,.591,1.2,3.2,.375,6.6,10.0,.660,.636,3.6,5.6,.643,1.0,4.0,5.0,0.8,1.6,1.0,1.6,3.4,20.4,1,.571,1.5454545454545454,32.29,28.43,=,=
52,2025,Bam Adebayo,27,MIA,C,82,82,31.4,5.4,12.4,.435,0.6,2.6,.231,4.8,9.8,.490,.460,3.8,5.4,.704,2.8,5.8,8.6,2.8,1.2,1.0,0.8,1.8,15.2,3,.600,1.225806451612903,40.66,28.34,-6,=
53,2025,Aaron Gordon,29,DEN,PF,82,82,34.7,6.0,11.3,.529,1.8,3.3,.550,4.2,8.0,.521,.610,3.7,4.3,.846,3.2,4.7,7.8,3.5,0.8,0.3,1.3,2.0,17.5,0,.500,1.5486725663716814,27.44,27.44,+3,+1
54,2025,Jalen Johnson,23,ATL,SF,82,82,37.1,6.7,15.0,.448,0.9,4.0,.214,5.9,11.0,.532,.476,3.9,5.9,.659,2.1,7.7,9.9,5.3,1.9,1.0,3.6,3.1,18.1,0,.429,1.2066666666666668,26.99,26.99,+3,+8
55,2025,Pascal Siakam,30,IND,PF,82,82,33.2,8.0,14.7,.545,2.2,4.8,.448,5.8,9.8,.593,.619,1.7,2.7,.625,2.2,5.0,7.2,5.3,0.8,0.3,1.5,2.7,19.8,2,.333,1.3469387755102042,34.17,26.46,-6,=
56,2025,Terry Rozier,30,MIA,PG,82,82,32.6,5.6,14.0,.400,3.4,8.0,.425,2.2,6.0,.367,.521,2.6,2.8,.929,0.2,4.4,4.6,4.4,0.6,0.4,1.8,1.6,17.2,0,.600,1.2285714285714284,26.24,26.24,+2,=
57,2025,Desmond Bane,26,MEM,SG,80,80,26.4,7.0,14.4,.486,2.6,6.4,.406,4.4,8.0,.550,.576,2.2,2.4,.917,1.0,4.4,5.4,2.8,1.0,0.6,1.8,3.0,18.8,0,.571,1.3055555555555556,22.04,22.04,+2,=
58,2025,Austin Reaves,26,LAL,SG,82,82,34.3,5.8,12.0,.486,2.2,5.8,.371,3.7,6.2,.595,.576,3.5,4.3,.808,1.3,3.8,5.2,5.0,1.3,0.5,2.7,2.8,17.3,0,.667,1.4416666666666667,21.4,21.4,+4,=
59,2025,Jalen Suggs,23,ORL,SG,82,82,28.6,5.9,13.3,.441,2.7,7.4,.365,3.1,5.9,.537,.543,3.0,3.4,.875,0.4,4.9,5.3,4.1,2.1,1.0,2.1,2.0,17.4,0,.429,1.3082706766917291,20.3,20.3,+4,-11
60,2025,Jeremy Sochan,21,SAS,PF,82,82,32.2,7.0,13.8,.506,0.5,1.8,.273,6.5,12.0,.542,.524,2.8,4.2,.680,2.7,5.8,8.5,3.3,1.0,0.5,2.3,3.2,17.3,0,.500,1.2536231884057971,19.72,19.72,+4,-1
61,2025,De'Aaron Fox,27,SAC,PG,82,82,37.5,8.5,17.8,.477,1.8,6.8,.268,6.7,11.0,.606,.528,4.7,5.3,.875,1.0,4.2,5.2,5.7,2.5,0.0,4.2,3.0,23.5,1,.500,1.3202247191011236,21.97,18.99,-1,-1
62,2025,Scottie Barnes,23,TOR,SF,79,79,33.5,7.3,15.8,.460,0.5,2.8,.182,6.8,13.0,.519,.476,4.3,5.8,.739,2.5,5.3,7.8,6.0,2.0,0.5,4.0,3.0,19.3,1,.286,1.2215189873417722,21.86,18.89,-1,-1
63,2025,Rui Hachimura,26,LAL,PF,82,82,34.0,5.3,12.5,.427,1.7,3.2,.526,3.7,9.3,.393,.493,2.2,2.7,.813,2.5,4.3,6.8,1.7,0.7,0.3,0.8,1.7,14.5,0,.667,1.16,17.44,17.44,+4,=
64,2025,Luguentz Dort,25,OKC,SG,82,82,27.0,4.2,8.2,.510,2.2,4.5,.481,2.0,3.7,.545,.643,1.5,1.7,.900,1.2,2.3,3.5,1.3,1.2,0.8,0.2,2.3,12.0,0,1.000,1.4634146341463417,15.13,15.13,+6,=
65,2025,Jrue Holiday,34,BOS,PG,82,82,30.6,4.3,9.0,.476,2.4,4.7,.515,1.9,4.3,.433,.611,1.6,2.0,.786,0.6,3.1,3.7,3.3,0.3,0.1,1.7,1.9,12.6,2,.857,1.4,19.67,14.52,=,=
66,2025,Coby White,24,CHI,PG,82,82,33.8,6.5,14.8,.438,3.5,9.3,.375,3.0,5.5,.545,.556,2.8,3.7,.773,0.3,4.0,4.3,4.3,1.2,0.2,2.5,2.2,19.3,0,.500,1.304054054054054,14.19,14.19,+6,=
67,2025,Tyrese Maxey,24,PHI,PG,82,82,41.0,10.0,26.0,.385,3.0,11.4,.263,7.0,14.6,.479,.442,6.8,8.2,.829,0.0,3.4,3.4,4.8,1.6,0.6,2.2,2.8,29.8,1,.200,1.146153846153846,16.41,14.05,+1,=
68,2025,Norman Powell,31,LAC,SG,82,82,33.0,9.3,18.2,.514,3.7,8.7,.423,5.7,9.5,.596,.615,2.8,3.3,.850,0.3,2.5,2.8,1.7,0.8,0.3,1.8,1.3,25.2,0,.333,1.3846153846153846,13.92,13.92,+5,=
69,2025,Chris Paul,39,SAS,PG,82,82,29.2,4.2,8.3,.500,2.3,5.0,.467,1.8,3.3,.550,.640,1.0,1.0,1.000,0.5,3.5,4.0,8.7,1.0,0.2,2.2,2.2,11.7,11,.500,1.4096385542168672,54.61,13.83,-32,=
70,2025,Tyus Jones,28,PHO,PG,82,82,31.8,4.0,8.5,.471,1.7,4.5,.370,2.3,4.0,.583,.569,0.7,0.7,1.000,0.7,3.2,3.8,6.8,1.3,0.3,0.8,0.8,10.3,0,.833,1.211764705882353,13.35,13.35,+4,+1
71,2025,Lauri Markkanen,27,UTA,PF,80,80,28.5,5.0,13.0,.385,2.3,5.0,.450,2.8,8.0,.344,.471,5.8,6.8,.852,2.0,5.3,7.3,1.8,0.3,0.0,1.8,1.0,18.0,1,.000,1.3846153846153846,15.36,13.13,-2,+1
72,2025,Victor Wembanyama,21,SAS,PF,82,82,31.0,6.3,14.8,.427,1.5,6.8,.220,4.8,8.0,.604,.478,3.8,4.2,.920,2.0,7.8,9.8,3.2,1.0,3.0,3.5,2.3,18.0,0,.500,1.2162162162162162,13.08,13.08,+3,+1
73,2025,Caris LeVert,30,CLE,SG,81,75,21.7,4.5,7.3,.614,1.8,3.5,.524,2.7,3.8,.696,.739,1.2,2.0,.583,0.3,1.5,1.8,4.3,1.0,0.5,0.8,1.3,12.0,0,1.000,1.6438356164383563,13.05,13.05,+3,+1
74,2025,Franz Wagner,23,ORL,SF,82,82,26.4,6.7,14.0,.480,1.7,4.6,.375,5.0,9.4,.530,.541,1.9,2.3,.813,1.1,3.9,5.0,4.1,1.4,0.3,2.1,2.3,17.0,0,.429,1.2142857142857142,12.5,12.5,+3,-4
75,2025,Bilal Coulibaly,20,WAS,SF,82,82,34.0,6.8,11.2,.607,2.0,4.2,.476,4.8,7.0,.686,.696,3.8,4.8,.792,2.2,4.0,6.2,2.6,1.2,0.2,2.0,2.8,19.4,0,.400,1.7321428571428572,12.37,12.37,+3,=
76,2025,Draymond Green,34,GSW,PF,82,82,26.8,2.3,5.3,.438,1.2,2.5,.467,1.2,2.8,.412,.547,1.5,2.3,.643,1.0,4.2,5.2,4.2,1.0,1.5,1.8,4.2,7.3,3,.833,1.3773584905660377,19.59,12.33,-10,=
77,2025,Jamal Murray,27,DEN,PG,81,81,34.8,5.4,14.6,.370,1.4,4.6,.304,4.0,10.0,.400,.418,4.0,4.4,.909,0.6,3.8,4.4,4.4,1.2,0.0,1.2,1.6,16.2,0,.500,1.1095890410958904,11.98,11.98,+2,=
78,2025,Jonathan Kuminga,22,GSW,PF,82,79,23.5,4.5,10.2,.443,0.7,2.7,.250,3.8,7.5,.511,.475,3.7,5.2,.710,1.2,2.7,3.8,1.5,1.0,0.5,2.0,1.5,13.3,0,.833,1.3039215686274512,11.97,11.97,+2,=
79,2025,Immanuel Quickley,25,TOR,PG,76,76,14.0,4.0,9.0,.444,2.0,4.0,.500,2.0,5.0,.400,.556,3.0,4.0,.750,0.0,2.0,2.0,4.0,1.0,0.0,2.0,2.0,13.0,0,.286,1.4444444444444444,11.16,11.16,+2,=
80,2025,Payton Pritchard,27,BOS,SG,82,75,27.9,5.0,11.1,.449,4.1,9.4,.439,0.9,1.7,.500,.635,1.6,1.7,.917,0.9,2.1,3.0,2.6,1.3,0.0,0.9,1.6,15.7,0,.857,1.4144144144144144,10.49,10.49,+2,=
81,2025,Kyle Kuzma,29,WAS,PF,80,80,30.7,5.7,17.3,.327,1.7,6.0,.278,4.0,11.3,.353,.375,4.0,5.3,.750,1.7,5.3,7.0,3.7,0.3,0.3,2.3,1.0,17.0,0,.400,0.9826589595375722,10.36,10.36,+2,=
82,2025,Jaime Jaquez Jr.,23,MIA,SF,82,77,25.0,3.4,9.0,.378,1.2,2.4,.500,2.2,6.6,.333,.444,1.4,2.6,.538,2.4,5.2,7.6,2.4,0.8,0.0,1.8,2.4,9.4,0,.600,1.0444444444444445,9.96,9.96,+2,=
83,2025,Jusuf Nurkić,30,PHO,C,82,82,22.2,2.5,6.7,.375,0.5,2.7,.188,2.0,4.0,.500,.413,2.7,3.8,.696,1.2,7.5,8.7,1.5,0.3,0.7,3.5,2.8,8.2,0,.833,1.2238805970149251,9.11,9.11,+2,+1
84,2025,Ty Jerome,27,CLE,SG,82,75,14.7,3.4,6.0,.571,0.9,1.7,.500,2.6,4.3,.600,.643,2.1,2.4,.882,0.4,1.9,2.3,3.1,1.3,0.0,0.7,0.7,9.9,0,1.000,1.6500000000000001,9.04,9.04,+2,+1
85,2025,Jakob Poeltl,29,TOR,C,82,82,32.6,6.0,10.3,.583,0.0,0.0,0,6.0,10.3,.583,.583,2.4,3.1,.773,4.1,7.9,12.0,2.9,0.7,1.4,2.7,3.9,14.4,0,.286,1.3980582524271845,8.72,8.72,+2,+1
86,2025,Jaden Ivey,22,DET,SG,82,82,31.7,6.6,14.9,.442,2.1,5.6,.385,4.4,9.3,.477,.514,3.4,4.4,.774,1.4,3.1,4.6,3.6,1.0,0.1,2.9,2.6,18.7,0,.286,1.2550335570469797,8.41,8.41,+2,+4
87,2025,CJ McCollum,33,NOP,SG,79,79,34.3,7.3,16.3,.446,3.3,8.5,.382,4.0,7.8,.516,.546,1.0,1.5,.667,0.3,3.3,3.5,4.0,2.3,1.0,2.0,1.5,18.8,0,.429,1.1533742331288344,7.79,7.79,+2,-4
88,2025,Kevon Looney,28,GSW,PF,82,76,16.2,2.0,4.3,.462,0.0,0.0,0,2.0,4.3,.462,.462,1.7,2.7,.625,3.8,4.0,7.8,1.8,1.2,0.7,0.8,3.0,5.7,0,.833,1.3255813953488373,7.7,7.7,+3,-1
89,2025,Aaron Wiggins,26,OKC,SG,82,78,20.8,4.3,8.3,.520,1.2,3.0,.389,3.2,5.3,.594,.590,0.3,0.3,1.000,1.0,3.3,4.3,1.7,1.0,0.3,1.0,1.5,10.2,0,1.000,1.2289156626506021,7.46,7.46,+3,-1
90,2025,Scotty Pippen Jr.,24,MEM,PG,82,75,25.1,4.0,8.0,.500,1.0,2.4,.412,3.0,5.6,.538,.563,2.0,2.4,.824,0.6,2.6,3.1,7.3,1.3,0.4,2.4,3.3,11.0,0,.571,1.375,7.36,7.36,+3,-1
91,2025,Mikal Bridges,28,NYK,SF,82,82,36.6,7.2,13.8,.522,2.4,6.2,.387,4.8,7.6,.632,.609,0.8,1.4,.571,1.2,2.2,3.4,3.8,1.6,0.8,1.0,2.0,17.6,0,.600,1.2753623188405798,6.93,6.93,+3,=
92,2025,Russell Westbrook,36,DEN,PG,82,77,22.7,2.2,9.3,.232,0.7,3.2,.211,1.5,6.2,.243,.268,3.2,4.7,.679,1.0,2.3,3.3,4.5,2.0,0.7,2.2,2.7,8.2,9,.500,0.8817204301075268,27.86,6.91,-37,=
93,2025,Tre Mann,23,CHO,PG,82,76,27.7,7.2,15.3,.467,2.7,6.0,.444,4.5,9.3,.482,.554,2.2,2.2,1.000,1.2,2.2,3.3,3.5,0.7,0.5,2.2,2.3,19.2,0,.333,1.2549019607843137,6.76,6.76,+2,=
94,2025,Al Horford,38,BOS,C,81,81,25.3,2.8,5.7,.500,2.0,3.8,.522,0.8,1.8,.455,.676,0.0,0.0,0,1.0,3.7,4.7,2.3,1.0,0.5,0.7,1.3,7.7,5,.857,1.3508771929824561,15.02,6.61,-23,=
95,2025,Royce O'Neale,31,PHO,SF,82,76,25.8,3.0,6.5,.462,1.8,4.3,.423,1.2,2.2,.538,.603,1.3,1.3,1.000,1.2,5.7,6.8,2.8,0.7,1.0,1.2,2.3,9.2,0,.833,1.4153846153846152,6.3,6.3,+2,=
96,2025,Dean Wade,28,CLE,PF,82,82,23.9,2.4,5.9,.415,1.6,4.7,.333,0.9,1.1,.750,.549,0.4,1.1,.375,0.6,3.9,4.4,1.9,1.3,0.0,0.3,2.1,6.9,0,1.000,1.1694915254237288,6.23,6.23,+2,=
97,2025,Josh Hart,29,NYK,SG,82,82,35.6,5.2,9.4,.553,1.2,4.2,.286,4.0,5.2,.769,.617,2.6,3.2,.813,2.4,7.6,10.0,3.6,1.4,0.0,2.4,1.4,14.2,0,.600,1.5106382978723403,6.05,6.05,+2,=
98,2025,Moses Moody,22,GSW,SG,82,79,18.3,3.7,7.2,.512,2.5,4.8,.517,1.2,2.3,.500,.686,0.8,1.5,.556,0.3,1.5,1.8,1.5,0.3,0.2,1.3,1.5,10.7,0,.833,1.486111111111111,6.0,6.0,+2,=
99,2025,Santi Aldama,24,MEM,PF,82,80,29.4,5.3,10.6,.500,1.6,4.7,.333,3.7,5.9,.634,.574,1.1,1.1,1.000,1.3,6.6,7.9,3.3,0.6,0.7,1.7,1.1,13.3,0,.571,1.2547169811320755,5.77,5.77,+2,=
100,2025,Michael Porter Jr.,26,DEN,SF,82,82,36.3,6.5,13.8,.470,2.5,6.7,.375,4.0,7.2,.558,.560,1.0,1.5,.667,1.3,5.7,7.0,2.5,1.0,0.2,1.0,2.0,16.5,0,.500,1.1956521739130435,5.52,5.52,+2,=
101,2025,Deandre Ayton,26,POR,C,82,82,31.6,6.3,13.0,.484,0.4,1.1,.375,5.9,11.9,.494,.500,0.7,0.9,.833,2.9,8.4,11.3,1.4,0.7,0.6,1.1,2.1,13.7,0,.286,1.0538461538461539,5.26,5.26,+2,=
102,2025,Daniel Gafford,26,DAL,PF,82,82,18.8,4.7,7.3,.636,0.0,0.0,0,4.7,7.3,.636,.636,1.2,1.7,.700,2.8,3.2,6.0,1.3,0.5,1.2,1.0,3.2,10.5,0,.667,1.4383561643835616,5.05,5.05,+3,+17
103,2025,Gradey Dick,21,TOR,SG,82,82,32.0,7.4,15.9,.468,2.7,7.3,.373,4.7,8.6,.550,.554,3.4,3.7,.923,0.7,2.0,2.7,1.9,1.1,0.4,1.4,2.6,21.0,0,.286,1.320754716981132,5.02,5.02,+3,-1
104,2025,Anfernee Simons,25,POR,SG,82,82,34.1,6.0,16.9,.356,2.6,8.3,.310,3.4,8.6,.400,.432,4.3,4.7,.909,0.3,2.6,2.9,5.3,0.9,0.1,2.7,1.3,18.9,0,.286,1.1183431952662721,4.94,4.94,+3,-1
105,2025,Jerami Grant,30,POR,PF,82,82,33.3,6.4,16.9,.381,2.9,8.3,.345,3.6,8.6,.417,.466,2.9,3.6,.800,0.4,4.4,4.9,1.9,0.9,1.6,2.0,2.1,18.6,0,.286,1.1005917159763314,4.72,4.72,+3,-1
106,2025,Rudy Gobert,32,MIN,C,82,82,33.2,4.0,6.8,.585,0.0,0.0,0,4.0,6.8,.585,.585,2.8,3.8,.739,2.5,7.8,10.3,1.5,0.7,1.2,1.5,3.2,10.8,3,.500,1.5882352941176472,7.76,4.63,-16,-1
107,2025,Jonas Valančiūnas,32,WAS,C,82,78,20.8,5.0,9.0,.556,0.2,0.4,.500,4.8,8.6,.558,.567,2.0,2.4,.833,2.2,5.2,7.4,2.6,0.4,0.2,2.4,1.6,12.2,0,.400,1.3555555555555554,4.37,4.37,+2,+1
108,2025,Christian Braun,23,DEN,SG,82,82,35.0,5.3,10.2,.525,1.3,3.2,.421,4.0,7.0,.571,.590,2.5,2.8,.882,1.2,3.8,5.0,2.0,1.0,1.2,1.3,3.0,14.5,0,.500,1.4215686274509804,4.28,4.28,+2,+1
109,2025,Alex Caruso,30,OKC,PG,82,76,19.5,1.2,4.3,.269,0.3,2.7,.125,0.8,1.7,.500,.308,0.0,0.2,.000,0.7,2.2,2.8,1.8,1.8,0.7,0.7,2.3,2.7,0,1.000,0.6279069767441862,4.26,4.26,+2,+1
110,2025,D'Angelo Russell,28,LAL,PG,82,82,31.0,4.2,10.3,.403,1.7,5.7,.294,2.5,4.7,.536,.484,2.2,2.2,1.000,0.5,1.8,2.3,5.8,0.8,0.2,1.5,2.5,12.2,1,.667,1.1844660194174756,5.06,4.25,-6,+1
111,2025,Ajay Mitchell,22,OKC,SG,82,76,14.0,1.7,3.5,.476,0.5,0.8,.600,1.2,2.7,.438,.548,0.2,0.3,.500,0.3,1.5,1.8,1.5,0.7,0.2,0.8,1.8,4.0,0,1.000,1.1428571428571428,3.98,3.98,+1,+1
112,2025,Ousmane Dieng,21,OKC,SF,82,76,14.7,2.2,5.2,.419,1.0,3.3,.300,1.2,1.8,.636,.516,0.7,0.8,.800,0.3,2.7,3.0,1.0,0.7,0.5,0.0,0.8,6.0,0,1.000,1.1538461538461537,3.86,3.86,+1,+1
113,2025,Isaiah Joe,25,OKC,SG,82,78,19.3,2.8,6.8,.415,2.3,5.7,.412,0.5,1.2,.429,.585,0.2,0.3,.500,0.5,1.5,2.0,1.3,0.7,0.0,0.5,1.7,8.2,0,1.000,1.2058823529411764,3.82,3.82,+1,+1
114,2025,Grayson Allen,29,PHO,SG,80,76,17.8,2.8,7.3,.379,1.8,5.0,.350,1.0,2.3,.444,.500,0.5,0.5,1.000,0.5,2.0,2.5,1.5,1.3,1.0,0.8,1.8,7.8,0,.833,1.0684931506849316,3.77,3.77,+1,+1
115,2025,Cason Wallace,21,OKC,SG,82,78,25.3,3.3,7.3,.455,1.0,3.2,.316,2.3,4.2,.560,.523,0.2,0.2,1.000,0.7,2.7,3.3,1.5,1.8,0.5,0.7,1.5,7.8,0,1.000,1.0684931506849316,3.75,3.75,+1,+1
116,2025,Naz Reid,25,MIN,C,82,76,24.8,4.7,8.5,.549,1.8,4.3,.423,2.8,4.2,.680,.657,2.5,2.7,.938,0.5,5.7,6.2,1.8,0.2,0.7,1.5,2.2,13.7,0,.500,1.6117647058823528,3.55,3.55,+1,+2
117,2025,Jordan Hawkins,22,NOP,SG,82,78,32.0,5.9,13.7,.427,2.6,6.9,.375,3.3,6.9,.479,.521,3.3,3.6,.920,0.6,4.0,4.6,1.4,0.1,0.3,1.7,1.6,17.6,0,.429,1.2846715328467155,3.55,3.55,+1,-10
118,2025,Xavier Tillman Sr.,26,BOS,PF,81,75,12.8,0.8,3.0,.278,0.5,1.7,.300,0.3,1.3,.250,.361,0.0,0.0,0,0.8,2.0,2.8,0.7,0.5,0.0,0.5,1.0,2.2,0,.857,0.7333333333333334,3.55,3.55,+1,-1
119,2025,Brandon Miller,22,CHO,SF,78,78,21.0,4.0,11.0,.364,2.0,5.5,.364,2.0,5.5,.364,.455,1.0,1.5,.667,0.5,2.0,2.5,3.5,1.5,0.5,0.5,2.0,11.0,0,.333,1.0,3.54,3.54,+1,+1
120,2025,Cameron Johnson,28,BRK,PF,82,82,33.3,5.4,12.9,.422,3.0,8.9,.339,2.4,4.0,.607,.539,2.3,2.7,.842,0.3,3.7,4.0,3.1,0.9,0.6,0.4,2.7,16.1,0,.429,1.248062015503876,3.44,3.44,+1,-14
121,2025,Kyle Anderson,31,GSW,SF,82,76,16.2,2.0,5.3,.375,0.5,2.7,.188,1.5,2.7,.563,.422,0.3,0.7,.500,1.2,2.3,3.5,2.3,1.7,0.5,0.5,0.5,4.8,0,.833,0.9056603773584906,3.38,3.38,+1,=
122,2025,Nick Richards,27,CHO,C,81,81,27.4,4.2,6.6,.636,0.0,0.2,.000,4.2,6.4,.656,.636,2.6,4.4,.591,4.0,6.0,10.0,1.8,0.4,2.4,1.4,2.8,11.0,0,.333,1.6666666666666667,3.36,3.36,+2,+1
123,2025,Jabari Smith Jr.,21,HOU,PF,82,82,32.7,4.5,11.0,.409,1.8,5.7,.324,2.7,5.3,.500,.492,2.7,3.2,.842,2.7,5.5,8.2,1.2,0.5,0.5,1.0,3.5,13.5,0,.500,1.2272727272727273,3.36,3.36,+2,-1
124,2025,Myles Turner,28,IND,C,81,81,30.4,5.2,11.2,.464,1.6,4.8,.333,3.6,6.4,.563,.536,2.4,3.8,.632,0.4,5.4,5.8,1.8,0.8,1.8,3.4,4.4,14.4,0,.333,1.2857142857142858,3.35,3.35,+2,=
125,2025,Bennedict Mathurin,22,IND,SG,82,77,26.8,5.3,10.0,.533,1.3,3.3,.400,4.0,6.7,.600,.600,4.3,5.5,.788,1.2,3.7,4.8,1.8,0.2,0.0,1.8,2.3,16.3,0,.333,1.6300000000000001,3.34,3.34,+2,=
126,2025,Malik Monk,26,SAC,SG,82,76,27.7,4.8,10.8,.446,1.8,5.3,.344,3.0,5.5,.545,.531,1.8,2.3,.786,0.0,3.3,3.3,3.7,0.7,0.3,0.7,1.7,13.3,0,.500,1.2314814814814814,2.92,2.92,+6,+1
127,2025,Trayce Jackson-Davis,24,GSW,PF,82,82,17.8,4.0,5.0,.800,0.0,0.0,0,4.0,5.0,.800,.800,1.0,1.5,.667,0.8,3.8,4.7,2.5,0.2,0.5,0.5,1.3,9.0,0,.833,1.8,2.88,2.88,+6,+1
128,2025,Tari Eason,23,HOU,SF,82,76,20.5,4.7,8.3,.560,1.2,2.7,.438,3.5,5.7,.618,.630,1.0,1.5,.667,2.2,2.3,4.5,1.5,2.2,1.0,0.7,2.7,11.5,0,.500,1.3855421686746987,2.87,2.87,+6,+1
129,2025,Jalen Smith,24,CHI,PF,81,76,13.6,3.2,6.0,.533,1.8,3.4,.529,1.4,2.6,.538,.683,2.0,3.0,.667,1.8,3.8,5.6,0.4,0.4,0.2,0.4,2.2,10.2,0,.500,1.7,2.85,2.85,+6,+1
130,2025,Klay Thompson,34,DAL,SG,82,82,29.3,5.3,12.3,.432,3.3,9.0,.370,2.0,3.3,.600,.568,0.5,0.5,1.000,0.8,2.5,3.3,1.7,1.0,0.3,0.5,1.2,14.5,5,.667,1.178861788617886,6.58,2.74,-34,+3
131,2025,Miles McBride,24,NYK,PG,82,77,25.8,4.8,9.2,.522,2.4,5.2,.462,2.4,4.0,.600,.652,0.8,1.2,.667,0.6,1.6,2.2,2.4,1.2,0.2,1.2,1.8,12.8,0,.600,1.3913043478260871,2.69,2.69,+5,+1
132,2025,Carlton Carrington,19,WAS,PG,82,81,28.4,2.8,7.2,.389,1.2,3.4,.353,1.6,3.8,.421,.472,2.4,2.6,.923,0.0,3.6,3.6,4.4,1.0,0.4,1.4,3.4,9.2,0,.400,1.2777777777777777,2.64,2.64,+5,+2
133,2025,Mike Conley,37,MIN,PG,82,82,23.7,1.8,7.0,.262,1.5,5.0,.300,0.3,2.0,.167,.369,2.2,2.3,.929,1.0,1.7,2.7,4.3,1.5,0.3,1.5,2.3,7.3,1,.500,1.042857142857143,3.13,2.62,-5,+2
134,2025,P.J. Washington,26,DAL,PF,82,82,32.2,4.2,9.2,.455,1.2,4.3,.269,3.0,4.8,.621,.518,0.2,0.7,.250,1.8,5.3,7.2,1.7,1.8,1.0,1.0,2.7,9.7,0,.667,1.0543478260869565,2.62,2.62,+4,+14
135,2025,Nikola Jović,21,MIA,PF,82,82,23.4,3.4,8.0,.425,1.6,5.0,.320,1.8,3.0,.600,.525,0.4,1.0,.400,0.8,4.2,5.0,2.0,1.2,0.2,1.0,2.0,8.8,0,.600,1.1,2.61,2.61,+4,+1
136,2025,Zach Edey,22,MEM,C,82,82,18.3,4.1,7.1,.580,0.1,0.4,.333,4.0,6.7,.596,.590,0.7,1.7,.417,2.6,3.1,5.7,0.4,0.6,0.4,0.9,3.3,9.1,0,.571,1.2816901408450705,2.61,2.61,+4,+1
137,2025,Josh Richardson,31,MIA,SG,78,77,16.0,0.0,4.0,.000,0.0,2.0,.000,0.0,2.0,.000,.000,0.0,0.0,0,1.0,0.0,1.0,1.0,0.0,0.0,0.0,3.0,0.0,0,.600,0.0,2.6,2.6,+4,+1
138,2025,DeAndre Jordan,36,DEN,C,77,76,14.0,3.0,7.0,.429,0.0,0.0,0,3.0,7.0,.429,.429,0.0,2.0,.000,6.0,3.0,9.0,1.0,0.0,0.0,4.0,2.0,6.0,1,.500,0.8571428571428571,3.06,2.56,-9,+1
139,2025,Sam Hauser,27,BOS,PF,79,75,18.8,2.8,6.5,.423,1.8,5.0,.350,1.0,1.5,.667,.558,0.0,0.0,0,1.3,3.5,4.8,1.3,0.3,0.3,0.5,0.8,7.3,0,.857,1.123076923076923,2.54,2.54,+3,+1
140,2025,Dyson Daniels,21,ATL,PG,80,80,30.8,5.6,10.4,.538,1.6,4.4,.364,4.0,6.0,.667,.615,0.6,1.6,.375,1.4,3.0,4.4,2.4,2.4,0.8,1.0,3.2,13.4,0,.429,1.2884615384615385,2.53,2.53,+3,+16
141,2025,Isaac Okoro,24,CLE,SG,82,75,19.0,1.6,3.6,.440,0.9,1.7,.500,0.7,1.9,.385,.560,1.0,1.6,.636,1.0,1.6,2.6,1.1,0.9,0.4,0.3,2.3,5.0,0,1.000,1.3888888888888888,2.53,2.53,+3,=
142,2025,Naji Marshall,27,DAL,SF,82,76,18.5,1.3,4.3,.308,0.0,1.5,.000,1.3,2.8,.471,.308,0.7,0.7,1.000,0.3,2.8,3.2,3.2,1.0,0.2,0.5,1.2,3.3,0,.667,0.7674418604651163,2.46,2.46,+3,+18
143,2025,Dereck Lively II,20,DAL,C,82,76,23.0,4.0,5.7,.706,0.0,0.0,0,4.0,5.7,.706,.706,1.3,2.3,.571,3.3,4.8,8.2,2.5,0.8,0.8,1.2,3.7,9.3,0,.667,1.631578947368421,2.43,2.43,+4,+24
144,2025,OG Anunoby,27,NYK,SF,82,82,35.0,5.0,10.6,.472,1.6,4.6,.348,3.4,6.0,.567,.547,1.4,1.8,.778,0.6,3.0,3.6,2.4,1.6,0.2,1.2,2.2,13.0,0,.600,1.2264150943396226,2.42,2.42,+4,-1
145,2025,Andre Drummond,31,PHI,C,82,82,28.4,3.2,7.4,.432,0.0,0.6,.000,3.2,6.8,.471,.432,2.2,3.8,.579,4.4,7.4,11.8,0.6,1.6,0.6,2.4,4.2,8.6,2,.200,1.162162162162162,3.37,2.36,-22,-1
146,2025,Yves Missi,20,NOP,C,82,77,21.6,2.4,5.6,.436,0.0,0.0,0,2.4,5.6,.436,.436,1.1,2.0,.571,2.9,3.1,6.0,1.7,0.6,1.6,0.7,1.4,6.0,0,.429,1.0714285714285714,2.31,2.31,+3,-15
147,2025,Brandin Podziemski,21,GSW,SG,82,79,30.7,4.5,11.8,.380,1.0,5.3,.188,3.5,6.5,.538,.423,0.5,1.0,.500,1.5,4.0,5.5,4.5,0.7,0.7,2.0,2.8,10.5,0,.833,0.8898305084745762,2.24,2.24,+3,-1
148,2025,John Collins,27,UTA,PF,82,76,22.3,5.3,12.2,.438,1.0,3.0,.333,4.3,9.2,.473,.479,3.0,3.2,.947,2.2,4.7,6.8,2.5,1.0,1.0,2.2,3.8,14.7,0,.000,1.2049180327868854,2.22,2.22,+3,-1
149,2025,Maxi Kleber,33,DAL,PF,78,76,15.5,1.0,2.5,.400,0.5,1.0,.500,0.5,1.5,.333,.500,0.0,0.0,0,0.0,2.5,2.5,1.5,0.0,0.5,0.0,1.5,2.5,0,.667,1.0,2.18,2.18,+3,+21
150,2025,De'Anthony Melton,26,GSW,PG,79,76,16.7,2.3,6.7,.350,1.3,5.0,.267,1.0,1.7,.600,.450,0.3,0.7,.500,0.3,1.0,1.3,2.7,1.0,0.7,1.0,3.3,6.3,0,.833,0.9402985074626865,2.12,2.12,+3,-1
151,2025,Alex Sarr,19,WAS,PF,82,82,24.8,3.6,9.6,.375,1.2,5.0,.240,2.4,4.6,.522,.438,1.4,1.6,.875,1.6,4.6,6.2,1.6,0.6,2.8,0.6,2.6,9.8,0,.400,1.0208333333333335,2.11,2.11,+3,-1
152,2025,Keegan Murray,24,SAC,SF,82,82,37.7,5.5,12.5,.440,2.0,6.5,.308,3.5,6.0,.583,.520,1.5,1.8,.818,2.3,5.7,8.0,1.8,0.7,0.7,0.8,3.3,14.5,0,.500,1.16,2.08,2.08,+3,-1
153,2025,Tyrese Haliburton,24,IND,PG,82,82,34.3,4.8,14.3,.337,2.0,8.3,.240,2.8,6.0,.472,.407,2.3,3.0,.778,1.0,3.5,4.5,7.3,1.2,0.5,1.8,2.3,14.0,2,.333,0.979020979020979,2.96,2.07,-23,=
154,2025,Scoot Henderson,20,POR,PG,82,75,25.9,4.6,11.1,.410,1.0,3.4,.292,3.6,7.7,.463,.455,3.1,3.9,.815,0.6,2.6,3.1,4.9,0.6,0.0,2.7,2.7,13.3,0,.286,1.1981981981981984,2.07,2.07,+2,-2
155,2025,Ben Simmons,28,BRK,PG,81,81,24.3,2.7,4.3,.615,0.0,0.0,0,2.7,4.3,.615,.615,0.5,0.7,.750,1.0,5.0,6.0,6.2,0.7,0.7,3.3,4.0,5.8,2,.429,1.3488372093023255,2.96,2.07,-24,-10
156,2025,Fred VanVleet,30,HOU,PG,82,82,37.8,3.7,13.0,.282,2.5,8.8,.283,1.2,4.2,.280,.378,2.5,3.0,.833,1.0,2.3,3.3,5.7,1.5,0.2,0.7,3.3,12.3,1,.500,0.9461538461538462,2.45,2.05,-10,-2
157,2025,Cameron Payne,30,NYK,PG,82,77,15.4,2.4,6.6,.364,0.8,3.0,.267,1.6,3.6,.444,.424,0.0,0.2,.000,0.6,1.4,2.0,3.2,0.6,0.2,0.4,1.6,5.6,0,.600,0.8484848484848485,1.99,1.99,=,+1
158,2025,Georges Niang,31,CLE,PF,82,75,18.3,2.0,5.0,.400,1.1,3.6,.320,0.9,1.4,.600,.514,0.1,0.3,.500,0.7,2.9,3.6,1.1,0.4,0.1,1.0,2.0,5.3,0,1.000,1.06,1.99,1.99,=,-1
159,2025,Miles Bridges,26,CHO,SF,82,82,30.7,4.7,12.5,.373,1.5,6.0,.250,3.2,6.5,.487,.433,2.5,3.2,.789,0.5,6.3,6.8,2.3,0.7,0.7,2.0,1.3,13.3,0,.333,1.064,1.97,1.97,=,+2
160,2025,Sam Merrill,28,CLE,SG,82,75,19.6,2.3,5.4,.421,2.0,5.0,.400,0.3,0.4,.667,.605,0.6,0.6,1.000,0.1,1.0,1.1,1.6,0.7,0.1,0.1,2.1,7.1,0,1.000,1.3148148148148147,1.96,1.96,=,+2
161,2025,Deni Avdija,24,POR,SF,82,82,28.3,3.3,9.7,.338,0.7,3.7,.192,2.6,6.0,.429,.375,3.3,3.7,.885,1.3,4.7,6.0,2.9,1.4,1.1,2.6,2.0,10.6,0,.286,1.0927835051546393,1.93,1.93,=,+3
162,2025,Damion Lee,32,PHO,SG,77,76,18.0,1.0,3.0,.333,0.0,2.0,.000,1.0,1.0,1.000,.333,0.0,0.0,0,0.0,3.0,3.0,2.0,0.0,0.0,1.0,1.0,2.0,0,.833,0.6666666666666666,1.91,1.91,=,+3
163,2025,Garrison Mathews,28,ATL,SG,81,75,22.8,3.8,8.2,.469,3.7,7.2,.512,0.2,1.0,.167,.694,1.3,1.5,.889,0.2,1.2,1.3,1.5,1.0,0.2,0.8,3.3,12.7,0,.429,1.548780487804878,1.89,1.89,=,+12
164,2025,Wendell Carter Jr.,25,ORL,C,81,81,26.3,2.8,6.3,.447,0.3,2.7,.125,2.5,3.7,.682,.474,2.3,3.0,.778,2.0,6.8,8.8,2.2,1.3,0.3,0.5,2.3,8.3,0,.429,1.3174603174603177,1.86,1.86,=,-38
165,2025,Patrick Williams,23,CHI,PF,82,82,28.2,2.5,8.7,.288,1.3,4.3,.308,1.2,4.3,.269,.365,0.8,1.2,.714,1.3,4.5,5.8,1.8,1.0,0.5,1.7,0.7,7.2,0,.500,0.8275862068965518,1.85,1.85,=,+4
166,2025,Jaylen Wells,21,MEM,SF,82,77,24.9,3.7,9.3,.400,1.7,4.4,.387,2.0,4.9,.412,.492,1.1,1.7,.667,1.1,2.4,3.6,1.7,0.3,0.1,1.0,2.1,10.3,0,.571,1.10752688172043,1.84,1.84,=,+5
167,2025,Ryan Dunn,22,PHO,SF,82,78,17.8,3.0,6.5,.462,1.8,4.7,.393,1.2,1.8,.636,.603,0.0,0.0,0,0.5,1.7,2.2,0.8,0.5,0.3,0.3,2.8,7.8,0,.833,1.2,1.78,1.78,=,+6
168,2025,Marcus Smart,30,MEM,PG,80,80,19.8,1.6,6.8,.235,0.6,3.6,.167,1.0,3.2,.313,.279,1.8,2.2,.818,1.0,1.2,2.2,2.8,1.2,0.6,1.4,2.2,5.6,0,.571,0.8235294117647058,1.76,1.76,=,+6
169,2025,Jake LaRavia,23,MEM,PF,82,75,25.4,2.7,5.9,.463,0.7,2.3,.313,2.0,3.6,.560,.524,1.4,2.9,.500,1.7,4.3,6.0,3.0,0.4,0.3,1.4,2.7,7.6,0,.571,1.2881355932203389,1.67,1.67,=,+7
170,2025,Nic Claxton,25,BRK,C,81,75,21.7,4.2,5.8,.714,0.0,0.0,0,4.2,5.8,.714,.714,1.2,3.0,.389,2.0,5.2,7.2,2.2,0.7,1.2,1.0,3.8,9.5,0,.429,1.6379310344827587,1.58,1.58,+1,+2
171,2025,Lindy Waters III,27,GSW,SG,82,77,15.0,2.5,4.7,.536,1.3,3.2,.421,1.2,1.5,.778,.679,0.3,0.3,1.000,0.5,1.5,2.0,1.8,0.5,0.2,0.0,1.0,6.7,0,.833,1.425531914893617,1.55,1.55,+1,+8
172,2025,Jay Huff,26,MEM,C,82,75,16.6,3.9,6.3,.614,2.1,3.9,.556,1.7,2.4,.706,.784,1.1,1.1,1.000,0.4,2.3,2.7,0.7,0.3,1.3,0.4,1.9,11.0,0,.571,1.746031746031746,1.54,1.54,+1,+8
173,2025,Ja'Kobe Walter,20,TOR,SG,77,75,16.0,0.5,4.5,.111,0.0,1.5,.000,0.5,3.0,.167,.111,1.5,2.5,.600,1.5,2.5,4.0,1.0,0.0,0.5,0.0,2.5,2.5,0,.286,0.5555555555555556,1.52,1.52,+1,+8
174,2025,Walker Kessler,23,UTA,C,82,82,27.0,3.8,6.2,.622,0.0,0.0,0,3.8,6.2,.622,.622,2.0,3.2,.632,3.8,7.3,11.2,1.2,0.7,3.0,1.3,1.8,9.7,0,.000,1.564516129032258,1.49,1.49,+1,+8
175,2025,Jose Alvarado,26,NOP,PG,82,78,22.7,2.6,7.1,.360,1.3,4.1,.310,1.3,3.0,.429,.450,0.6,0.6,1.000,0.6,1.7,2.3,4.7,1.4,0.4,1.1,2.4,7.0,0,.429,0.9859154929577465,1.43,1.43,+1,+2
176,2025,Tobias Harris,32,DET,PF,82,82,33.4,5.1,11.9,.434,0.7,3.7,.192,4.4,8.1,.544,.464,1.7,1.7,1.000,1.1,6.7,7.9,2.7,0.6,1.1,1.7,2.7,12.7,0,.286,1.0672268907563025,1.42,1.42,+1,+23
177,2025,Kelly Oubre Jr.,29,PHI,SF,82,82,33.2,6.6,16.4,.402,2.0,6.4,.313,4.6,10.0,.460,.463,2.8,3.8,.737,1.4,3.2,4.6,0.8,1.2,0.2,1.6,3.8,18.0,0,.200,1.0975609756097562,1.41,1.41,+1,+6
178,2025,Lonzo Ball,27,CHI,PG,79,76,15.7,1.7,4.7,.357,1.3,4.0,.333,0.3,0.7,.500,.500,0.0,0.0,0,0.0,2.7,2.7,3.7,0.0,0.3,1.0,1.3,4.7,0,.500,1.0,1.4,1.4,+1,+6
179,2025,David Roddy,23,ATL,PF,80,76,24.8,3.6,6.4,.563,1.4,3.0,.467,2.2,3.4,.647,.672,1.8,2.2,.818,0.6,4.6,5.2,2.2,1.0,0.4,1.2,1.4,10.4,0,.429,1.625,1.4,1.4,+1,-11
180,2025,Caleb Martin,29,PHI,SF,82,81,33.6,3.2,9.8,.327,0.4,2.6,.154,2.8,7.2,.389,.347,4.4,6.4,.688,2.8,4.0,6.8,2.4,0.4,0.6,3.0,3.4,11.2,0,.200,1.1428571428571428,1.38,1.38,+1,+5
181,2025,Kevin Huerter,26,SAC,SG,81,81,26.0,4.6,9.4,.489,2.4,6.4,.375,2.2,3.0,.733,.617,0.0,0.0,0,0.4,2.4,2.8,1.8,1.0,0.8,0.4,2.4,11.6,0,.500,1.2340425531914894,1.34,1.34,+1,+5
182,2025,Mason Plumlee,34,PHO,C,82,76,17.2,1.5,2.7,.563,0.0,0.0,0,1.5,2.7,.563,.563,1.2,2.3,.500,1.5,3.8,5.3,1.0,0.5,0.8,0.7,2.3,4.2,0,.833,1.5555555555555556,1.33,1.33,+1,+5
183,2025,Toumani Camara,24,POR,PF,82,82,29.7,3.3,7.3,.451,1.6,3.1,.500,1.7,4.1,.414,.559,0.7,1.0,.714,2.4,2.0,4.4,2.4,1.9,0.3,1.0,3.0,8.9,0,.286,1.2191780821917808,1.32,1.32,+1,+5
184,2025,Cole Anthony,24,ORL,PG,81,75,13.0,1.2,4.3,.269,0.3,2.0,.167,0.8,2.3,.357,.308,0.5,1.2,.429,0.3,1.8,2.2,2.7,0.8,0.2,1.7,1.7,3.2,0,.429,0.744186046511628,1.31,1.31,+1,-18
185,2025,Amen Thompson,22,HOU,SF,82,76,22.7,3.5,7.2,.488,0.3,1.3,.250,3.2,5.8,.543,.512,2.3,3.2,.737,1.8,3.5,5.3,1.7,0.5,0.3,2.2,2.3,9.7,0,.500,1.347222222222222,1.27,1.27,+1,+4
186,2025,Jonathan Isaac,27,ORL,PF,79,75,14.5,1.5,5.3,.286,1.0,3.5,.286,0.5,1.8,.286,.381,0.8,1.5,.500,2.0,2.3,4.3,0.5,1.3,1.0,0.5,1.3,4.8,0,.429,0.9056603773584906,1.27,1.27,+1,-23
187,2025,Moritz Wagner,27,ORL,C,82,76,17.7,3.9,7.6,.509,0.7,2.6,.278,3.1,5.0,.629,.557,2.9,3.6,.800,0.7,4.0,4.7,0.6,0.4,0.3,1.6,2.7,11.3,0,.429,1.486842105263158,1.23,1.23,+1,-9
188,2025,Anthony Black,21,ORL,PG,82,76,25.1,2.7,6.3,.432,0.7,1.7,.417,2.0,4.6,.438,.489,1.1,1.6,.727,1.0,2.1,3.1,4.1,0.4,1.0,2.3,2.7,7.3,0,.429,1.1587301587301588,1.22,1.22,+1,-46
189,2025,Tim Hardaway Jr.,32,DET,SG,82,82,28.6,3.9,8.4,.458,3.0,6.1,.488,0.9,2.3,.375,.636,2.1,2.3,.938,0.1,0.9,1.0,1.9,0.1,0.0,0.6,2.0,12.9,0,.286,1.5357142857142856,1.21,1.21,+1,+32
190,2025,Nickeil Alexander-Walker,26,MIN,SG,82,76,22.5,3.0,5.7,.529,2.0,3.8,.522,1.0,1.8,.545,.706,0.7,1.2,.571,0.7,1.7,2.3,3.3,0.7,0.3,1.0,1.0,8.7,0,.500,1.526315789473684,1.19,1.19,+1,=
191,2025,Clint Capela,30,ATL,C,82,82,23.0,4.3,6.0,.714,0.0,0.0,0,4.3,6.0,.714,.714,1.3,1.7,.750,1.6,5.1,6.7,1.0,0.6,0.9,1.0,2.1,9.9,0,.429,1.6500000000000001,1.14,1.14,+1,+4
192,2025,Quentin Grimes,24,DAL,SG,82,76,12.2,1.2,3.3,.350,0.7,1.8,.364,0.5,1.5,.333,.450,0.5,0.8,.600,0.2,1.5,1.7,0.2,0.5,0.2,0.5,1.7,3.5,0,.667,1.0606060606060606,1.14,1.14,+1,+8
193,2025,Peyton Watson,22,DEN,SG,82,76,15.8,1.3,5.8,.229,0.2,1.7,.100,1.2,4.2,.280,.243,1.5,1.7,.900,1.2,1.3,2.5,0.7,0.8,0.5,0.5,1.7,4.3,0,.500,0.7413793103448276,1.13,1.13,+1,-2
194,2025,Daniel Theis,32,NOP,C,82,80,15.9,1.6,3.6,.440,0.3,1.1,.250,1.3,2.4,.529,.480,0.9,1.1,.750,0.7,3.6,4.3,1.7,0.4,0.9,1.0,1.6,4.3,0,.429,1.1944444444444444,1.13,1.13,+1,-35
195,2025,Stephon Castle,20,SAS,PG,82,76,19.8,1.8,6.3,.289,0.3,2.2,.154,1.5,4.2,.360,.316,1.2,2.2,.538,0.7,1.7,2.3,2.5,0.7,0.3,1.3,2.2,5.2,0,.500,0.8253968253968255,1.11,1.11,+1,-3
196,2025,Aaron Nesmith,25,IND,SF,82,82,22.7,3.2,6.0,.528,1.0,1.8,.545,2.2,4.2,.520,.611,1.8,2.2,.846,0.7,3.3,4.0,1.0,0.7,0.3,0.8,4.0,9.2,0,.333,1.5333333333333332,1.11,1.11,+1,-3
197,2025,Onyeka Okongwu,24,ATL,C,80,75,24.4,4.4,7.4,.595,0.4,1.8,.222,4.0,5.6,.714,.622,3.2,3.8,.842,1.6,3.6,5.2,1.6,0.6,0.8,0.4,1.8,12.4,0,.429,1.6756756756756757,1.1,1.1,+1,+19
198,2025,Haywood Highsmith,28,MIA,SF,80,77,17.7,2.0,4.0,.500,0.3,1.3,.250,1.7,2.7,.625,.542,0.0,0.3,.000,0.7,2.7,3.3,1.0,1.3,0.3,0.3,1.3,4.3,0,.600,1.075,1.05,1.05,+1,=
199,2025,T.J. McConnell,32,IND,PG,82,76,17.0,4.2,7.5,.556,0.0,0.3,.000,4.2,7.2,.581,.556,0.2,0.3,.500,0.3,2.0,2.3,4.3,0.8,0.0,1.7,0.5,8.5,0,.333,1.1333333333333333,1.04,1.04,+1,+2
200,2025,Josh Green,24,CHO,SG,80,79,21.0,2.5,5.3,.476,2.3,3.8,.600,0.3,1.5,.167,.690,0.0,0.5,.000,0.5,1.0,1.5,1.5,0.8,0.8,0.3,3.3,7.3,0,.333,1.3773584905660377,1.03,1.03,+2,+2
201,2025,Malaki Branham,21,SAS,SG,82,76,14.5,3.3,6.3,.526,1.3,2.7,.500,2.0,3.7,.545,.632,1.3,1.5,.889,0.0,2.0,2.0,0.8,0.7,0.3,1.5,0.7,9.3,0,.500,1.4761904761904763,1.03,1.03,+2,+2
202,2025,Brandon Boston Jr.,23,NOP,SG,79,75,16.5,2.5,5.5,.455,0.8,2.0,.375,1.8,3.5,.500,.523,1.5,2.0,.750,0.8,1.8,2.5,2.3,1.0,0.0,0.8,1.0,7.3,0,.429,1.3272727272727272,1.03,1.03,+2,-8
203,2025,Ochai Agbaji,24,TOR,SG,82,80,29.9,5.1,8.7,.590,1.4,3.1,.455,3.7,5.6,.667,.672,1.0,1.4,.700,1.4,3.3,4.7,1.7,1.3,0.7,1.1,2.7,12.7,0,.286,1.4597701149425288,1.03,1.03,-2,+1
204,2025,Spencer Dinwiddie,31,DAL,PG,81,76,14.4,0.8,3.2,.250,0.8,2.6,.308,0.0,0.6,.000,.375,1.2,1.6,.750,0.0,0.8,0.8,1.6,0.2,0.4,0.4,1.2,3.6,0,.667,1.125,1.0,1.0,+1,-7
205,2025,Andrew Nembhard,25,IND,SG,81,81,25.2,2.8,7.0,.400,0.2,1.8,.111,2.6,5.2,.500,.414,1.2,1.6,.750,0.0,1.8,1.8,5.0,1.0,0.0,1.8,1.8,7.0,0,.333,1.0,0.99,0.99,+1,+1
206,2025,Julian Champagnie,23,SAS,SF,82,82,25.8,3.3,8.0,.417,1.5,5.0,.300,1.8,3.0,.611,.510,0.3,0.3,1.000,1.5,4.0,5.5,1.5,1.0,0.7,1.3,1.0,8.5,0,.500,1.0625,0.99,0.99,+1,-1
207,2025,Keldon Johnson,25,SAS,SF,82,76,27.8,4.7,11.5,.406,1.2,5.0,.233,3.5,6.5,.538,.457,2.2,2.7,.813,1.2,4.8,6.0,0.7,1.0,0.0,1.2,1.3,12.7,0,.500,1.1043478260869564,0.98,0.98,+1,=
208,2025,Trey Lyles,29,SAC,PF,82,76,16.2,1.2,4.7,.250,0.8,3.5,.238,0.3,1.2,.286,.339,0.7,0.7,1.000,0.5,3.0,3.5,0.8,0.8,0.8,0.5,1.7,3.8,0,.500,0.8085106382978723,0.97,0.97,+1,=
209,2025,Cody Martin,29,CHO,SF,82,79,24.0,3.8,8.0,.479,1.7,4.3,.385,2.2,3.7,.591,.583,1.3,1.7,.800,1.3,3.2,4.5,1.3,0.7,0.5,0.8,2.5,10.7,0,.333,1.3375,0.95,0.95,+1,=
210,2025,Dorian Finney-Smith,31,BRK,PF,82,82,28.9,3.6,8.6,.417,1.6,5.4,.289,2.0,3.1,.636,.508,1.0,1.7,.583,1.6,3.4,5.0,1.6,1.6,0.7,1.1,3.6,9.7,0,.429,1.127906976744186,0.94,0.94,+1,-14
211,2025,Seth Curry,34,CHO,SG,81,80,25.6,3.2,6.6,.485,2.2,4.0,.550,1.0,2.6,.385,.652,0.6,1.0,.600,1.4,1.6,3.0,1.2,0.8,0.2,0.6,2.8,9.2,0,.333,1.3939393939393938,0.91,0.91,+1,-1
212,2025,Chris Boucher,32,TOR,PF,82,75,17.7,3.9,8.1,.474,1.3,4.0,.321,2.6,4.1,.621,.553,1.9,2.7,.684,0.6,3.4,4.0,0.7,0.4,1.0,0.4,1.4,10.9,0,.286,1.3456790123456792,0.88,0.88,+1,=
213,2025,Ziaire Williams,23,BRK,SF,82,75,19.3,4.1,7.6,.547,1.3,3.0,.429,2.9,4.6,.625,.632,0.7,1.0,.714,1.0,2.3,3.3,1.3,1.0,0.4,1.0,3.0,10.3,0,.429,1.355263157894737,0.86,0.86,+5,-58
214,2025,Alec Burks,33,MIA,SG,80,77,21.0,2.7,4.3,.615,2.7,3.7,.727,0.0,0.7,.000,.923,0.0,0.0,0,0.7,1.3,2.0,1.7,0.3,0.3,0.3,0.3,8.0,0,.600,1.8604651162790697,0.86,0.86,+2,-1
215,2025,Jaden Hardy,22,DAL,SG,82,76,10.3,1.0,3.0,.333,0.7,2.0,.333,0.3,1.0,.333,.444,0.3,0.3,1.000,0.3,0.7,1.0,0.7,0.2,0.2,1.3,1.3,3.0,0,.667,1.0,0.86,0.86,+2,+8
216,2025,Harrison Barnes,32,SAS,SF,82,82,29.7,4.3,7.8,.553,1.3,3.3,.400,3.0,4.5,.667,.638,1.7,1.8,.909,1.2,2.0,3.2,1.2,0.5,0.3,0.5,0.5,11.7,0,.500,1.5,0.86,0.86,-1,-2
217,2025,Tre Jones,25,SAS,PG,77,76,16.0,0.0,2.0,.000,0.0,0.0,0,0.0,2.0,.000,.000,3.0,4.0,.750,1.0,0.0,1.0,3.0,1.0,0.0,0.0,0.0,3.0,0,.500,1.5,0.86,0.86,-3,-2
218,2025,Isaiah Jackson,23,IND,PF,81,77,16.8,2.8,4.6,.609,0.0,0.0,0,2.8,4.6,.609,.609,1.4,2.8,.500,2.2,3.4,5.6,1.0,0.6,1.6,1.0,2.8,7.0,0,.333,1.5217391304347827,0.82,0.82,+1,-1
219,2025,Tristan Da Silva,23,ORL,SF,78,76,19.0,2.7,5.3,.500,1.3,2.7,.500,1.3,2.7,.500,.625,1.3,1.7,.800,1.0,2.3,3.3,1.3,0.0,0.3,0.3,1.0,8.0,0,.429,1.509433962264151,0.81,0.81,+1,+5
220,2025,Gary Payton II,32,GSW,PG,82,76,11.2,1.8,3.2,.579,0.3,1.0,.333,1.5,2.2,.692,.632,0.7,0.7,1.000,0.7,0.7,1.3,1.2,1.0,0.2,0.3,1.0,4.7,0,.833,1.46875,0.78,0.78,+1,-2
221,2025,Dalton Knecht,23,LAL,SF,82,76,17.0,2.7,6.0,.444,1.3,3.8,.348,1.3,2.2,.615,.556,1.0,1.0,1.000,0.2,1.3,1.5,1.2,0.3,0.0,0.7,1.2,7.7,0,.667,1.2833333333333334,0.77,0.77,+1,-2
222,2025,Dillon Brooks,29,HOU,SG,82,82,33.8,3.8,10.5,.365,1.7,5.5,.303,2.2,5.0,.433,.444,1.8,2.0,.917,1.5,2.7,4.2,0.8,0.7,0.3,0.5,3.5,11.2,0,.500,1.0666666666666667,0.77,0.77,+1,-2
223,2025,Noah Clowney,20,BRK,PF,82,76,16.1,2.0,6.3,.318,1.0,3.4,.292,1.0,2.9,.350,.398,1.1,1.4,.800,1.1,2.1,3.3,0.4,0.3,0.6,0.4,2.1,6.1,0,.429,0.9682539682539683,0.74,0.74,+2,-12
224,2025,Ayo Dosunmu,25,CHI,SG,82,76,26.7,3.2,8.7,.365,0.8,4.7,.179,2.3,4.0,.583,.413,0.3,0.5,.667,0.3,5.2,5.5,4.2,0.0,0.5,1.3,2.2,7.5,0,.500,0.8620689655172414,0.7,0.7,+2,-2
225,2025,Donte DiVincenzo,28,MIN,SG,82,76,26.8,3.3,9.3,.357,2.2,7.0,.310,1.2,2.3,.500,.473,1.0,1.5,.667,0.7,2.3,3.0,3.5,1.0,0.0,1.7,1.7,9.8,0,.500,1.053763440860215,0.66,0.66,+2,=
226,2025,Derrick Jones Jr.,27,LAC,SF,82,82,28.3,4.2,9.0,.463,1.3,3.5,.381,2.8,5.5,.515,.537,0.5,0.7,.750,1.7,2.2,3.8,1.0,1.5,0.3,1.5,3.0,10.2,0,.333,1.1333333333333333,0.66,0.66,+2,+1
227,2025,Collin Sexton,26,UTA,SG,82,80,23.5,4.2,9.3,.446,0.5,2.2,.231,3.7,7.2,.512,.473,4.7,5.3,.875,0.2,2.2,2.3,2.3,0.8,0.2,3.0,2.3,13.5,0,.000,1.4516129032258063,0.66,0.66,+2,-1
228,2025,Grant Williams,26,CHO,PF,82,77,26.7,2.7,6.3,.421,2.0,4.7,.429,0.7,1.7,.400,.579,1.3,1.7,.800,1.2,2.5,3.7,3.0,1.0,0.3,1.5,3.7,8.7,0,.333,1.380952380952381,0.65,0.65,+2,=
229,2025,Zach Collins,27,SAS,PF,82,76,13.5,1.5,3.3,.450,0.7,1.3,.500,0.8,2.0,.417,.550,1.3,1.3,1.000,1.3,2.5,3.8,1.7,0.7,0.3,1.0,2.0,5.0,0,.500,1.5151515151515151,0.64,0.64,+2,+2
230,2025,Vasilije Micić,31,CHO,PG,79,76,15.0,1.0,6.0,.167,0.3,2.3,.143,0.7,3.7,.182,.194,0.0,0.0,0,1.7,2.0,3.7,1.0,0.3,0.0,1.3,0.7,2.3,0,.333,0.3833333333333333,0.64,0.64,+2,=
231,2025,Brandon Clarke,28,MEM,PF,82,75,14.4,2.3,4.4,.516,0.0,0.6,.000,2.3,3.9,.593,.516,0.9,1.3,.667,0.9,2.1,3.0,0.7,0.7,0.1,0.4,1.3,5.4,0,.571,1.2272727272727273,0.64,0.64,+2,-2
232,2025,Brook Lopez,36,MIL,C,82,82,30.7,3.7,9.8,.373,1.7,5.7,.294,2.0,4.2,.480,.458,1.5,1.8,.818,1.2,4.0,5.2,1.7,0.7,2.5,1.7,2.8,10.5,1,.167,1.0714285714285714,0.76,0.63,-8,=
233,2025,Davion Mitchell,26,TOR,PG,82,81,29.1,3.3,8.0,.411,1.0,3.9,.259,2.3,4.1,.552,.473,0.6,0.9,.667,0.3,2.0,2.3,6.1,1.1,0.6,3.1,3.3,8.1,0,.286,1.0125,0.63,0.63,+1,=
234,2025,Terance Mann,28,LAC,SG,82,82,23.5,2.2,5.7,.382,0.2,1.7,.100,2.0,4.0,.500,.397,1.0,1.5,.667,1.7,2.2,3.8,2.0,0.7,0.0,0.7,3.3,5.5,0,.333,0.9649122807017544,0.61,0.61,+1,+1
235,2025,Gabe Vincent,28,LAL,PG,82,76,17.7,1.3,4.5,.296,0.5,2.7,.188,0.8,1.8,.455,.352,0.0,0.0,0,0.3,0.8,1.2,0.7,0.7,0.0,0.5,1.7,3.2,0,.667,0.7111111111111111,0.61,0.61,+1,-1
236,2025,Neemias Queta,25,BOS,C,81,75,12.2,2.3,3.3,.700,0.0,0.2,.000,2.3,3.2,.737,.700,0.3,0.3,1.000,2.0,2.2,4.2,0.5,0.0,0.2,0.5,1.7,5.0,0,.857,1.5151515151515151,0.6,0.6,+1,=
237,2025,Jamal Shead,22,TOR,PG,82,75,18.6,2.4,6.6,.370,0.6,2.3,.250,1.9,4.3,.433,.413,1.0,1.1,.875,0.1,0.9,1.0,5.0,0.4,0.1,2.0,2.0,6.4,0,.286,0.9696969696969698,0.59,0.59,+1,=
238,2025,Nicolas Batum,36,LAC,SF,82,76,19.2,1.0,3.2,.316,0.7,2.5,.267,0.3,0.7,.500,.421,0.7,1.0,.667,0.7,2.5,3.2,2.7,0.5,1.0,0.5,2.0,3.3,0,.333,1.0312499999999998,0.57,0.57,+1,=
239,2025,Zaccharie Risacher,19,ATL,SF,82,80,25.0,3.1,10.0,.314,1.0,4.6,.219,2.1,5.4,.395,.364,1.3,2.0,.643,1.1,2.0,3.1,1.0,1.0,0.9,1.3,2.7,8.6,0,.429,0.86,0.57,0.57,+1,+13
240,2025,Kris Dunn,30,LAC,PG,82,76,21.5,3.0,5.2,.581,1.3,2.7,.500,1.7,2.5,.667,.710,0.2,0.7,.250,1.2,3.7,4.8,2.5,1.2,0.0,1.2,2.5,7.5,0,.333,1.4423076923076923,0.56,0.56,+1,=
241,2025,Kyle Lowry,38,PHI,PG,82,81,22.2,2.6,4.6,.565,2.4,3.8,.632,0.2,0.8,.250,.826,1.6,2.2,.727,0.2,2.2,2.4,2.6,1.6,0.2,0.8,2.2,9.2,6,.200,2.0,1.66,0.56,-71,-2
242,2025,Jonathan Mogbo,23,TOR,PF,82,76,17.1,2.3,4.7,.485,0.1,0.7,.200,2.1,4.0,.536,.500,2.4,3.1,.773,2.4,2.0,4.4,1.9,1.3,0.9,1.1,2.7,7.1,0,.286,1.5106382978723403,0.54,0.54,=,=
243,2025,Thomas Bryant,27,MIA,C,82,77,14.0,1.8,3.4,.529,0.8,1.8,.444,1.0,1.6,.625,.647,1.0,1.0,1.000,1.0,2.6,3.6,0.8,0.2,0.8,0.2,1.4,5.4,0,.600,1.5882352941176472,0.54,0.54,=,-2
244,2025,Obi Toppin,26,IND,PF,82,76,20.8,3.8,7.2,.535,1.2,3.2,.368,2.7,4.0,.667,.616,1.8,2.2,.846,1.2,2.2,3.3,1.7,0.7,0.3,1.2,1.5,10.7,0,.333,1.486111111111111,0.52,0.52,=,=
245,2025,Max Christie,21,LAL,SG,82,76,17.3,1.0,3.2,.316,0.5,2.0,.250,0.5,1.2,.429,.395,1.7,1.8,.909,0.7,1.5,2.2,1.2,0.5,0.3,0.8,1.8,4.2,0,.667,1.3125,0.48,0.48,=,=
246,2025,Taurean Prince,30,MIL,PF,82,82,30.8,3.5,6.2,.568,2.0,3.7,.545,1.5,2.5,.600,.730,0.0,0.0,0,1.0,4.3,5.3,1.7,1.3,0.0,0.8,2.5,9.0,0,.167,1.4516129032258065,0.47,0.47,=,=
247,2025,Julian Strawther,22,DEN,SG,82,76,18.8,3.3,5.8,.571,1.3,2.8,.471,2.0,3.0,.667,.686,0.8,1.2,.714,0.5,1.3,1.8,0.8,1.2,0.0,1.0,3.3,8.8,0,.500,1.517241379310345,0.47,0.47,=,=
248,2025,Larry Nance Jr.,32,ATL,PF,79,76,15.8,3.5,5.5,.636,1.3,2.3,.556,2.3,3.3,.692,.750,0.0,0.0,0,1.8,1.3,3.0,1.0,0.8,0.3,1.0,1.0,8.3,0,.429,1.5090909090909093,0.47,0.47,=,+10
249,2025,Jaden McDaniels,24,MIN,PF,82,82,28.0,3.7,8.2,.449,0.8,3.5,.238,2.8,4.7,.607,.500,0.3,0.3,1.000,1.2,1.2,2.3,2.0,0.7,1.0,1.3,3.5,8.5,0,.500,1.0365853658536586,0.45,0.45,=,=
250,2025,Kevin Porter Jr.,24,LAC,SG,82,76,16.0,3.2,9.2,.345,0.3,2.8,.118,2.8,6.3,.447,.364,0.7,0.8,.800,0.8,2.7,3.5,2.2,0.8,0.2,2.5,1.7,7.3,0,.333,0.7934782608695653,0.45,0.45,=,-2
251,2025,Bobby Portis,29,MIL,PF,82,76,24.2,5.0,10.5,.476,0.7,2.7,.250,4.3,7.8,.553,.508,0.3,0.3,1.000,2.0,5.7,7.7,1.0,0.7,0.5,2.0,1.5,11.0,0,.167,1.0476190476190477,0.43,0.43,=,-1
252,2025,Jett Howard,21,ORL,SF,82,75,11.0,1.9,4.9,.382,1.4,3.9,.370,0.4,1.0,.429,.529,0.3,0.3,1.000,0.1,1.4,1.6,0.1,0.1,0.3,0.3,0.7,5.4,0,.429,1.1020408163265305,0.42,0.42,=,+105
253,2025,Kris Murray,24,POR,SF,82,75,17.0,1.9,4.4,.419,0.9,2.0,.429,1.0,2.4,.412,.516,0.7,1.9,.385,1.3,1.9,3.1,1.0,0.6,0.1,0.9,1.1,5.3,0,.286,1.2045454545454544,0.41,0.41,=,-2
254,2025,Cam Whitmore,20,HOU,SF,82,76,11.2,2.7,6.8,.390,0.2,2.7,.063,2.5,4.2,.600,.402,1.0,1.7,.600,0.7,1.0,1.7,0.3,0.0,0.2,0.5,1.2,6.5,0,.500,0.9558823529411765,0.4,0.4,=,-1
255,2025,Malik Beasley,28,DET,SG,82,75,25.1,4.1,11.6,.358,2.9,7.7,.370,1.3,3.9,.333,.481,0.9,1.3,.667,0.3,1.7,2.0,1.1,0.6,0.1,1.1,1.1,12.0,0,.286,1.0344827586206897,0.39,0.39,+1,+17
256,2025,Tidjane Salaün,19,CHO,PF,80,76,15.0,1.0,3.0,.333,0.8,2.5,.300,0.3,0.5,.500,.458,0.3,0.5,.500,0.5,2.3,2.8,1.0,0.5,0.0,0.3,0.3,3.0,0,.333,1.0,0.39,0.39,-1,-2
257,2025,Luke Kornet,29,BOS,C,82,77,19.0,1.9,2.9,.650,0.0,0.0,0,1.9,2.9,.650,.650,2.0,2.1,.933,2.3,1.9,4.1,1.7,0.6,1.0,0.6,1.6,5.7,0,.857,1.9655172413793105,0.38,0.38,=,-2
258,2025,Jordan Clarkson,32,UTA,SG,81,78,24.4,4.6,11.8,.390,1.0,5.2,.192,3.6,6.6,.545,.432,2.8,4.0,.700,0.6,3.2,3.8,3.4,0.4,0.2,2.2,1.6,13.0,0,.000,1.1016949152542372,0.37,0.37,=,-1
259,2025,Julian Phillips,21,CHI,SF,82,76,13.8,1.3,3.8,.348,0.8,2.7,.313,0.5,1.2,.429,.457,0.7,0.8,.800,0.5,1.0,1.5,0.5,0.8,0.0,0.7,1.0,4.2,0,.500,1.105263157894737,0.37,0.37,=,-3
260,2025,Kyshawn George,21,WAS,SG,82,79,25.4,2.0,7.0,.286,0.4,4.4,.091,1.6,2.6,.615,.314,0.8,1.2,.667,0.6,3.2,3.8,2.4,1.0,1.6,1.0,4.0,5.2,0,.400,0.7428571428571429,0.35,0.35,=,-1
261,2025,Jeremiah Robinson-Earl,24,NOP,PF,82,75,11.7,1.4,3.1,.455,0.7,1.3,.556,0.7,1.9,.385,.568,0.4,0.4,1.000,1.7,1.0,2.7,0.9,0.3,0.0,0.7,0.7,4.0,0,.429,1.2903225806451613,0.34,0.34,=,+53
262,2025,Duncan Robinson,30,MIA,SF,81,77,16.3,2.0,7.5,.267,1.3,5.5,.227,0.8,2.0,.375,.350,0.0,0.0,0,0.0,1.0,1.0,0.5,0.0,0.5,0.5,1.5,5.3,0,.600,0.7066666666666667,0.34,0.34,=,-2
263,2025,Keaton Wallace,25,ATL,PG,80,75,14.2,2.2,4.0,.550,1.2,2.2,.545,1.0,1.8,.556,.700,0.4,0.4,1.000,0.2,1.2,1.4,1.2,0.6,0.2,0.6,1.0,6.0,0,.429,1.5,0.34,0.34,=,+23
264,2025,Jared McCain,20,PHI,PG,82,77,12.8,3.0,6.6,.455,0.4,2.0,.200,2.6,4.6,.565,.485,1.4,1.4,1.000,0.8,1.6,2.4,1.2,0.2,0.0,0.6,0.4,7.8,0,.200,1.1818181818181819,0.32,0.32,=,-2
265,2025,Vit Krejci,24,ATL,PG,79,75,14.0,1.5,3.5,.429,0.5,1.8,.286,1.0,1.8,.571,.500,1.0,1.8,.571,0.3,1.0,1.3,1.0,0.8,0.3,1.0,2.3,4.5,0,.429,1.2857142857142858,0.32,0.32,+1,+8
266,2025,Gary Harris,30,ORL,SG,82,75,17.4,1.4,4.6,.313,1.1,3.4,.333,0.3,1.1,.250,.438,0.0,0.0,0,0.4,1.1,1.6,0.4,0.1,0.6,0.4,0.4,4.0,0,.429,0.8695652173913044,0.32,0.32,-1,-23
267,2025,Hunter Tyson,24,DEN,PF,79,76,11.0,1.0,2.3,.429,0.0,1.0,.000,1.0,1.3,.750,.429,1.0,1.0,1.000,0.3,1.7,2.0,1.3,0.0,0.0,0.0,1.0,3.0,0,.500,1.3043478260869565,0.3,0.3,=,-3
268,2025,Jabari Walker,22,POR,SF,81,75,12.5,1.5,3.8,.391,0.2,1.2,.143,1.3,2.7,.500,.413,1.2,1.3,.875,1.3,2.2,3.5,0.5,0.2,0.2,0.5,1.5,4.3,0,.286,1.131578947368421,0.3,0.3,=,-5
269,2025,Guerschon Yabusele,29,PHI,PF,82,77,19.6,2.6,5.6,.464,1.2,3.4,.353,1.4,2.2,.636,.571,0.8,1.2,.667,1.4,2.4,3.8,2.0,1.4,0.4,1.8,3.6,7.2,0,.200,1.2857142857142858,0.3,0.3,=,-4
270,2025,Jalen Wilson,24,BRK,PF,82,75,21.9,2.6,5.4,.474,1.0,3.0,.333,1.6,2.4,.647,.566,1.9,2.1,.867,1.0,2.3,3.3,2.0,0.4,0.0,1.0,2.1,8.0,0,.429,1.4814814814814814,0.3,0.3,=,-9
271,2025,Jalen Duren,21,DET,C,82,82,25.6,3.6,4.0,.893,0.0,0.0,0,3.6,4.0,.893,.893,1.6,2.9,.550,3.0,7.0,10.0,2.9,0.3,1.4,2.0,3.0,8.7,0,.286,2.175,0.3,0.3,=,+16
272,2025,Bogdan Bogdanović,32,ATL,SG,76,75,28.0,2.0,6.0,.333,2.0,6.0,.333,0.0,0.0,0,.500,2.0,2.0,1.000,0.0,2.0,2.0,2.0,0.0,2.0,2.0,3.0,8.0,0,.429,1.3333333333333333,0.3,0.3,=,+8
273,2025,Donovan Clingan,20,POR,C,82,75,12.9,1.7,3.1,.545,0.1,0.3,.500,1.6,2.9,.550,.568,0.7,1.1,.625,2.4,3.3,5.7,0.0,0.3,1.6,0.7,2.6,4.3,0,.286,1.3870967741935483,0.29,0.29,+1,-5
274,2025,Keon Ellis,25,SAC,SG,81,76,17.8,2.0,3.8,.526,0.8,2.2,.364,1.2,1.6,.750,.632,1.2,1.4,.857,0.8,1.2,2.0,1.0,1.4,1.4,0.6,2.0,6.0,0,.500,1.5789473684210527,0.29,0.29,+1,-7
275,2025,Taylor Hendricks,21,UTA,PF,79,79,25.0,1.3,6.0,.222,1.0,4.0,.250,0.3,2.0,.167,.306,1.0,1.3,.750,1.7,3.3,5.0,0.7,1.7,1.3,0.7,2.7,4.7,0,.000,0.7833333333333333,0.29,0.29,-2,-9
276,2025,Keyonte George,21,UTA,SG,82,82,31.7,4.5,14.8,.303,2.0,8.5,.235,2.5,6.3,.395,.371,2.7,3.5,.762,0.7,2.5,3.2,6.5,0.5,0.0,3.7,1.0,13.7,0,.000,0.9256756756756755,0.28,0.28,=,-7
277,2025,Jericho Sims,26,NYK,C,82,77,13.8,0.8,1.2,.667,0.0,0.0,0,0.8,1.2,.667,.667,0.0,0.0,0,1.6,2.6,4.2,0.2,0.0,0.6,0.6,1.4,1.6,0,.600,1.3333333333333335,0.28,0.28,=,-7
278,2025,Ben Sheppard,23,IND,SG,82,76,18.2,2.8,5.2,.548,1.8,3.7,.500,1.0,1.5,.667,.726,0.0,0.0,0,0.5,1.8,2.3,0.8,0.2,0.3,0.2,1.8,7.5,0,.333,1.4423076923076923,0.27,0.27,=,-7
279,2025,Corey Kispert,25,WAS,SF,82,77,30.4,4.2,10.8,.389,2.0,7.0,.286,2.2,3.8,.579,.481,1.0,1.2,.833,0.0,2.8,2.8,1.8,0.4,0.0,0.8,1.8,11.4,0,.400,1.0555555555555556,0.25,0.25,=,-5
280,2025,Josh Minott,22,MIN,SF,77,76,10.0,2.0,4.0,.500,0.0,2.0,.000,2.0,2.0,1.000,.500,0.0,0.0,0,0.0,2.0,2.0,0.0,0.0,0.0,1.0,2.0,4.0,0,.500,1.0,0.23,0.23,=,-5
281,2025,Nick Smith Jr.,20,CHO,SG,77,76,10.0,2.0,5.0,.400,0.0,2.0,.000,2.0,3.0,.667,.400,0.0,0.0,0,0.0,1.0,1.0,0.0,0.0,0.0,0.0,1.0,4.0,0,.333,0.8,0.23,0.23,=,-5
282,2025,Simone Fontecchio,29,DET,SF,82,75,19.4,1.7,5.3,.324,1.1,3.6,.320,0.6,1.7,.333,.432,1.6,2.0,.786,1.0,2.6,3.6,0.4,0.0,0.1,0.7,1.0,6.1,0,.286,1.150943396226415,0.23,0.23,=,+10
283,2025,Jamison Battle,23,TOR,SF,81,75,15.3,2.2,4.7,.464,1.3,3.5,.381,0.8,1.2,.714,.607,1.0,1.3,.750,1.2,2.0,3.2,0.8,0.0,0.3,0.0,2.0,6.7,0,.286,1.425531914893617,0.23,0.23,=,-5
284,2025,Pat Connaughton,32,MIL,SG,82,76,16.0,1.3,4.5,.296,0.8,3.2,.263,0.5,1.3,.375,.389,0.3,0.3,1.000,0.7,2.5,3.2,1.3,0.0,0.2,0.7,1.3,3.8,0,.167,0.8444444444444444,0.22,0.22,=,-3
285,2025,Svi Mykhailiuk,27,UTA,SF,77,76,15.0,2.0,6.0,.333,2.0,5.0,.400,0.0,1.0,.000,.500,0.0,0.0,0,0.0,1.0,1.0,2.0,1.0,0.0,2.0,2.0,6.0,0,.000,1.0,0.21,0.21,=,-3
286,2025,Kentavious Caldwell-Pope,31,ORL,SG,82,82,28.1,1.9,5.9,.317,1.0,4.6,.219,0.9,1.3,.667,.402,1.3,1.3,1.000,0.4,0.9,1.3,1.3,1.1,0.7,0.6,2.4,6.0,0,.429,1.0169491525423728,0.2,0.2,=,-7
287,2025,Moussa Diabaté,23,CHO,PF,82,76,12.0,1.2,2.0,.583,0.0,0.0,0,1.2,2.0,.583,.583,0.5,1.3,.375,2.2,2.2,4.3,0.5,0.2,0.3,0.5,1.5,2.8,0,.333,1.4,0.19,0.19,=,-4
288,2025,Herbert Jones,26,NOP,SF,79,79,28.3,3.0,6.3,.480,0.5,2.8,.182,2.5,3.5,.714,.520,0.3,0.5,.500,1.0,1.5,2.5,1.0,1.8,0.3,1.3,2.3,6.8,0,.429,1.0793650793650793,0.18,0.18,=,-11
289,2025,Rayan Rupert,20,POR,SG,81,75,11.7,2.2,3.8,.565,0.8,1.7,.500,1.3,2.2,.615,.674,0.3,0.5,.667,0.5,1.2,1.7,0.3,0.8,0.2,0.3,1.3,5.5,0,.286,1.4473684210526316,0.18,0.18,=,-4
290,2025,Ron Holland,19,DET,SF,82,75,14.1,2.3,4.7,.485,0.1,1.6,.091,2.1,3.1,.682,.500,0.4,0.4,1.000,0.1,2.4,2.6,0.6,0.4,0.1,0.7,1.7,5.1,0,.286,1.0851063829787233,0.17,0.17,=,+3
291,2025,Isaiah Stewart,23,DET,C,82,75,18.7,0.9,2.0,.429,0.0,0.4,.000,0.9,1.6,.545,.429,1.3,1.3,1.000,2.4,4.0,6.4,1.9,0.7,1.3,1.6,3.7,3.0,0,.286,1.5,0.15,0.15,=,-2
292,2025,Eric Gordon,36,PHI,SG,82,78,22.6,2.4,5.8,.414,1.0,3.2,.313,1.4,2.6,.538,.500,1.8,2.4,.750,0.2,0.6,0.8,1.4,0.0,0.2,0.6,1.0,7.6,0,.200,1.3103448275862069,0.15,0.15,=,-4
293,2025,Kyle Filipowski,21,UTA,C,81,78,14.4,2.2,4.4,.500,0.8,2.4,.333,1.4,2.0,.700,.591,0.0,0.4,.000,0.6,3.4,4.0,1.0,0.2,0.0,1.2,1.8,5.2,0,.000,1.1818181818181817,0.14,0.14,+1,-2
294,2025,Jamal Cain,25,NOP,SF,79,75,13.5,2.0,3.5,.571,1.0,2.0,.500,1.0,1.5,.667,.714,1.0,1.5,.667,0.8,0.5,1.3,0.3,0.3,0.3,0.3,1.3,6.0,0,.429,1.7142857142857142,0.14,0.14,-1,-4
295,2025,Amir Coffey,27,LAC,SG,82,76,21.2,2.3,4.3,.538,0.8,1.8,.455,1.5,2.5,.600,.635,1.0,1.5,.667,0.3,1.3,1.7,0.7,0.7,0.0,0.7,1.7,6.5,0,.333,1.5116279069767442,0.13,0.13,=,-1
296,2025,Javonte Green,31,NOP,SG,82,76,21.0,1.7,3.1,.545,0.6,1.4,.400,1.1,1.7,.667,.636,1.3,1.4,.900,1.0,2.6,3.6,0.7,1.4,0.7,0.6,1.1,5.3,0,.429,1.7096774193548385,0.13,0.13,=,-12
297,2025,Pelle Larsson,23,MIA,SG,79,77,10.0,2.0,2.5,.800,0.5,1.0,.500,1.5,1.5,1.000,.900,0.0,0.0,0,0.0,0.5,0.5,1.0,1.0,0.0,1.0,0.5,4.5,0,.600,1.8,0.12,0.12,=,-2
298,2025,Delon Wright,32,MIL,PG,82,76,14.5,1.0,2.2,.462,0.5,1.2,.429,0.5,1.0,.500,.577,0.0,0.0,0,0.0,0.7,0.7,1.0,0.3,0.3,0.5,1.0,2.5,0,.167,1.1363636363636362,0.11,0.11,=,-2
299,2025,Gary Trent Jr.,26,MIL,SG,82,82,31.0,2.7,8.7,.308,1.5,6.0,.250,1.2,2.7,.438,.394,1.8,2.0,.917,0.0,1.5,1.5,1.0,1.0,0.0,0.8,2.8,8.7,0,.167,1.0,0.1,0.1,=,-2
300,2025,Brice Sensabaugh,21,UTA,SF,82,76,14.8,2.2,4.7,.464,1.3,3.0,.444,0.8,1.7,.500,.607,0.7,0.8,.800,0.8,1.3,2.2,0.7,0.5,0.0,1.2,0.5,6.3,0,.000,1.3404255319148934,0.09,0.09,=,-2
301,2025,Patty Mills,36,UTA,PG,82,76,15.7,1.0,3.3,.300,0.7,2.7,.250,0.3,0.7,.500,.400,0.0,0.0,0,0.2,0.7,0.8,1.0,0.7,0.3,0.8,0.7,2.7,0,.000,0.8181818181818182,0.09,0.09,=,-2
302,2025,Cody Williams,20,UTA,SG,82,79,22.3,1.2,5.8,.200,0.5,3.7,.136,0.7,2.2,.308,.243,0.7,0.7,1.000,0.7,2.2,2.8,1.0,0.5,0.2,0.8,1.2,3.5,0,.000,0.603448275862069,0.08,0.08,=,-2
303,2025,KJ Martin,24,PHI,SF,82,78,20.8,1.6,2.6,.615,0.2,0.2,1.000,1.4,2.4,.583,.654,1.2,1.6,.750,0.8,2.4,3.2,1.0,0.4,1.0,0.0,3.2,4.6,0,.200,1.769230769230769,0.06,0.06,=,-1
304,2025,Johnny Juzang,23,UTA,SG,79,76,15.7,1.3,4.3,.308,1.0,3.3,.300,0.3,1.0,.333,.423,2.0,2.0,1.000,0.7,0.7,1.3,0.3,1.0,0.0,1.0,1.7,5.7,0,.000,1.3255813953488373,0.06,0.06,=,-3
305,2025,Drew Eubanks,27,UTA,C,80,76,12.5,1.3,2.3,.556,0.3,0.5,.500,1.0,1.8,.571,.611,1.0,1.3,.800,1.5,2.0,3.5,1.3,0.3,1.0,1.3,1.3,3.8,0,.000,1.6521739130434783,0.05,0.05,=,-2
306,2025,Jaxson Hayes,24,LAL,C,82,76,15.7,2.0,2.2,.923,0.0,0.0,0,2.0,2.2,.923,.923,1.0,1.0,1.000,1.7,2.5,4.2,1.2,0.3,0.7,0.8,2.5,5.0,0,.667,2.2727272727272725,0.04,0.04,=,-1
307,2025,John Konchar,28,MEM,SG,78,75,19.0,1.3,2.0,.667,1.3,2.0,.667,0.0,0.0,0,1.000,1.0,1.3,.750,1.0,3.7,4.7,1.0,0.7,0.7,0.7,1.3,5.0,0,.571,2.5,0.04,0.04,=,-3
308,2025,Steven Adams,31,HOU,C,78,76,12.0,1.5,1.5,1.000,0.0,0.0,0,1.5,1.5,1.000,1.000,0.0,0.5,.000,1.0,1.0,2.0,1.5,0.5,0.0,0.5,2.5,3.0,0,.500,2.0,0.03,0.03,=,-2
309,2025,Bruno Fernando,26,TOR,C,79,75,9.5,1.3,3.0,.417,0.0,0.0,0,1.3,3.0,.417,.417,1.0,1.0,1.000,2.3,2.0,4.3,0.5,0.3,0.8,1.5,2.5,3.5,0,.286,1.1666666666666667,0.0,0.0,+80,+7
310,2025,Tyler Kolek,23,NYK,PG,80,77,4.7,1.0,1.7,.600,0.3,0.3,1.000,0.7,1.3,.500,.700,1.3,1.3,1.000,0.0,0.3,0.3,0.0,0.3,0.0,1.0,0.0,3.7,0,.600,2.1764705882352944,0.0,0.0,+80,+2
311,2025,Jarace Walker,21,IND,PF,82,76,9.0,1.3,3.0,.444,0.5,1.5,.333,0.8,1.5,.556,.528,0.7,0.7,1.000,0.5,1.0,1.5,0.8,1.0,0.0,1.0,1.5,3.8,0,.333,1.2666666666666666,0.0,0.0,+80,=
312,2025,Keon Johnson,22,BRK,SG,81,75,9.3,1.5,3.0,.500,0.3,1.5,.222,1.2,1.5,.778,.556,0.5,0.7,.750,0.3,2.0,2.3,0.3,0.5,0.3,0.2,1.3,3.8,0,.429,1.2666666666666666,0.0,0.0,+80,+3
313,2025,PJ Dozier,28,MIN,SG,77,76,3.0,1.0,1.0,1.000,1.0,1.0,1.000,0.0,0.0,0,1.500,1.0,2.0,.500,0.0,1.0,1.0,0.0,0.0,0.0,0.0,0.0,4.0,0,.500,4.0,0.0,0.0,+81,-6
314,2025,Luke Travers,23,CLE,SG,76,75,4.0,1.0,1.0,1.000,0.0,0.0,0,1.0,1.0,1.000,1.000,2.0,2.0,1.000,1.0,1.0,2.0,2.0,0.0,1.0,0.0,0.0,4.0,0,1.000,4.0,0.0,0.0,+79,-6
315,2025,James Wiseman,23,IND,C,77,76,5.0,2.0,4.0,.500,0.0,1.0,.000,2.0,3.0,.667,.500,2.0,2.0,1.000,0.0,1.0,1.0,0.0,0.0,0.0,0.0,0.0,6.0,0,.333,1.5,0.0,0.0,+85,+12
316,2025,Marvin Bagley III,25,WAS,PF,82,77,6.4,1.6,3.2,.500,0.0,0.6,.000,1.6,2.6,.615,.500,1.0,1.4,.714,1.4,1.8,3.2,0.2,0.0,0.2,0.6,0.2,4.2,0,.400,1.3125,0.0,0.0,+79,+84
317,2025,Patrick Baldwin Jr.,22,WAS,SF,81,77,5.0,1.8,3.3,.538,0.8,1.5,.500,1.0,1.8,.571,.654,0.0,0.0,0,0.3,0.8,1.0,0.3,0.3,0.3,0.0,0.5,4.3,0,.400,1.303030303030303,0.0,0.0,+79,+20
318,2025,Jock Landale,29,HOU,C,80,76,9.0,2.0,3.0,.667,0.5,0.5,1.000,1.5,2.5,.600,.750,0.8,1.0,.750,1.3,1.0,2.3,0.8,0.0,0.0,0.3,0.5,5.3,0,.500,1.7666666666666666,0.0,0.0,+79,-9
319,2025,Jared Butler,24,WAS,SG,81,77,9.0,2.0,3.8,.533,0.3,0.5,.500,1.8,3.3,.538,.567,1.0,1.5,.667,0.0,0.8,0.8,2.3,0.8,0.3,0.5,0.5,5.3,0,.400,1.3947368421052633,0.0,0.0,+79,-9
320,2025,Dalano Banton,25,POR,SF,80,75,6.8,2.0,3.0,.667,0.6,1.2,.500,1.4,1.8,.778,.767,1.0,2.0,.500,0.2,0.4,0.6,1.4,0.4,0.4,0.8,0.8,5.6,0,.286,1.8666666666666665,0.0,0.0,+79,+2
321,2025,Enrique Freeman,24,IND,PF,78,76,8.0,0.5,0.5,1.000,0.0,0.0,0,0.5,0.5,1.000,1.000,1.0,1.0,1.000,0.5,0.0,0.5,0.0,0.0,0.5,0.5,1.0,2.0,0,.333,4.0,0.0,0.0,+66,+19
322,2025,Monte Morris,29,PHO,PG,82,76,9.3,1.0,2.8,.353,0.5,1.7,.300,0.5,1.2,.429,.441,1.0,1.3,.750,0.3,0.8,1.2,1.5,0.5,0.2,0.2,0.2,3.5,0,.833,1.25,0.0,0.0,+66,-5
323,2025,Bones Hyland,24,LAC,PG,77,76,4.0,1.0,3.0,.333,1.0,2.0,.500,0.0,1.0,.000,.500,0.0,0.0,0,0.0,0.0,0.0,0.0,0.0,1.0,0.0,0.0,3.0,0,.333,1.0,0.0,0.0,+58,+3
324,2025,A.J. Green,25,MIL,SG,81,76,7.2,1.0,2.2,.455,1.0,2.2,.455,0.0,0.0,0,.682,0.4,0.4,1.000,0.0,0.4,0.4,0.6,0.2,0.0,0.2,0.2,3.4,0,.167,1.5454545454545452,0.0,0.0,+62,-6
325,2025,Blake Wesley,21,SAS,SG,82,76,7.8,1.2,3.3,.350,0.2,1.2,.143,1.0,2.2,.462,.375,0.7,1.0,.667,0.3,0.3,0.7,1.0,0.0,0.0,0.8,0.3,3.2,0,.500,0.9696969696969698,0.0,0.0,+60,+11
326,2025,Chris Duarte,27,CHI,SG,78,76,3.0,1.0,1.0,1.000,1.0,1.0,1.000,0.0,0.0,0,1.500,0.0,0.0,0,0.0,0.0,0.0,0.5,0.0,0.0,0.0,0.0,3.0,0,.500,3.0,0.0,0.0,+58,-3
327,2025,Collin Gillespie,25,PHO,PG,77,76,3.0,1.0,2.0,.500,1.0,1.0,1.000,0.0,1.0,.000,.750,0.0,0.0,0,0.0,0.0,0.0,0.0,0.0,0.0,0.0,0.0,3.0,0,.833,1.5,0.0,0.0,+56,-3
328,2025,Aaron Holiday,28,HOU,PG,78,76,9.5,1.0,2.5,.400,1.0,2.0,.500,0.0,0.5,.000,.600,0.0,0.0,0,0.0,0.0,0.0,2.5,0.5,0.0,0.5,0.0,3.0,0,.500,1.2,0.0,0.0,+54,-3
329,2025,Taj Gibson,39,CHO,PF,77,76,4.0,1.0,4.0,.250,0.0,0.0,0,1.0,4.0,.250,.250,0.0,0.0,0,4.0,0.0,4.0,0.0,0.0,0.0,0.0,1.0,2.0,0,.333,0.5,0.0,0.0,+73,+38
330,2025,Doug McDermott,33,SAC,SF,80,77,6.8,0.8,2.3,.333,0.8,2.0,.375,0.0,0.3,.000,.500,0.8,1.3,.600,0.0,0.3,0.3,0.0,0.0,0.0,0.0,1.0,3.0,0,.500,1.3043478260869565,0.0,0.0,+50,-9
331,2025,Zeke Nnaji,24,DEN,PF,78,76,3.0,1.5,2.0,.750,0.0,0.5,.000,1.5,1.5,1.000,.750,0.0,0.0,0,0.0,0.0,0.0,0.5,0.0,0.5,0.0,1.5,3.0,0,.500,1.5,0.0,0.0,+48,-2
332,2025,Johnny Davis,22,WAS,SG,81,77,8.5,1.3,2.3,.556,0.0,0.3,.000,1.3,2.0,.625,.556,0.3,0.5,.500,0.5,1.5,2.0,0.5,0.3,0.0,0.0,0.8,2.8,0,.400,1.2173913043478262,0.0,0.0,+46,-1
333,2025,Kai Jones,24,LAC,C,82,76,9.7,1.2,1.8,.636,0.0,0.0,0,1.2,1.8,.636,.636,0.5,0.8,.600,1.5,1.2,2.7,0.5,0.0,0.8,0.3,1.0,2.8,0,.333,1.5555555555555554,0.0,0.0,+44,-1
334,2025,Paul Reed,25,DET,PF,77,75,7.0,1.0,2.5,.400,0.0,0.5,.000,1.0,2.0,.500,.400,0.5,0.5,1.000,1.0,0.5,1.5,1.0,0.5,1.0,1.0,0.5,2.5,0,.286,1.0,0.0,0.0,+42,-1
335,2025,Reed Sheppard,20,HOU,SG,82,76,8.3,1.0,2.5,.400,0.5,1.2,.429,0.5,1.3,.375,.500,0.0,0.0,0,0.2,0.5,0.7,1.3,0.2,0.2,0.7,1.0,2.5,0,.500,1.0,0.0,0.0,+40,-1
336,2025,Tristan Thompson,33,CLE,PF,79,75,5.8,1.3,1.5,.833,0.0,0.0,0,1.3,1.5,.833,.833,0.0,1.3,.000,0.0,1.3,1.3,0.3,0.0,0.0,0.5,0.3,2.5,0,1.000,1.6666666666666667,0.0,0.0,+38,-1
337,2025,Ricky Council IV,23,PHI,SG,81,77,7.0,0.5,1.5,.333,0.3,0.8,.333,0.3,0.8,.333,.417,1.0,1.0,1.000,0.0,0.5,0.5,0.8,0.0,0.0,0.3,0.3,2.3,0,.200,1.5333333333333332,0.0,0.0,+36,-9
338,2025,Ulrich Chomche,19,TOR,PF,76,75,5.0,1.0,1.0,1.000,0.0,0.0,0,1.0,1.0,1.000,1.000,0.0,0.0,0,0.0,1.0,1.0,0.0,0.0,0.0,0.0,0.0,2.0,0,.286,2.0,0.0,0.0,+63,+1
339,2025,Jordan Walsh,20,BOS,SF,81,75,9.5,0.5,2.0,.250,0.3,1.7,.200,0.2,0.3,.500,.333,0.0,0.0,0,0.2,0.5,0.7,0.2,0.2,0.2,0.0,0.5,1.3,0,.857,0.65,0.0,0.0,+70,-26
340,2025,Adem Bona,21,PHI,PF,81,77,2.0,0.5,0.5,1.000,0.0,0.0,0,0.5,0.5,1.000,1.000,0.0,0.0,0,0.5,0.0,0.5,0.0,0.0,0.3,0.3,0.5,1.0,0,.200,2.0,0.0,0.0,+63,+47
341,2025,Mouhamed Gueye,22,ATL,PF,76,75,3.0,1.0,2.0,.500,0.0,1.0,.000,1.0,1.0,1.000,.500,0.0,0.0,0,0.0,0.0,0.0,0.0,0.0,0.0,0.0,0.0,2.0,0,.429,1.0,0.0,0.0,+78,=
342,2025,Caleb Houstan,22,ORL,SF,79,75,5.3,0.8,1.8,.429,0.5,1.0,.500,0.3,0.8,.333,.571,0.0,0.0,0,0.3,0.5,0.8,0.0,0.0,0.0,0.0,1.0,2.0,0,.429,1.1111111111111112,0.0,0.0,+90,=
343,2025,Quenton Jackson,26,IND,PG,77,76,4.0,0.0,1.0,.000,0.0,1.0,.000,0.0,0.0,0,.000,2.0,2.0,1.000,1.0,0.0,1.0,2.0,1.0,0.0,0.0,1.0,2.0,0,.333,2.0,0.0,0.0,+88,=
344,2025,James Johnson,37,IND,PF,77,76,4.0,1.0,1.0,1.000,0.0,0.0,0,1.0,1.0,1.000,1.000,0.0,0.0,0,0.0,0.0,0.0,1.0,0.0,1.0,1.0,0.0,2.0,0,.333,2.0,0.0,0.0,+86,+1
345,2025,Alex Reese,25,OKC,PF,77,76,2.0,1.0,1.0,1.000,0.0,0.0,0,1.0,1.0,1.000,1.000,0.0,0.0,0,1.0,0.0,1.0,0.0,0.0,0.0,0.0,0.0,2.0,0,1.000,2.0,0.0,0.0,+84,+2
346,2025,Liam Robbins,25,MIL,C,77,76,5.0,1.0,1.0,1.000,0.0,0.0,0,1.0,1.0,1.000,1.000,0.0,2.0,.000,0.0,0.0,0.0,0.0,0.0,0.0,0.0,0.0,2.0,0,.167,2.0,0.0,0.0,+82,+2
347,2025,Adama Sanogo,22,CHI,C,78,76,4.5,1.0,2.0,.500,0.0,0.0,0,1.0,2.0,.500,.500,0.0,0.0,0,0.5,0.0,0.5,0.5,0.0,0.0,0.0,0.5,2.0,0,.500,1.0,0.0,0.0,+80,+2
348,2025,Baylor Scheierman,24,BOS,SG,77,75,5.0,0.5,1.5,.333,0.0,1.0,.000,0.5,0.5,1.000,.333,1.0,1.0,1.000,0.0,0.5,0.5,0.0,0.0,0.0,0.0,0.5,2.0,0,.857,1.3333333333333333,0.0,0.0,+78,+2
349,2025,Pat Spencer,28,GSW,PG,78,76,2.0,1.0,1.5,.667,0.0,0.0,0,1.0,1.5,.667,.667,0.0,0.0,0,0.0,0.0,0.0,0.5,0.0,0.0,0.0,0.0,2.0,0,.833,1.3333333333333333,0.0,0.0,+76,+2
350,2025,Dalen Terry,22,CHI,SG,82,76,9.3,0.7,1.8,.364,0.0,0.3,.000,0.7,1.5,.444,.364,0.7,1.0,.667,0.2,0.8,1.0,0.5,0.5,0.3,0.3,1.5,2.0,0,.500,1.1111111111111112,0.0,0.0,+74,+2
351,2025,MarJon Beauchamp,24,MIL,SF,81,76,2.6,0.6,1.8,.333,0.2,1.0,.200,0.4,0.8,.500,.389,0.4,0.4,1.000,0.2,0.2,0.4,0.0,0.2,0.0,0.8,0.6,1.8,0,.167,1.0,0.0,0.0,+72,+2
352,2025,Andre Jackson Jr.,23,MIL,SG,81,76,9.4,0.8,1.6,.500,0.2,0.8,.250,0.6,0.8,.750,.563,0.0,0.4,.000,0.4,1.4,1.8,1.0,0.8,0.2,1.2,2.6,1.8,0,.167,1.125,0.0,0.0,+70,+2
353,2025,Jaylon Tyson,22,CLE,SG,79,75,5.3,0.5,1.0,.500,0.5,0.5,1.000,0.0,0.5,.000,.750,0.3,0.5,.500,0.0,1.0,1.0,0.5,0.0,0.0,0.8,1.8,1.8,0,1.000,1.8,0.0,0.0,+68,+2
354,2025,Goga Bitadze,25,ORL,C,78,75,5.7,0.7,1.3,.500,0.0,0.3,.000,0.7,1.0,.667,.500,0.3,0.7,.500,0.7,1.0,1.7,0.3,0.0,0.3,0.7,0.3,1.7,0,.429,1.3076923076923077,0.0,0.0,+66,+2
355,2025,Pacome Dadiet,19,NYK,SG,80,77,7.7,0.7,1.7,.400,0.3,0.7,.500,0.3,1.0,.333,.500,0.0,0.0,0,0.0,1.0,1.0,0.0,0.0,0.0,0.3,0.7,1.7,0,.600,1.0,0.0,0.0,+63,-35
356,2025,Adam Flagler,25,OKC,SG,80,76,1.8,0.5,0.5,1.000,0.5,0.5,1.000,0.0,0.0,0,1.500,0.0,0.0,0,0.0,0.3,0.3,0.0,0.3,0.0,0.0,0.5,1.5,0,1.000,3.0,0.0,0.0,+48,+2
357,2025,Reggie Jackson,34,PHI,PG,79,77,6.0,0.5,3.0,.167,0.5,2.0,.250,0.0,1.0,.000,.250,0.0,0.0,0,0.0,0.0,0.0,1.5,0.0,0.0,0.5,0.0,1.5,0,.200,0.5,0.0,0.0,+60,+2
358,2025,Matas Buzelis,20,CHI,SF,81,76,5.6,0.4,2.2,.182,0.0,1.0,.000,0.4,1.2,.333,.182,0.2,0.4,.500,0.2,0.4,0.6,0.6,0.2,0.0,0.2,1.0,1.0,0,.500,0.45454545454545453,0.0,0.0,+13,+27
359,2025,Cory Joseph,33,ORL,PG,79,75,5.0,0.5,1.5,.333,0.5,1.0,.500,0.0,0.5,.000,.500,0.0,0.0,0,0.5,0.3,0.8,0.8,0.0,0.3,0.3,0.0,1.5,0,.429,1.0,0.0,0.0,+57,-13
360,2025,Jaylen Martin,21,BRK,SF,77,75,1.5,0.5,0.5,1.000,0.5,0.5,1.000,0.0,0.0,0,1.500,0.0,0.0,0,0.0,0.0,0.0,0.0,0.0,0.0,0.0,0.5,1.5,0,.429,3.0,0.0,0.0,+55,=
361,2025,Duop Reath,28,POR,C,79,75,3.5,0.5,1.5,.333,0.5,1.0,.500,0.0,0.5,.000,.500,0.0,0.0,0,0.3,0.3,0.5,0.5,0.0,0.3,0.3,0.0,1.5,0,.286,1.0,0.0,0.0,+53,+1
362,2025,Ryan Rollins,22,MIL,PG,80,76,2.5,0.3,0.5,.500,0.3,0.5,.500,0.0,0.0,0,.750,0.8,1.0,.750,0.0,0.0,0.0,0.3,0.0,0.3,0.3,0.5,1.5,0,.167,3.0,0.0,0.0,+51,-24
363,2025,Tyler Smith,20,MIL,PF,81,76,3.0,0.6,1.0,.600,0.2,0.6,.333,0.4,0.4,1.000,.700,0.0,0.0,0,0.2,0.4,0.6,0.0,0.0,0.0,0.2,0.6,1.4,0,.167,1.4,0.0,0.0,+49,=
364,2025,Talen Horton-Tucker,24,CHI,SG,80,76,5.0,0.3,0.8,.333,0.3,0.5,.500,0.0,0.3,.000,.500,0.5,1.0,.500,0.3,0.8,1.0,0.5,0.0,0.0,0.8,0.0,1.3,0,.500,1.625,0.0,0.0,+47,=
365,2025,Alex Len,31,SAC,C,80,76,6.8,0.5,1.3,.400,0.0,0.3,.000,0.5,1.0,.500,.400,0.3,0.5,.500,0.0,2.3,2.3,1.3,0.3,0.5,0.8,1.0,1.3,0,.500,1.0,0.0,0.0,+45,=
366,2025,Dillon Jones,23,OKC,SF,82,76,4.2,0.5,1.3,.375,0.2,0.8,.200,0.3,0.5,.667,.438,0.0,0.0,0,0.3,0.7,1.0,0.5,0.2,0.0,0.2,0.8,1.2,0,1.000,0.923076923076923,0.0,0.0,+42,+2
367,2025,Dwight Powell,33,DAL,C,81,76,3.6,0.4,0.4,1.000,0.0,0.0,0,0.4,0.4,1.000,1.000,0.4,0.8,.500,0.6,0.4,1.0,0.0,0.0,0.4,0.4,1.0,1.2,0,.667,2.9999999999999996,0.0,0.0,+40,-6
368,2025,Trey Alexander,21,DEN,SG,78,76,3.0,0.5,1.5,.333,0.0,0.5,.000,0.5,1.0,.500,.333,0.0,0.0,0,0.0,0.5,0.5,0.0,0.0,0.0,0.0,0.0,1.0,0,.500,0.6666666666666666,0.0,0.0,+38,+2
369,2025,Reece Beekman,23,GSW,PG,78,76,2.0,0.5,0.5,1.000,0.0,0.0,0,0.5,0.5,1.000,1.000,0.0,0.0,0,0.5,0.0,0.5,0.5,0.5,0.0,0.0,0.5,1.0,0,.833,2.0,0.0,0.0,+36,+19
370,2025,Sandro Mamukelashvili,25,SAS,PF,80,76,6.5,1.3,2.0,.625,0.5,1.0,.500,0.8,1.0,.750,.750,0.3,0.3,1.000,0.3,2.3,2.5,0.3,0.0,0.3,0.8,0.8,3.3,0,.500,1.65,0.0,0.0,+2,-51
371,2025,Dru Smith,27,MIA,SG,81,77,7.0,0.5,1.5,.333,0.0,0.3,.000,0.5,1.3,.400,.333,0.0,0.0,0,0.5,1.3,1.8,0.5,0.0,1.0,0.5,0.8,1.0,0,.600,0.6666666666666666,0.0,0.0,-46,+9
372,2025,Jeenathan Williams,25,HOU,SG,77,76,2.0,1.0,1.0,1.000,1.0,1.0,1.000,0.0,0.0,0,1.500,0.0,0.0,0,0.0,2.0,2.0,0.0,0.0,0.0,0.0,0.0,3.0,0,.500,3.0,0.0,0.0,-2,-42
373,2025,Craig Porter Jr.,24,CLE,PG,79,75,4.8,0.5,1.3,.400,0.0,0.5,.000,0.5,0.8,.667,.400,0.0,0.0,0,0.0,0.8,0.8,1.0,0.0,0.5,0.0,0.0,1.0,0,1.000,0.7692307692307692,0.0,0.0,-50,+9
374,2025,Justin Champagnie,23,WAS,SF,78,77,4.0,0.0,0.0,0,0.0,0.0,0,0.0,0.0,0,0,0.0,0.0,0,1.0,1.0,2.0,1.0,0.0,0.0,0.0,3.0,0.0,0,.400,0.0,0.0,0.0,-37,+20
375,2025,Jacob Toppin,24,NYK,SF,80,77,3.3,0.3,0.7,.500,0.0,0.3,.000,0.3,0.3,1.000,.500,0.0,0.0,0,0.0,0.3,0.3,0.3,0.0,0.0,0.0,0.0,0.7,0,.600,1.0,0.0,0.0,-39,+14
376,2025,Antonio Reeves,24,NOP,SG,78,75,2.7,0.3,2.7,.125,0.3,2.0,.167,0.0,0.7,.000,.188,0.0,0.0,0,0.0,0.7,0.7,0.0,0.0,0.0,0.3,0.0,1.0,0,.429,0.37037037037037035,0.0,0.0,-41,+53
377,2025,AJ Johnson,20,MIL,SG,79,76,2.0,0.3,1.0,.333,0.0,0.0,0,0.3,1.0,.333,.333,0.0,0.0,0,0.0,0.3,0.3,0.0,0.0,0.0,0.0,0.0,0.7,0,.167,0.7,0.0,0.0,-43,-4
378,2025,Bronny James,20,LAL,SG,79,76,2.7,0.3,1.3,.250,0.0,0.7,.000,0.3,0.7,.500,.250,0.0,0.0,0,0.3,0.0,0.3,0.7,0.3,0.0,0.0,0.0,0.7,0,.667,0.5384615384615384,0.0,0.0,-45,-4
379,2025,Sidy Cissoko,20,SAS,SF,79,76,1.7,0.0,0.0,0,0.0,0.0,0,0.0,0.0,0,0,0.0,0.0,0,0.0,0.3,0.3,0.7,0.0,0.0,0.0,0.3,0.0,0,.500,0.0,0.0,0.0,-47,-7
380,2025,Anthony Gill,32,WAS,PF,80,77,2.0,0.3,1.0,.333,0.0,0.3,.000,0.3,0.7,.500,.333,0.0,0.0,0,0.0,0.0,0.0,0.7,0.3,0.0,0.3,0.3,0.7,0,.400,0.7,0.0,0.0,-49,-5
381,2025,Gui Santos,22,GSW,PF,80,76,3.8,0.3,0.5,.500,0.0,0.3,.000,0.3,0.3,1.000,.500,0.3,0.5,.500,0.0,1.0,1.0,0.5,0.0,0.0,0.5,0.8,0.8,0,.833,1.6,0.0,0.0,-51,-5
382,2025,D.J. Carton,24,TOR,SG,79,75,8.3,0.3,1.8,.143,0.0,0.8,.000,0.3,1.0,.250,.143,0.3,0.3,1.000,0.0,1.0,1.0,0.8,0.5,0.0,1.0,0.3,0.8,0,.286,0.4444444444444445,0.0,0.0,-53,+9
383,2025,Brandon Williams,25,DAL,PG,78,76,3.5,0.0,2.0,.000,0.0,1.0,.000,0.0,1.0,.000,.000,1.0,1.5,.667,0.0,0.5,0.5,0.5,0.0,0.0,0.0,0.5,1.0,0,.667,0.5,0.0,0.0,-55,+48
384,2025,Kel'el Ware,20,MIA,C,79,77,4.5,0.5,2.0,.250,0.0,1.0,.000,0.5,1.0,.500,.250,0.0,0.0,0,0.0,1.5,1.5,0.0,0.0,0.0,0.5,0.5,1.0,0,.600,0.5,0.0,0.0,-57,-6
385,2025,Garrett Temple,38,TOR,SG,77,75,4.5,0.5,1.0,.500,0.0,0.5,.000,0.5,0.5,1.000,.500,0.0,0.0,0,0.0,0.0,0.0,1.0,0.5,0.0,0.0,1.0,1.0,0,.286,1.0,0.0,0.0,-59,-6
386,2025,Marcus Sasser,24,DET,PG,79,75,6.3,0.5,0.8,.667,0.0,0.3,.000,0.5,0.5,1.000,.667,0.0,0.0,0,0.3,0.3,0.5,0.8,0.3,0.0,0.3,0.3,1.0,0,.286,1.25,0.0,0.0,-62,-20
387,2025,Dario Šarić,30,DEN,PF,81,76,8.8,0.4,2.4,.167,0.0,0.6,.000,0.4,1.8,.222,.167,0.2,0.4,.500,0.8,0.8,1.6,0.2,0.2,0.0,0.4,0.6,1.0,0,.500,0.4166666666666667,0.0,0.0,-65,-6
388,2025,Trey Jemison,25,NOP,C,77,75,2.5,0.5,2.0,.250,0.0,0.0,0,0.5,2.0,.250,.250,0.0,0.0,0,1.5,1.0,2.5,0.0,0.0,0.0,0.0,0.0,1.0,0,.429,0.5,0.0,0.0,-19,-44
389,2025,Yongxi Cui,21,BRK,SG,77,75,1.5,0.0,0.0,0,0.0,0.0,0,0.0,0.0,0,0,0.5,1.0,.500,0.0,0.0,0.0,0.0,0.0,0.0,0.0,0.0,0.5,0,.429,0.0,0.0,0.0,-68,+1
390,2025,Shake Milton,28,BRK,SG,81,75,7.3,0.3,1.3,.250,0.3,1.2,.286,0.0,0.2,.000,.375,0.0,0.0,0,0.0,0.5,0.5,0.8,0.2,0.0,0.0,0.8,1.0,0,.429,0.7692307692307692,0.0,0.0,-70,+17
391,2025,Wendell Moore Jr.,23,DET,SG,78,75,2.7,0.3,0.3,1.000,0.0,0.0,0,0.3,0.3,1.000,1.000,0.0,0.0,0,0.0,0.3,0.3,0.3,0.0,0.0,0.3,0.0,0.7,0,.286,2.3333333333333335,0.0,0.0,-72,-8
392,2025,Malevy Leons,25,OKC,0,78,76,3.5,0.0,1.0,.000,0.0,0.5,.000,0.0,0.5,.000,.000,0.5,1.0,.500,0.5,0.0,0.5,0.5,0.0,0.0,0.0,1.5,0.5,0,1.000,0.5,0.0,0.0,-74,+1
393,2025,Colin Castleton,24,MEM,C,77,75,1.0,0.0,0.0,0,0.0,0.0,0,0.0,0.0,0,0,0.0,0.0,0,0.0,0.0,0.0,0.0,0.0,0.5,0.0,0.0,0.0,0,.571,0.0,0.0,0.0,-76,+4
394,2025,Jaden Springer,22,BOS,PG,78,75,2.7,0.0,0.3,.000,0.0,0.0,0,0.0,0.3,.000,.000,0.3,0.7,.500,0.7,0.3,1.0,0.3,0.0,0.0,0.3,0.0,0.3,0,.857,1.0,0.0,0.0,-78,+5
395,2025,Jevon Carter,29,CHI,PG,77,76,4.0,0.0,1.0,.000,0.0,1.0,.000,0.0,0.0,0,.000,0.0,0.0,0,0.0,0.0,0.0,1.0,1.0,0.0,0.0,0.0,0.0,0,.500,0.0,0.0,0.0,-80,+1
396,2025,Karlo Matković,23,NOP,PF,77,75,2.5,0.5,0.5,1.000,0.0,0.0,0,0.5,0.5,1.000,1.000,0.0,0.0,0,1.5,0.5,2.0,0.0,0.0,0.5,1.0,0.5,1.0,0,.429,2.0,0.0,0.0,-82,-12
397,2025,Vlatko Čančar,27,DEN,PF,77,76,2.0,0.0,0.0,0,0.0,0.0,0,0.0,0.0,0,0,0.0,0.0,0,0.0,1.0,1.0,0.0,0.0,0.0,0.0,0.0,0.0,0,.500,0.0,0.0,0.0,-84,-5
398,2025,Jordan Miller,25,LAC,SF,77,76,4.0,0.0,0.0,0,0.0,0.0,0,0.0,0.0,0,0,1.0,2.0,.500,0.0,0.0,0.0,0.0,0.0,0.0,1.0,0.0,1.0,0,.333,0.0,0.0,0.0,-86,-29
399,2025,Dominick Barlow,21,ATL,SF,76,75,2.0,0.0,0.0,0,0.0,0.0,0,0.0,0.0,0,0,0.0,0.0,0,0.0,0.0,0.0,0.0,0.0,0.0,0.0,0.0,0.0,0,.429,0.0,0.0,0.0,-88,n/a
400,2025,Charles Bassey,24,SAS,C,79,76,2.7,0.0,0.0,0,0.0,0.0,0,0.0,0.0,0,0,0.0,0.0,0,0.0,0.3,0.3,0.3,0.3,0.3,0.0,0.0,0.0,0,.500,0.0,0.0,0.0,-90,-2
401,2025,Kobe Brown,25,LAC,PF,77,76,4.0,0.0,0.0,0,0.0,0.0,0,0.0,0.0,0,0,0.0,0.0,0,0.0,1.0,1.0,1.0,0.0,0.0,0.0,0.0,0.0,0,.333,0.0,0.0,0.0,-92,-6
402,2025,Olivier-Maxence Prosper,22,DAL,PF,80,76,3.3,0.0,0.5,.000,0.0,0.3,.000,0.0,0.3,.000,.000,0.0,0.0,0,0.5,0.0,0.5,0.0,0.0,0.0,0.0,0.5,0.0,0,.667,0.0,0.0,0.0,-64,+23
403,2025,Torrey Craig,34,CHI,SF,77,76,3.0,0.0,1.0,.000,0.0,1.0,.000,0.0,0.0,0,.000,0.0,0.0,0,0.0,2.0,2.0,0.0,0.0,0.0,0.0,1.0,0.0,0,.500,0.0,0.0,0.0,-64,-26
404,2025,Colby Jones,22,SAC,SG,79,76,2.3,0.0,0.0,0,0.0,0.0,0,0.0,0.0,0,0,0.0,0.0,0,0.0,0.0,0.0,0.0,0.0,0.3,0.3,0.3,0.0,0,.500,0.0,0.0,0.0,-64,+11
405,2025,Trevelin Queen,27,ORL,SG,76,75,3.0,0.0,0.0,0,0.0,0.0,0,0.0,0.0,0,0,0.0,0.0,0,0.0,0.0,0.0,0.0,0.0,0.0,1.0,0.0,0.0,0,.429,0.0,0.0,0.0,-64,+21
406,2025,Rob Dillingham,20,MIN,PG,77,76,3.0,0.0,1.0,.000,0.0,0.0,0,0.0,1.0,.000,.000,0.0,0.0,0,0.0,0.0,0.0,2.0,0.0,0.0,0.0,0.0,0.0,0,.500,0.0,0.0,0.0,-38,-4
407,2025,Jeff Dowtin,27,PHI,PG,79,77,2.0,0.0,0.5,.000,0.0,0.0,0,0.0,0.5,.000,.000,0.0,0.0,0,0.0,0.0,0.0,0.0,0.0,0.0,0.0,0.0,0.0,0,.200,0.0,0.0,0.0,-40,-21
408,2025,Alex Ducas,24,OKC,SG,80,76,1.8,0.0,0.8,.000,0.0,0.5,.000,0.0,0.3,.000,.000,0.0,0.0,0,0.0,0.0,0.0,0.0,0.0,0.0,0.0,0.0,0.0,0,1.000,0.0,0.0,0.0,-42,-4
409,2025,Kessler Edwards,24,DAL,SF,77,76,1.0,0.0,0.0,0,0.0,0.0,0,0.0,0.0,0,0,0.0,0.0,0,0.0,0.0,0.0,0.0,0.0,0.0,0.0,0.0,0.0,0,.667,0.0,0.0,0.0,-44,-4
410,2025,Johnny Furphy,20,IND,SG,77,76,5.0,0.0,3.0,.000,0.0,1.0,.000,0.0,2.0,.000,.000,0.0,0.0,0,0.0,0.0,0.0,0.0,0.0,0.0,0.0,0.0,0.0,0,.333,0.0,0.0,0.0,-46,-4
411,2025,Jalen Pickett,25,DEN,SG,78,76,2.0,0.0,0.5,.000,0.0,0.5,.000,0.0,0.0,0,.000,0.0,0.0,0,0.0,0.0,0.0,0.0,0.0,0.0,0.0,0.0,0.0,0,.500,0.0,0.0,0.0,-48,+13
412,2025,Luka Garza,26,MIN,PF,77,76,3.0,0.0,1.0,.000,0.0,1.0,.000,0.0,0.0,0,.000,0.0,0.0,0,0.0,1.0,1.0,0.0,0.0,0.0,0.0,0.0,0.0,0,.500,0.0,0.0,0.0,-50,-4
413,2025,Jazian Gortman,21,DAL,PG,77,76,1.0,0.0,0.0,0,0.0,0.0,0,0.0,0.0,0,0,0.0,0.0,0,0.0,0.0,0.0,0.0,0.0,0.0,1.0,0.0,0.0,0,.667,0.0,0.0,0.0,-52,-4
414,2025,Terrence Shannon Jr. ,24,MIN,SG,77,76,3.0,0.0,0.0,0,0.0,0.0,0,0.0,0.0,0,0,0.0,0.0,0,0.0,0.0,0.0,0.0,0.0,0.0,0.0,0.0,0.0,0,.500,0.0,0.0,0.0,-54,+16
415,2025,Jeff Green,38,HOU,PF,77,76,3.0,0.0,0.0,0,0.0,0.0,0,0.0,0.0,0,0,0.0,0.0,0,0.0,0.0,0.0,1.0,0.0,0.0,0.0,1.0,0.0,0,.500,0.0,0.0,0.0,-56,-5
416,2025,Richaun Holmes,31,WAS,PF,78,77,3.0,0.0,1.0,.000,0.0,0.0,0,0.0,1.0,.000,.000,0.0,0.0,0,0.0,0.0,0.0,0.0,0.0,0.0,0.0,0.0,0.0,0,.400,0.0,0.0,0.0,-58,-5
417,2025,Ariel Hukporti,22,NYK,C,81,77,7.3,0.0,0.3,.000,0.0,0.0,0,0.0,0.3,.000,.000,0.0,0.0,0,0.0,1.8,1.8,0.0,0.0,1.0,0.8,1.0,0.0,0,.600,0.0,0.0,0.0,-60,-5
418,2025,Joe Ingles,37,MIN,SF,81,76,5.2,0.0,0.4,.000,0.0,0.4,.000,0.0,0.0,0,.000,0.0,0.0,0,0.4,0.0,0.4,1.6,0.0,0.0,0.2,1.0,0.0,0,.500,0.0,0.0,0.0,-62,-5
419,2025,JD Davison,22,BOS,PG,77,75,4.5,0.0,0.5,.000,0.0,0.5,.000,0.0,0.0,0,.000,0.0,0.0,0,0.0,0.5,0.5,0.5,0.0,0.0,1.5,0.5,0.0,0,.857,0.0,0.0,0.0,-64,-18
420,2025,Daniss Jenkins,23,DET,PG,77,75,2.5,0.0,1.0,.000,0.0,1.0,.000,0.0,0.0,0,.000,0.0,0.0,0,0.0,0.0,0.0,0.0,0.0,0.0,0.0,0.5,0.0,0,.286,0.0,0.0,0.0,-66,-6
421,2025,Isaac Jones,24,SAC,PF,78,76,2.5,0.0,0.5,.000,0.0,0.0,0,0.0,0.5,.000,.000,0.0,0.0,0,0.0,0.0,0.0,0.0,0.0,0.0,0.0,1.0,0.0,0,.500,0.0,0.0,0.0,-68,-5
422,2025,Cam Reddish,25,LAL,SF,77,76,9.0,0.0,1.0,.000,0.0,0.0,0,0.0,1.0,.000,.000,0.0,0.0,0,0.0,1.0,1.0,0.0,0.0,0.0,1.0,0.0,0.0,0,.667,0.0,0.0,0.0,-70,+6
423,2025,Spencer Jones,23,DEN,SF,77,76,2.0,0.0,0.0,0,0.0,0.0,0,0.0,0.0,0,0,0.0,0.0,0,0.0,1.0,1.0,0.0,1.0,0.0,0.0,0.0,0.0,0,.500,0.0,0.0,0.0,-72,-6
424,2025,Lester Quiñones,24,PHI,SG,78,77,3.0,0.0,1.0,.000,0.0,1.0,.000,0.0,0.0,0,.000,0.0,0.0,0,1.0,0.0,1.0,1.0,0.0,0.0,0.0,0.0,0.0,0,.200,0.0,0.0,0.0,-74,+3
425,2025,Yuki Kawamura,23,MEM,PG,80,75,2.2,0.0,0.8,.000,0.0,0.8,.000,0.0,0.0,0,.000,0.0,0.0,0,0.0,0.0,0.0,0.2,0.0,0.0,0.2,0.0,0.0,0,.571,0.0,0.0,0.0,-76,-7
426,2025,Tyrese Martin,25,BRK,SG,77,75,1.5,0.0,0.0,0,0.0,0.0,0,0.0,0.0,0,0,0.0,0.0,0,0.0,0.5,0.5,0.0,0.0,0.0,0.0,0.0,0.0,0,.429,0.0,0.0,0.0,-78,-7
427,2025,Mac McClung,26,ORL,SG,76,75,5.0,0.0,0.0,0,0.0,0.0,0,0.0,0.0,0,0,0.0,0.0,0,0.0,1.0,1.0,2.0,0.0,0.0,0.0,0.0,0.0,0,.429,0.0,0.0,0.0,-80,-7
428,2025,Jordan McLaughlin,28,SAC,PG,80,76,4.3,0.0,0.3,.000,0.0,0.0,0,0.0,0.3,.000,.000,0.0,0.0,0,0.0,0.0,0.0,0.5,0.5,0.0,0.8,0.8,0.0,0,.500,0.0,0.0,0.0,-82,-7
429,2025,Dariq Whitehead,20,BRK,SF,76,75,2.0,0.0,0.0,0,0.0,0.0,0,0.0,0.0,0,0,0.0,0.0,0,0.0,1.0,1.0,0.0,0.0,0.0,2.0,0.0,0.0,0,.429,0.0,0.0,0.0,-84,-7
430,2025,Jaylen Nowell,25,NOP,SG,76,75,4.0,0.0,0.0,0,0.0,0.0,0,0.0,0.0,0,0,0.0,0.0,0,0.0,0.0,0.0,0.0,0.0,0.0,1.0,0.0,0.0,0,.429,0.0,0.0,0.0,-86,n/a
431,2025,Drew Peterson,25,BOS,PF,77,75,3.0,0.0,0.5,.000,0.0,0.5,.000,0.0,0.0,0,.000,0.0,0.0,0,0.0,0.5,0.5,0.0,0.5,1.0,0.5,0.0,0.0,0,.857,0.0,0.0,0.0,-88,-8
432,2025,Oso Ighodaro,22,PHO,PF,80,76,7.5,0.5,0.8,.667,0.0,0.0,0,0.5,0.8,.667,.667,0.0,0.0,0,0.8,1.5,2.3,0.0,0.0,0.3,0.5,1.5,1.0,0,.833,1.25,0.0,0.0,-90,-61
433,2025,Jae'Sean Tate,29,HOU,SF,77,76,2.0,0.0,0.0,0,0.0,0.0,0,0.0,0.0,0,0,0.0,0.0,0,0.0,1.0,1.0,1.0,0.0,0.0,0.0,1.0,0.0,0,.500,0.0,0.0,0.0,=,-30
